WIDTH=16;
DEPTH=19200;

ADDRESS_RADIX=UNS;
DATA_RADIX=UNS;

CONTENT BEGIN
0 : 8485;
1 : 8421;
2 : 8419;
3 : 8452;
4 : 6404;
5 : 8452;
6 : 8420;
7 : 8452;
8 : 8420;
9 : 8420;
10 : 8420;
11 : 8420;
12 : 8420;
13 : 8420;
14 : 8420;
15 : 8452;
16 : 8420;
17 : 8420;
18 : 8452;
19 : 8452;
20 : 8452;
21 : 8452;
22 : 8420;
23 : 8420;
24 : 8420;
25 : 8388;
26 : 8420;
27 : 6372;
28 : 8420;
29 : 8452;
30 : 8452;
31 : 8452;
32 : 8420;
33 : 8420;
34 : 8452;
35 : 8420;
36 : 8420;
37 : 8420;
38 : 8421;
39 : 8452;
40 : 8453;
41 : 8453;
42 : 8421;
43 : 6405;
44 : 8453;
45 : 8421;
46 : 8421;
47 : 8421;
48 : 8420;
49 : 6372;
50 : 8421;
51 : 8421;
52 : 8421;
53 : 8421;
54 : 8421;
55 : 8421;
56 : 8421;
57 : 8420;
58 : 8420;
59 : 8421;
60 : 8421;
61 : 8421;
62 : 8421;
63 : 8421;
64 : 8420;
65 : 8420;
66 : 8420;
67 : 8420;
68 : 8421;
69 : 8420;
70 : 8420;
71 : 8420;
72 : 8420;
73 : 8420;
74 : 8420;
75 : 8420;
76 : 8420;
77 : 8420;
78 : 8420;
79 : 8420;
80 : 8420;
81 : 8420;
82 : 8420;
83 : 8420;
84 : 8420;
85 : 8420;
86 : 8420;
87 : 8420;
88 : 8420;
89 : 8420;
90 : 8420;
91 : 8420;
92 : 8420;
93 : 8420;
94 : 8420;
95 : 8420;
96 : 8420;
97 : 8420;
98 : 8420;
99 : 8452;
100 : 8420;
101 : 8420;
102 : 8452;
103 : 8420;
104 : 8452;
105 : 8420;
106 : 8420;
107 : 8452;
108 : 8420;
109 : 8452;
110 : 8420;
111 : 8420;
112 : 8452;
113 : 8452;
114 : 8420;
115 : 8420;
116 : 8420;
117 : 8420;
118 : 8420;
119 : 8420;
120 : 8420;
121 : 8452;
122 : 8420;
123 : 8420;
124 : 8420;
125 : 8420;
126 : 8420;
127 : 8420;
128 : 8452;
129 : 8452;
130 : 8420;
131 : 8452;
132 : 8420;
133 : 8420;
134 : 8420;
135 : 8420;
136 : 8420;
137 : 8420;
138 : 8420;
139 : 8420;
140 : 8420;
141 : 8420;
142 : 8420;
143 : 8420;
144 : 8452;
145 : 8420;
146 : 8420;
147 : 8420;
148 : 8420;
149 : 8420;
150 : 8420;
151 : 8420;
152 : 8420;
153 : 8420;
154 : 8420;
155 : 8452;
156 : 8420;
157 : 8452;
158 : 8485;
159 : 8486;
160 : 4324;
161 : 4749;
162 : 4781;
163 : 4782;
164 : 4782;
165 : 4781;
166 : 4781;
167 : 4781;
168 : 4781;
169 : 4781;
170 : 4781;
171 : 4781;
172 : 4781;
173 : 4781;
174 : 4781;
175 : 4781;
176 : 4781;
177 : 4781;
178 : 4782;
179 : 4782;
180 : 4782;
181 : 4781;
182 : 6828;
183 : 6828;
184 : 6860;
185 : 11084;
186 : 11051;
187 : 8940;
188 : 4748;
189 : 4781;
190 : 4782;
191 : 4782;
192 : 4782;
193 : 4781;
194 : 4782;
195 : 4782;
196 : 4782;
197 : 4781;
198 : 4679;
199 : 4644;
200 : 6724;
201 : 4643;
202 : 6725;
203 : 6756;
204 : 4707;
205 : 4837;
206 : 4901;
207 : 4932;
208 : 4932;
209 : 4965;
210 : 4965;
211 : 4901;
212 : 4901;
213 : 6981;
214 : 6949;
215 : 4933;
216 : 4933;
217 : 4900;
218 : 4901;
219 : 4901;
220 : 4966;
221 : 4934;
222 : 4966;
223 : 4966;
224 : 7078;
225 : 5030;
226 : 7015;
227 : 6921;
228 : 4781;
229 : 4782;
230 : 4782;
231 : 4782;
232 : 4782;
233 : 4782;
234 : 4782;
235 : 4782;
236 : 4782;
237 : 4782;
238 : 4782;
239 : 4782;
240 : 4782;
241 : 4782;
242 : 4782;
243 : 4782;
244 : 4782;
245 : 4782;
246 : 4750;
247 : 4750;
248 : 4750;
249 : 4750;
250 : 4782;
251 : 4782;
252 : 4781;
253 : 4782;
254 : 4750;
255 : 4782;
256 : 4781;
257 : 4782;
258 : 4782;
259 : 4782;
260 : 4782;
261 : 4782;
262 : 4782;
263 : 4782;
264 : 4782;
265 : 4782;
266 : 4782;
267 : 4782;
268 : 4782;
269 : 4782;
270 : 4782;
271 : 4782;
272 : 4782;
273 : 4782;
274 : 4782;
275 : 4782;
276 : 4782;
277 : 4782;
278 : 4782;
279 : 4782;
280 : 4782;
281 : 4782;
282 : 4782;
283 : 4782;
284 : 4782;
285 : 4782;
286 : 4782;
287 : 4782;
288 : 4782;
289 : 4782;
290 : 4782;
291 : 4782;
292 : 4782;
293 : 4782;
294 : 4782;
295 : 4782;
296 : 4782;
297 : 4782;
298 : 4782;
299 : 4782;
300 : 4782;
301 : 4782;
302 : 4782;
303 : 4782;
304 : 4782;
305 : 4782;
306 : 4782;
307 : 4782;
308 : 4782;
309 : 4782;
310 : 4782;
311 : 4782;
312 : 4782;
313 : 4782;
314 : 4782;
315 : 4781;
316 : 4782;
317 : 6568;
318 : 4258;
319 : 4259;
320 : 164;
321 : 5272;
322 : 1307;
323 : 1306;
324 : 1275;
325 : 1275;
326 : 1275;
327 : 1275;
328 : 1275;
329 : 1275;
330 : 1275;
331 : 1275;
332 : 1275;
333 : 1275;
334 : 1275;
335 : 1275;
336 : 1274;
337 : 1274;
338 : 1275;
339 : 1275;
340 : 3290;
341 : 7480;
342 : 13751;
343 : 13816;
344 : 11767;
345 : 18104;
346 : 18071;
347 : 15895;
348 : 13785;
349 : 9594;
350 : 1242;
351 : 1244;
352 : 1275;
353 : 1275;
354 : 1275;
355 : 1275;
356 : 1275;
357 : 3288;
358 : 971;
359 : 2949;
360 : 3044;
361 : 929;
362 : 3043;
363 : 1059;
364 : 1122;
365 : 3396;
366 : 3557;
367 : 3653;
368 : 3718;
369 : 5799;
370 : 5767;
371 : 3654;
372 : 5702;
373 : 5702;
374 : 5702;
375 : 3654;
376 : 3621;
377 : 3621;
378 : 3622;
379 : 3622;
380 : 5800;
381 : 3817;
382 : 3816;
383 : 3848;
384 : 8041;
385 : 5897;
386 : 3784;
387 : 5709;
388 : 1335;
389 : 1243;
390 : 1243;
391 : 1243;
392 : 1243;
393 : 1243;
394 : 1243;
395 : 1243;
396 : 1243;
397 : 1243;
398 : 1243;
399 : 1243;
400 : 1243;
401 : 1243;
402 : 1243;
403 : 1243;
404 : 1243;
405 : 1243;
406 : 1274;
407 : 1274;
408 : 1275;
409 : 1243;
410 : 1243;
411 : 1243;
412 : 1242;
413 : 1243;
414 : 1243;
415 : 1243;
416 : 1243;
417 : 1275;
418 : 1243;
419 : 1243;
420 : 1243;
421 : 1243;
422 : 1243;
423 : 1243;
424 : 1243;
425 : 1243;
426 : 1243;
427 : 1243;
428 : 1243;
429 : 1243;
430 : 1243;
431 : 1243;
432 : 1243;
433 : 1243;
434 : 1243;
435 : 1275;
436 : 1243;
437 : 1275;
438 : 1243;
439 : 1275;
440 : 1243;
441 : 1243;
442 : 1243;
443 : 1243;
444 : 1243;
445 : 1275;
446 : 1275;
447 : 1275;
448 : 1275;
449 : 1275;
450 : 1275;
451 : 1275;
452 : 1275;
453 : 1275;
454 : 1275;
455 : 1274;
456 : 1274;
457 : 1274;
458 : 1274;
459 : 1274;
460 : 1274;
461 : 1274;
462 : 1275;
463 : 1274;
464 : 1274;
465 : 1274;
466 : 1274;
467 : 1274;
468 : 1274;
469 : 1274;
470 : 1274;
471 : 1274;
472 : 1274;
473 : 1275;
474 : 1275;
475 : 1275;
476 : 3355;
477 : 4717;
478 : 0;
479 : 0;
480 : 196;
481 : 3224;
482 : 1276;
483 : 1274;
484 : 1274;
485 : 1274;
486 : 1274;
487 : 1274;
488 : 1274;
489 : 1274;
490 : 1274;
491 : 1274;
492 : 1274;
493 : 1274;
494 : 1274;
495 : 1274;
496 : 1274;
497 : 1274;
498 : 1274;
499 : 1242;
500 : 5336;
501 : 13653;
502 : 17877;
503 : 17973;
504 : 18038;
505 : 18102;
506 : 18102;
507 : 20086;
508 : 22135;
509 : 13751;
510 : 5401;
511 : 1211;
512 : 1274;
513 : 1274;
514 : 1241;
515 : 1241;
516 : 1241;
517 : 1208;
518 : 3154;
519 : 3050;
520 : 3046;
521 : 931;
522 : 898;
523 : 3107;
524 : 3171;
525 : 1219;
526 : 3428;
527 : 1541;
528 : 3653;
529 : 3719;
530 : 1637;
531 : 1605;
532 : 3653;
533 : 3653;
534 : 3653;
535 : 3653;
536 : 3589;
537 : 3589;
538 : 1638;
539 : 3751;
540 : 3784;
541 : 5864;
542 : 5864;
543 : 9993;
544 : 14186;
545 : 9993;
546 : 7849;
547 : 5642;
548 : 1300;
549 : 1210;
550 : 1242;
551 : 1242;
552 : 1242;
553 : 1242;
554 : 1242;
555 : 1242;
556 : 1242;
557 : 1242;
558 : 1242;
559 : 1242;
560 : 1242;
561 : 1242;
562 : 1242;
563 : 1242;
564 : 1242;
565 : 1242;
566 : 1242;
567 : 1242;
568 : 1242;
569 : 1242;
570 : 1242;
571 : 1242;
572 : 1274;
573 : 1274;
574 : 1242;
575 : 1242;
576 : 1242;
577 : 1242;
578 : 1242;
579 : 1242;
580 : 1242;
581 : 1242;
582 : 1242;
583 : 1242;
584 : 1242;
585 : 1242;
586 : 1242;
587 : 1242;
588 : 1242;
589 : 1242;
590 : 1242;
591 : 1242;
592 : 1242;
593 : 1242;
594 : 1242;
595 : 1242;
596 : 1242;
597 : 1242;
598 : 1242;
599 : 1242;
600 : 1242;
601 : 1242;
602 : 1242;
603 : 1242;
604 : 1242;
605 : 1242;
606 : 1242;
607 : 1242;
608 : 1242;
609 : 1242;
610 : 1242;
611 : 1242;
612 : 1242;
613 : 1242;
614 : 1242;
615 : 1242;
616 : 1242;
617 : 1242;
618 : 1242;
619 : 1242;
620 : 1242;
621 : 1242;
622 : 1274;
623 : 1274;
624 : 1274;
625 : 1274;
626 : 1274;
627 : 1274;
628 : 1274;
629 : 1274;
630 : 1274;
631 : 1274;
632 : 1274;
633 : 1274;
634 : 1274;
635 : 1274;
636 : 1339;
637 : 2669;
638 : 0;
639 : 0;
640 : 164;
641 : 3224;
642 : 1275;
643 : 1306;
644 : 1306;
645 : 1275;
646 : 1275;
647 : 1275;
648 : 1275;
649 : 1275;
650 : 1275;
651 : 1275;
652 : 1275;
653 : 1275;
654 : 1275;
655 : 1275;
656 : 1275;
657 : 1275;
658 : 1274;
659 : 3289;
660 : 9462;
661 : 17747;
662 : 17875;
663 : 17972;
664 : 18069;
665 : 18133;
666 : 18102;
667 : 20117;
668 : 24214;
669 : 24216;
670 : 9593;
671 : 1242;
672 : 1274;
673 : 1275;
674 : 1208;
675 : 1042;
676 : 3153;
677 : 1106;
678 : 5302;
679 : 3250;
680 : 3114;
681 : 3012;
682 : 931;
683 : 3108;
684 : 1059;
685 : 3203;
686 : 5413;
687 : 3461;
688 : 3589;
689 : 3686;
690 : 3653;
691 : 3621;
692 : 3621;
693 : 3653;
694 : 3653;
695 : 3621;
696 : 9830;
697 : 7782;
698 : 5831;
699 : 5832;
700 : 10025;
701 : 9993;
702 : 14187;
703 : 12009;
704 : 14090;
705 : 7816;
706 : 7688;
707 : 1160;
708 : 1203;
709 : 1242;
710 : 1242;
711 : 1242;
712 : 1242;
713 : 1242;
714 : 1242;
715 : 1242;
716 : 1242;
717 : 1242;
718 : 1242;
719 : 1242;
720 : 1274;
721 : 1242;
722 : 1242;
723 : 1242;
724 : 1242;
725 : 1242;
726 : 1242;
727 : 1241;
728 : 1241;
729 : 1241;
730 : 1241;
731 : 1242;
732 : 1274;
733 : 1274;
734 : 1274;
735 : 1242;
736 : 1242;
737 : 1242;
738 : 1274;
739 : 1274;
740 : 1274;
741 : 1274;
742 : 1274;
743 : 1274;
744 : 1274;
745 : 1242;
746 : 1242;
747 : 1242;
748 : 1274;
749 : 1274;
750 : 1274;
751 : 1274;
752 : 1274;
753 : 1274;
754 : 1274;
755 : 1274;
756 : 1274;
757 : 1274;
758 : 1274;
759 : 1274;
760 : 1274;
761 : 1274;
762 : 1242;
763 : 1242;
764 : 1274;
765 : 1274;
766 : 1274;
767 : 1274;
768 : 1274;
769 : 1274;
770 : 1274;
771 : 1274;
772 : 1274;
773 : 1274;
774 : 1274;
775 : 1274;
776 : 1274;
777 : 1274;
778 : 1274;
779 : 1274;
780 : 1274;
781 : 1274;
782 : 1274;
783 : 1274;
784 : 1274;
785 : 1274;
786 : 1274;
787 : 1274;
788 : 1274;
789 : 1274;
790 : 1274;
791 : 1274;
792 : 1274;
793 : 1274;
794 : 1274;
795 : 1274;
796 : 1338;
797 : 4717;
798 : 0;
799 : 0;
800 : 197;
801 : 3256;
802 : 1275;
803 : 1307;
804 : 1307;
805 : 1275;
806 : 1275;
807 : 1275;
808 : 1275;
809 : 1275;
810 : 1275;
811 : 1275;
812 : 1275;
813 : 1275;
814 : 1275;
815 : 1275;
816 : 1275;
817 : 1275;
818 : 1274;
819 : 3320;
820 : 13524;
821 : 19794;
822 : 17874;
823 : 15892;
824 : 18005;
825 : 18069;
826 : 18102;
827 : 20150;
828 : 22198;
829 : 24249;
830 : 7513;
831 : 1241;
832 : 1306;
833 : 1276;
834 : 3222;
835 : 809;
836 : 741;
837 : 2823;
838 : 2956;
839 : 3087;
840 : 5197;
841 : 2980;
842 : 2946;
843 : 3011;
844 : 3075;
845 : 3204;
846 : 1155;
847 : 3332;
848 : 5573;
849 : 5734;
850 : 3621;
851 : 3589;
852 : 3621;
853 : 3621;
854 : 3653;
855 : 3621;
856 : 11944;
857 : 16137;
858 : 9960;
859 : 9960;
860 : 16170;
861 : 20364;
862 : 14058;
863 : 11978;
864 : 3623;
865 : 5577;
866 : 5420;
867 : 1135;
868 : 3316;
869 : 1303;
870 : 1274;
871 : 1274;
872 : 1274;
873 : 1274;
874 : 1274;
875 : 1274;
876 : 1274;
877 : 1274;
878 : 1274;
879 : 1274;
880 : 1274;
881 : 1274;
882 : 1274;
883 : 1274;
884 : 1274;
885 : 1241;
886 : 3352;
887 : 5399;
888 : 9624;
889 : 9624;
890 : 5400;
891 : 3321;
892 : 1274;
893 : 1275;
894 : 1274;
895 : 1274;
896 : 1274;
897 : 1274;
898 : 1274;
899 : 1274;
900 : 1274;
901 : 1274;
902 : 1274;
903 : 1274;
904 : 1274;
905 : 1274;
906 : 1274;
907 : 1274;
908 : 1274;
909 : 1274;
910 : 1274;
911 : 1274;
912 : 1274;
913 : 1274;
914 : 1274;
915 : 1274;
916 : 1274;
917 : 1274;
918 : 1274;
919 : 1274;
920 : 1274;
921 : 1274;
922 : 1274;
923 : 1274;
924 : 1274;
925 : 1274;
926 : 1274;
927 : 1274;
928 : 1274;
929 : 1274;
930 : 1274;
931 : 1274;
932 : 1274;
933 : 1274;
934 : 1274;
935 : 1274;
936 : 1274;
937 : 1274;
938 : 1274;
939 : 1274;
940 : 1274;
941 : 1274;
942 : 1274;
943 : 1274;
944 : 1274;
945 : 1274;
946 : 1274;
947 : 1274;
948 : 1274;
949 : 1274;
950 : 1274;
951 : 1274;
952 : 1274;
953 : 1274;
954 : 1274;
955 : 1274;
956 : 1338;
957 : 4717;
958 : 0;
959 : 0;
960 : 2212;
961 : 3256;
962 : 1307;
963 : 1307;
964 : 1275;
965 : 1307;
966 : 1307;
967 : 1307;
968 : 1307;
969 : 1307;
970 : 1307;
971 : 1307;
972 : 1307;
973 : 1307;
974 : 1307;
975 : 1307;
976 : 1307;
977 : 1274;
978 : 5335;
979 : 9396;
980 : 15538;
981 : 17681;
982 : 17842;
983 : 15859;
984 : 15956;
985 : 15988;
986 : 18069;
987 : 22263;
988 : 24311;
989 : 24248;
990 : 13751;
991 : 9591;
992 : 3385;
993 : 3323;
994 : 3221;
995 : 774;
996 : 673;
997 : 2721;
998 : 2755;
999 : 2854;
1000 : 837;
1001 : 2883;
1002 : 2915;
1003 : 834;
1004 : 898;
1005 : 3171;
1006 : 5381;
1007 : 3365;
1008 : 3461;
1009 : 5638;
1010 : 3557;
1011 : 3589;
1012 : 3621;
1013 : 3589;
1014 : 3621;
1015 : 3589;
1016 : 7751;
1017 : 14057;
1018 : 12007;
1019 : 9960;
1020 : 7847;
1021 : 14090;
1022 : 5574;
1023 : 5510;
1024 : 3365;
1025 : 1158;
1026 : 3244;
1027 : 3247;
1028 : 3279;
1029 : 3377;
1030 : 1303;
1031 : 1306;
1032 : 1275;
1033 : 1274;
1034 : 1274;
1035 : 1274;
1036 : 1274;
1037 : 1274;
1038 : 1274;
1039 : 1274;
1040 : 1274;
1041 : 1274;
1042 : 1274;
1043 : 1274;
1044 : 3321;
1045 : 9527;
1046 : 13783;
1047 : 13847;
1048 : 18040;
1049 : 18039;
1050 : 17976;
1051 : 7511;
1052 : 1273;
1053 : 1275;
1054 : 1274;
1055 : 1274;
1056 : 1274;
1057 : 1274;
1058 : 1274;
1059 : 1274;
1060 : 1274;
1061 : 1274;
1062 : 1274;
1063 : 1274;
1064 : 1274;
1065 : 1274;
1066 : 1274;
1067 : 1274;
1068 : 1274;
1069 : 1274;
1070 : 1274;
1071 : 1274;
1072 : 1274;
1073 : 1274;
1074 : 1274;
1075 : 1274;
1076 : 1274;
1077 : 1274;
1078 : 1274;
1079 : 1274;
1080 : 1274;
1081 : 1274;
1082 : 1274;
1083 : 1274;
1084 : 1274;
1085 : 1274;
1086 : 1274;
1087 : 1274;
1088 : 1274;
1089 : 1274;
1090 : 1274;
1091 : 1274;
1092 : 1274;
1093 : 1274;
1094 : 1306;
1095 : 1274;
1096 : 1274;
1097 : 1274;
1098 : 1274;
1099 : 1274;
1100 : 1274;
1101 : 1274;
1102 : 1274;
1103 : 1306;
1104 : 1306;
1105 : 1306;
1106 : 1306;
1107 : 1306;
1108 : 1306;
1109 : 1306;
1110 : 1306;
1111 : 1306;
1112 : 1306;
1113 : 1306;
1114 : 1306;
1115 : 1307;
1116 : 1339;
1117 : 4749;
1118 : 0;
1119 : 0;
1120 : 196;
1121 : 3256;
1122 : 1339;
1123 : 1338;
1124 : 1307;
1125 : 1307;
1126 : 1307;
1127 : 1307;
1128 : 1307;
1129 : 1307;
1130 : 1307;
1131 : 1307;
1132 : 1307;
1133 : 1307;
1134 : 1307;
1135 : 1307;
1136 : 1306;
1137 : 5335;
1138 : 11443;
1139 : 15505;
1140 : 15536;
1141 : 15633;
1142 : 15762;
1143 : 15858;
1144 : 15988;
1145 : 16021;
1146 : 16021;
1147 : 22263;
1148 : 24279;
1149 : 24279;
1150 : 20086;
1151 : 15861;
1152 : 11605;
1153 : 3088;
1154 : 5134;
1155 : 2886;
1156 : 2818;
1157 : 4898;
1158 : 4899;
1159 : 2915;
1160 : 2851;
1161 : 2851;
1162 : 2850;
1163 : 802;
1164 : 2947;
1165 : 995;
1166 : 3140;
1167 : 1124;
1168 : 1187;
1169 : 5477;
1170 : 3429;
1171 : 3493;
1172 : 3493;
1173 : 3493;
1174 : 5606;
1175 : 3461;
1176 : 5639;
1177 : 7783;
1178 : 5734;
1179 : 5767;
1180 : 5734;
1181 : 3622;
1182 : 3493;
1183 : 3461;
1184 : 3397;
1185 : 5382;
1186 : 5320;
1187 : 3242;
1188 : 7435;
1189 : 3307;
1190 : 3377;
1191 : 1303;
1192 : 1274;
1193 : 1274;
1194 : 1275;
1195 : 1275;
1196 : 1275;
1197 : 1274;
1198 : 1274;
1199 : 1274;
1200 : 1275;
1201 : 1274;
1202 : 1274;
1203 : 1274;
1204 : 5399;
1205 : 13717;
1206 : 17941;
1207 : 18038;
1208 : 20150;
1209 : 20118;
1210 : 22134;
1211 : 15929;
1212 : 3386;
1213 : 1275;
1214 : 1306;
1215 : 1274;
1216 : 1274;
1217 : 1274;
1218 : 1274;
1219 : 1274;
1220 : 1274;
1221 : 1274;
1222 : 1274;
1223 : 1274;
1224 : 1274;
1225 : 1274;
1226 : 1274;
1227 : 1274;
1228 : 1274;
1229 : 1274;
1230 : 1274;
1231 : 1274;
1232 : 1274;
1233 : 1274;
1234 : 1274;
1235 : 1274;
1236 : 1274;
1237 : 1274;
1238 : 1274;
1239 : 1274;
1240 : 1274;
1241 : 1274;
1242 : 1274;
1243 : 1306;
1244 : 1306;
1245 : 1306;
1246 : 1306;
1247 : 1306;
1248 : 1307;
1249 : 1307;
1250 : 1306;
1251 : 1306;
1252 : 1306;
1253 : 1306;
1254 : 1306;
1255 : 1307;
1256 : 1307;
1257 : 1307;
1258 : 1307;
1259 : 1307;
1260 : 1307;
1261 : 1307;
1262 : 1307;
1263 : 1307;
1264 : 1307;
1265 : 1307;
1266 : 1307;
1267 : 1307;
1268 : 1307;
1269 : 1307;
1270 : 1307;
1271 : 1307;
1272 : 1307;
1273 : 1307;
1274 : 1307;
1275 : 1307;
1276 : 1371;
1277 : 4749;
1278 : 0;
1279 : 0;
1280 : 196;
1281 : 3289;
1282 : 1340;
1283 : 1339;
1284 : 1339;
1285 : 1339;
1286 : 1339;
1287 : 1307;
1288 : 1307;
1289 : 1307;
1290 : 1307;
1291 : 1307;
1292 : 1307;
1293 : 1307;
1294 : 1307;
1295 : 1339;
1296 : 5368;
1297 : 11443;
1298 : 15504;
1299 : 17648;
1300 : 17713;
1301 : 15697;
1302 : 13713;
1303 : 15891;
1304 : 15988;
1305 : 13972;
1306 : 15988;
1307 : 18069;
1308 : 20118;
1309 : 18037;
1310 : 15956;
1311 : 17810;
1312 : 9226;
1313 : 707;
1314 : 2756;
1315 : 2787;
1316 : 4963;
1317 : 4962;
1318 : 2883;
1319 : 2915;
1320 : 2915;
1321 : 802;
1322 : 2915;
1323 : 2883;
1324 : 2882;
1325 : 2915;
1326 : 2979;
1327 : 963;
1328 : 1059;
1329 : 5349;
1330 : 5446;
1331 : 3429;
1332 : 3430;
1333 : 3398;
1334 : 5446;
1335 : 5445;
1336 : 5639;
1337 : 3688;
1338 : 3687;
1339 : 3590;
1340 : 5607;
1341 : 1445;
1342 : 5638;
1343 : 7719;
1344 : 5509;
1345 : 5382;
1346 : 5286;
1347 : 5255;
1348 : 5287;
1349 : 5320;
1350 : 3308;
1351 : 3351;
1352 : 1307;
1353 : 1306;
1354 : 1275;
1355 : 1275;
1356 : 1307;
1357 : 1307;
1358 : 1307;
1359 : 1307;
1360 : 1275;
1361 : 1307;
1362 : 1307;
1363 : 3354;
1364 : 9493;
1365 : 15763;
1366 : 17907;
1367 : 18036;
1368 : 20181;
1369 : 20149;
1370 : 22229;
1371 : 20089;
1372 : 5401;
1373 : 1307;
1374 : 1339;
1375 : 1307;
1376 : 1307;
1377 : 1307;
1378 : 1307;
1379 : 1307;
1380 : 1307;
1381 : 1307;
1382 : 1307;
1383 : 1307;
1384 : 1307;
1385 : 1307;
1386 : 1307;
1387 : 1307;
1388 : 1307;
1389 : 1307;
1390 : 1307;
1391 : 1307;
1392 : 1307;
1393 : 1307;
1394 : 1307;
1395 : 1307;
1396 : 1307;
1397 : 1307;
1398 : 1307;
1399 : 1307;
1400 : 1307;
1401 : 1307;
1402 : 1307;
1403 : 1307;
1404 : 1307;
1405 : 1307;
1406 : 1307;
1407 : 1307;
1408 : 1307;
1409 : 1307;
1410 : 1307;
1411 : 1307;
1412 : 1307;
1413 : 1307;
1414 : 1307;
1415 : 1307;
1416 : 1307;
1417 : 1307;
1418 : 1307;
1419 : 1307;
1420 : 1307;
1421 : 1307;
1422 : 1307;
1423 : 1307;
1424 : 1307;
1425 : 1307;
1426 : 1307;
1427 : 1307;
1428 : 1307;
1429 : 1307;
1430 : 1307;
1431 : 1307;
1432 : 1307;
1433 : 1307;
1434 : 1307;
1435 : 1307;
1436 : 1371;
1437 : 4749;
1438 : 0;
1439 : 0;
1440 : 196;
1441 : 5337;
1442 : 1341;
1443 : 1340;
1444 : 1339;
1445 : 1339;
1446 : 1339;
1447 : 1339;
1448 : 1339;
1449 : 1339;
1450 : 1339;
1451 : 1339;
1452 : 1339;
1453 : 1340;
1454 : 1340;
1455 : 1339;
1456 : 7382;
1457 : 15537;
1458 : 17583;
1459 : 17680;
1460 : 15665;
1461 : 15729;
1462 : 15793;
1463 : 13842;
1464 : 15987;
1465 : 13939;
1466 : 13939;
1467 : 15956;
1468 : 18037;
1469 : 15989;
1470 : 18004;
1471 : 11373;
1472 : 4739;
1473 : 4737;
1474 : 4738;
1475 : 4834;
1476 : 2915;
1477 : 2947;
1478 : 867;
1479 : 2946;
1480 : 2915;
1481 : 2915;
1482 : 5093;
1483 : 5060;
1484 : 2883;
1485 : 2882;
1486 : 866;
1487 : 3076;
1488 : 3204;
1489 : 3301;
1490 : 5511;
1491 : 5543;
1492 : 5543;
1493 : 5510;
1494 : 5510;
1495 : 5510;
1496 : 3463;
1497 : 3527;
1498 : 5671;
1499 : 5575;
1500 : 7656;
1501 : 5575;
1502 : 5671;
1503 : 5575;
1504 : 5478;
1505 : 5319;
1506 : 5287;
1507 : 5254;
1508 : 7335;
1509 : 7400;
1510 : 5356;
1511 : 3351;
1512 : 1307;
1513 : 1307;
1514 : 1307;
1515 : 1307;
1516 : 1339;
1517 : 1339;
1518 : 1339;
1519 : 1339;
1520 : 1307;
1521 : 1308;
1522 : 1307;
1523 : 5367;
1524 : 13523;
1525 : 17778;
1526 : 17907;
1527 : 15956;
1528 : 18068;
1529 : 20182;
1530 : 24343;
1531 : 20087;
1532 : 11672;
1533 : 5432;
1534 : 1307;
1535 : 1339;
1536 : 1339;
1537 : 1307;
1538 : 1339;
1539 : 1339;
1540 : 1307;
1541 : 1307;
1542 : 1307;
1543 : 1307;
1544 : 1307;
1545 : 1307;
1546 : 1307;
1547 : 1307;
1548 : 1307;
1549 : 1307;
1550 : 1307;
1551 : 1307;
1552 : 1307;
1553 : 1307;
1554 : 1307;
1555 : 1307;
1556 : 1307;
1557 : 1307;
1558 : 1307;
1559 : 1307;
1560 : 1307;
1561 : 1307;
1562 : 1307;
1563 : 1307;
1564 : 1307;
1565 : 1307;
1566 : 1307;
1567 : 1307;
1568 : 1307;
1569 : 1307;
1570 : 1307;
1571 : 1339;
1572 : 1339;
1573 : 1339;
1574 : 1307;
1575 : 1339;
1576 : 1339;
1577 : 1339;
1578 : 1339;
1579 : 1339;
1580 : 1339;
1581 : 1339;
1582 : 1339;
1583 : 1339;
1584 : 1339;
1585 : 1339;
1586 : 1339;
1587 : 1339;
1588 : 1339;
1589 : 1339;
1590 : 1339;
1591 : 1339;
1592 : 1339;
1593 : 1339;
1594 : 1339;
1595 : 1340;
1596 : 1372;
1597 : 4750;
1598 : 0;
1599 : 0;
1600 : 2244;
1601 : 5336;
1602 : 1340;
1603 : 1340;
1604 : 1339;
1605 : 1339;
1606 : 1339;
1607 : 1339;
1608 : 1339;
1609 : 1339;
1610 : 1371;
1611 : 1339;
1612 : 1339;
1613 : 1372;
1614 : 1372;
1615 : 3385;
1616 : 9395;
1617 : 15568;
1618 : 15567;
1619 : 15632;
1620 : 15665;
1621 : 15761;
1622 : 15826;
1623 : 13842;
1624 : 13906;
1625 : 13906;
1626 : 13874;
1627 : 13842;
1628 : 15955;
1629 : 15956;
1630 : 18004;
1631 : 13453;
1632 : 4674;
1633 : 4674;
1634 : 4706;
1635 : 4834;
1636 : 2883;
1637 : 2947;
1638 : 899;
1639 : 2947;
1640 : 2947;
1641 : 867;
1642 : 2980;
1643 : 2980;
1644 : 5060;
1645 : 866;
1646 : 930;
1647 : 3205;
1648 : 5446;
1649 : 5511;
1650 : 5543;
1651 : 5607;
1652 : 5606;
1653 : 5575;
1654 : 5607;
1655 : 5575;
1656 : 3431;
1657 : 5446;
1658 : 7559;
1659 : 5511;
1660 : 5511;
1661 : 5543;
1662 : 5607;
1663 : 3398;
1664 : 3334;
1665 : 5351;
1666 : 5350;
1667 : 3301;
1668 : 3205;
1669 : 1189;
1670 : 1257;
1671 : 1360;
1672 : 1335;
1673 : 1307;
1674 : 1308;
1675 : 1308;
1676 : 1308;
1677 : 1307;
1678 : 1307;
1679 : 1308;
1680 : 1339;
1681 : 1307;
1682 : 5336;
1683 : 9395;
1684 : 13489;
1685 : 15698;
1686 : 15859;
1687 : 15956;
1688 : 15989;
1689 : 20150;
1690 : 22231;
1691 : 22199;
1692 : 15893;
1693 : 11735;
1694 : 3353;
1695 : 1307;
1696 : 1339;
1697 : 1307;
1698 : 1339;
1699 : 1339;
1700 : 1339;
1701 : 1339;
1702 : 1339;
1703 : 1339;
1704 : 1339;
1705 : 1339;
1706 : 1339;
1707 : 1339;
1708 : 1339;
1709 : 1339;
1710 : 1339;
1711 : 1339;
1712 : 1339;
1713 : 1339;
1714 : 1339;
1715 : 1339;
1716 : 1339;
1717 : 1339;
1718 : 1339;
1719 : 1339;
1720 : 1339;
1721 : 1339;
1722 : 1339;
1723 : 1339;
1724 : 1339;
1725 : 1339;
1726 : 1339;
1727 : 1339;
1728 : 1339;
1729 : 1339;
1730 : 1339;
1731 : 1339;
1732 : 1339;
1733 : 1339;
1734 : 1339;
1735 : 1339;
1736 : 1339;
1737 : 1339;
1738 : 1339;
1739 : 1339;
1740 : 1339;
1741 : 1339;
1742 : 1339;
1743 : 1339;
1744 : 1339;
1745 : 1371;
1746 : 1371;
1747 : 1371;
1748 : 1371;
1749 : 1371;
1750 : 1371;
1751 : 1371;
1752 : 1371;
1753 : 1371;
1754 : 1371;
1755 : 1371;
1756 : 1404;
1757 : 4781;
1758 : 0;
1759 : 0;
1760 : 2243;
1761 : 7447;
1762 : 1370;
1763 : 1371;
1764 : 1371;
1765 : 1371;
1766 : 1371;
1767 : 1371;
1768 : 1371;
1769 : 1371;
1770 : 1339;
1771 : 1371;
1772 : 1339;
1773 : 1339;
1774 : 1339;
1775 : 7350;
1776 : 11408;
1777 : 15599;
1778 : 13519;
1779 : 15600;
1780 : 13584;
1781 : 13648;
1782 : 15826;
1783 : 13841;
1784 : 13905;
1785 : 13906;
1786 : 13874;
1787 : 13874;
1788 : 15988;
1789 : 16085;
1790 : 20149;
1791 : 9259;
1792 : 2659;
1793 : 4706;
1794 : 4674;
1795 : 2722;
1796 : 2851;
1797 : 2947;
1798 : 2979;
1799 : 2947;
1800 : 2915;
1801 : 2915;
1802 : 2882;
1803 : 4995;
1804 : 5125;
1805 : 5092;
1806 : 5221;
1807 : 7430;
1808 : 5479;
1809 : 5543;
1810 : 5543;
1811 : 5575;
1812 : 5575;
1813 : 5575;
1814 : 5575;
1815 : 5543;
1816 : 5480;
1817 : 5447;
1818 : 5447;
1819 : 5479;
1820 : 5479;
1821 : 5479;
1822 : 5479;
1823 : 3430;
1824 : 5479;
1825 : 5478;
1826 : 5543;
1827 : 3495;
1828 : 3463;
1829 : 3495;
1830 : 3527;
1831 : 3561;
1832 : 1459;
1833 : 1339;
1834 : 1340;
1835 : 1339;
1836 : 3386;
1837 : 5465;
1838 : 3385;
1839 : 1339;
1840 : 1339;
1841 : 5401;
1842 : 11444;
1843 : 15569;
1844 : 15665;
1845 : 15729;
1846 : 15891;
1847 : 16020;
1848 : 16020;
1849 : 18037;
1850 : 18069;
1851 : 15924;
1852 : 15956;
1853 : 15925;
1854 : 7511;
1855 : 1339;
1856 : 1339;
1857 : 1339;
1858 : 1339;
1859 : 1339;
1860 : 1339;
1861 : 1339;
1862 : 1339;
1863 : 1339;
1864 : 1339;
1865 : 1339;
1866 : 1339;
1867 : 1339;
1868 : 1339;
1869 : 1339;
1870 : 1339;
1871 : 1339;
1872 : 1339;
1873 : 1339;
1874 : 1339;
1875 : 1371;
1876 : 1371;
1877 : 1371;
1878 : 1371;
1879 : 1371;
1880 : 1371;
1881 : 1371;
1882 : 1371;
1883 : 1371;
1884 : 1371;
1885 : 1371;
1886 : 1371;
1887 : 1339;
1888 : 1371;
1889 : 1371;
1890 : 1339;
1891 : 1371;
1892 : 1371;
1893 : 1371;
1894 : 1371;
1895 : 1371;
1896 : 1371;
1897 : 1371;
1898 : 1371;
1899 : 1371;
1900 : 1371;
1901 : 1371;
1902 : 1371;
1903 : 1371;
1904 : 1371;
1905 : 1371;
1906 : 1371;
1907 : 1371;
1908 : 1371;
1909 : 1371;
1910 : 1371;
1911 : 1371;
1912 : 1371;
1913 : 1371;
1914 : 1371;
1915 : 1371;
1916 : 1403;
1917 : 4781;
1918 : 0;
1919 : 0;
1920 : 4323;
1921 : 13750;
1922 : 3481;
1923 : 1371;
1924 : 1371;
1925 : 1371;
1926 : 1371;
1927 : 1371;
1928 : 1371;
1929 : 1371;
1930 : 3418;
1931 : 5465;
1932 : 3417;
1933 : 3418;
1934 : 5433;
1935 : 9298;
1936 : 13390;
1937 : 15567;
1938 : 13551;
1939 : 13487;
1940 : 13584;
1941 : 13616;
1942 : 13712;
1943 : 13809;
1944 : 13873;
1945 : 15987;
1946 : 15986;
1947 : 13939;
1948 : 14004;
1949 : 16052;
1950 : 18068;
1951 : 19953;
1952 : 13355;
1953 : 6821;
1954 : 4675;
1955 : 4770;
1956 : 4867;
1957 : 2915;
1958 : 2947;
1959 : 2947;
1960 : 2915;
1961 : 4931;
1962 : 2850;
1963 : 4995;
1964 : 5028;
1965 : 867;
1966 : 3076;
1967 : 7430;
1968 : 7527;
1969 : 5543;
1970 : 5544;
1971 : 5543;
1972 : 5543;
1973 : 5543;
1974 : 5543;
1975 : 5511;
1976 : 5479;
1977 : 5479;
1978 : 5479;
1979 : 5447;
1980 : 5479;
1981 : 5511;
1982 : 5543;
1983 : 3494;
1984 : 3527;
1985 : 5607;
1986 : 3623;
1987 : 3688;
1988 : 3656;
1989 : 3624;
1990 : 5736;
1991 : 5735;
1992 : 3566;
1993 : 1369;
1994 : 1340;
1995 : 7610;
1996 : 15930;
1997 : 18009;
1998 : 15929;
1999 : 9690;
2000 : 3386;
2001 : 7414;
2002 : 13489;
2003 : 17648;
2004 : 15697;
2005 : 15761;
2006 : 15890;
2007 : 13939;
2008 : 15987;
2009 : 13875;
2010 : 15955;
2011 : 15956;
2012 : 15989;
2013 : 18037;
2014 : 11702;
2015 : 3385;
2016 : 1372;
2017 : 1371;
2018 : 1371;
2019 : 1371;
2020 : 1371;
2021 : 1371;
2022 : 1371;
2023 : 1371;
2024 : 1371;
2025 : 1371;
2026 : 1371;
2027 : 1372;
2028 : 1371;
2029 : 1371;
2030 : 1371;
2031 : 1371;
2032 : 1371;
2033 : 1371;
2034 : 1371;
2035 : 1371;
2036 : 1371;
2037 : 1371;
2038 : 1371;
2039 : 1371;
2040 : 1371;
2041 : 1371;
2042 : 1371;
2043 : 1371;
2044 : 1371;
2045 : 1371;
2046 : 1371;
2047 : 1371;
2048 : 1371;
2049 : 1371;
2050 : 1371;
2051 : 1371;
2052 : 1371;
2053 : 1371;
2054 : 1371;
2055 : 1371;
2056 : 1371;
2057 : 1371;
2058 : 1403;
2059 : 1403;
2060 : 1403;
2061 : 1403;
2062 : 1371;
2063 : 1371;
2064 : 1371;
2065 : 1371;
2066 : 1403;
2067 : 1403;
2068 : 1403;
2069 : 1403;
2070 : 1371;
2071 : 1371;
2072 : 1371;
2073 : 1371;
2074 : 1371;
2075 : 1403;
2076 : 1435;
2077 : 4781;
2078 : 0;
2079 : 0;
2080 : 4322;
2081 : 22069;
2082 : 11800;
2083 : 3385;
2084 : 1371;
2085 : 1403;
2086 : 1404;
2087 : 1371;
2088 : 3418;
2089 : 5432;
2090 : 9558;
2091 : 13685;
2092 : 11669;
2093 : 11671;
2094 : 11540;
2095 : 13360;
2096 : 13293;
2097 : 13422;
2098 : 13519;
2099 : 13519;
2100 : 13584;
2101 : 13615;
2102 : 13680;
2103 : 11696;
2104 : 13841;
2105 : 15987;
2106 : 20180;
2107 : 18131;
2108 : 18132;
2109 : 20116;
2110 : 9389;
2111 : 11338;
2112 : 11241;
2113 : 11177;
2114 : 8966;
2115 : 2626;
2116 : 4802;
2117 : 2883;
2118 : 2915;
2119 : 2915;
2120 : 2915;
2121 : 2883;
2122 : 2818;
2123 : 2851;
2124 : 4963;
2125 : 2915;
2126 : 3011;
2127 : 5318;
2128 : 5446;
2129 : 5543;
2130 : 5575;
2131 : 5511;
2132 : 5511;
2133 : 7559;
2134 : 5512;
2135 : 5511;
2136 : 5511;
2137 : 5543;
2138 : 5511;
2139 : 5511;
2140 : 5511;
2141 : 3462;
2142 : 3526;
2143 : 3526;
2144 : 3559;
2145 : 5769;
2146 : 3688;
2147 : 3720;
2148 : 3687;
2149 : 3623;
2150 : 3654;
2151 : 7783;
2152 : 9900;
2153 : 1396;
2154 : 3385;
2155 : 17977;
2156 : 24247;
2157 : 24215;
2158 : 26328;
2159 : 22202;
2160 : 9592;
2161 : 9395;
2162 : 13488;
2163 : 15632;
2164 : 15697;
2165 : 15794;
2166 : 15890;
2167 : 13906;
2168 : 13906;
2169 : 13842;
2170 : 15955;
2171 : 16020;
2172 : 18134;
2173 : 22262;
2174 : 15958;
2175 : 3416;
2176 : 1371;
2177 : 1371;
2178 : 1371;
2179 : 1371;
2180 : 1371;
2181 : 1371;
2182 : 1371;
2183 : 1371;
2184 : 1371;
2185 : 1371;
2186 : 1371;
2187 : 1371;
2188 : 1371;
2189 : 1371;
2190 : 1371;
2191 : 1371;
2192 : 1371;
2193 : 1371;
2194 : 1371;
2195 : 1371;
2196 : 1371;
2197 : 1371;
2198 : 1371;
2199 : 1371;
2200 : 1371;
2201 : 1371;
2202 : 1371;
2203 : 1371;
2204 : 1371;
2205 : 1371;
2206 : 1371;
2207 : 1371;
2208 : 1371;
2209 : 1403;
2210 : 1403;
2211 : 1371;
2212 : 1371;
2213 : 1371;
2214 : 1371;
2215 : 1371;
2216 : 1371;
2217 : 1371;
2218 : 1371;
2219 : 1371;
2220 : 1371;
2221 : 1371;
2222 : 1371;
2223 : 1371;
2224 : 1371;
2225 : 1403;
2226 : 1403;
2227 : 1403;
2228 : 1403;
2229 : 1403;
2230 : 1403;
2231 : 1403;
2232 : 1403;
2233 : 1403;
2234 : 1403;
2235 : 1371;
2236 : 1436;
2237 : 4781;
2238 : 0;
2239 : 0;
2240 : 4322;
2241 : 24116;
2242 : 18038;
2243 : 11703;
2244 : 5498;
2245 : 1404;
2246 : 1404;
2247 : 3451;
2248 : 5464;
2249 : 9525;
2250 : 13587;
2251 : 17746;
2252 : 17811;
2253 : 17812;
2254 : 13391;
2255 : 11181;
2256 : 13261;
2257 : 11310;
2258 : 11407;
2259 : 13487;
2260 : 13519;
2261 : 13551;
2262 : 11567;
2263 : 9551;
2264 : 11729;
2265 : 15954;
2266 : 18066;
2267 : 18099;
2268 : 18099;
2269 : 22131;
2270 : 13354;
2271 : 2627;
2272 : 4675;
2273 : 11014;
2274 : 8901;
2275 : 4738;
2276 : 4802;
2277 : 2818;
2278 : 2883;
2279 : 2883;
2280 : 2851;
2281 : 2818;
2282 : 2819;
2283 : 2786;
2284 : 4964;
2285 : 7076;
2286 : 3011;
2287 : 5253;
2288 : 5349;
2289 : 7559;
2290 : 5543;
2291 : 5543;
2292 : 5511;
2293 : 5511;
2294 : 7559;
2295 : 5543;
2296 : 5543;
2297 : 5511;
2298 : 5479;
2299 : 5511;
2300 : 5511;
2301 : 5479;
2302 : 5543;
2303 : 3558;
2304 : 1510;
2305 : 3688;
2306 : 3720;
2307 : 3785;
2308 : 3720;
2309 : 9897;
2310 : 14057;
2311 : 5671;
2312 : 7688;
2313 : 5454;
2314 : 9622;
2315 : 20088;
2316 : 22166;
2317 : 24214;
2318 : 26327;
2319 : 28377;
2320 : 17781;
2321 : 11376;
2322 : 15568;
2323 : 13552;
2324 : 13584;
2325 : 11664;
2326 : 13809;
2327 : 13906;
2328 : 13938;
2329 : 15987;
2330 : 16020;
2331 : 18165;
2332 : 18133;
2333 : 20181;
2334 : 20119;
2335 : 5495;
2336 : 1403;
2337 : 1403;
2338 : 1403;
2339 : 1403;
2340 : 1404;
2341 : 1404;
2342 : 1404;
2343 : 1403;
2344 : 1403;
2345 : 1403;
2346 : 1403;
2347 : 1403;
2348 : 1403;
2349 : 1403;
2350 : 1403;
2351 : 1403;
2352 : 1403;
2353 : 1403;
2354 : 1403;
2355 : 1403;
2356 : 1403;
2357 : 1403;
2358 : 1403;
2359 : 1403;
2360 : 1403;
2361 : 1403;
2362 : 1403;
2363 : 1403;
2364 : 1403;
2365 : 1403;
2366 : 1403;
2367 : 1403;
2368 : 1403;
2369 : 1403;
2370 : 1403;
2371 : 1403;
2372 : 1403;
2373 : 1403;
2374 : 1403;
2375 : 1403;
2376 : 1403;
2377 : 1403;
2378 : 1403;
2379 : 1403;
2380 : 1403;
2381 : 1403;
2382 : 1403;
2383 : 1403;
2384 : 1403;
2385 : 1403;
2386 : 1403;
2387 : 1403;
2388 : 1403;
2389 : 1403;
2390 : 1403;
2391 : 1403;
2392 : 1403;
2393 : 1403;
2394 : 1403;
2395 : 1404;
2396 : 1436;
2397 : 4782;
2398 : 0;
2399 : 0;
2400 : 2274;
2401 : 23986;
2402 : 17874;
2403 : 15796;
2404 : 11671;
2405 : 7545;
2406 : 5497;
2407 : 5464;
2408 : 9492;
2409 : 13554;
2410 : 13554;
2411 : 15601;
2412 : 17714;
2413 : 17714;
2414 : 11277;
2415 : 13260;
2416 : 13293;
2417 : 11310;
2418 : 11342;
2419 : 13390;
2420 : 13421;
2421 : 13454;
2422 : 13551;
2423 : 13615;
2424 : 13680;
2425 : 13776;
2426 : 13841;
2427 : 13873;
2428 : 15921;
2429 : 11500;
2430 : 2755;
2431 : 4674;
2432 : 6658;
2433 : 4546;
2434 : 4578;
2435 : 4706;
2436 : 4770;
2437 : 2754;
2438 : 4866;
2439 : 2818;
2440 : 2786;
2441 : 2819;
2442 : 4899;
2443 : 4867;
2444 : 4867;
2445 : 2818;
2446 : 2979;
2447 : 3075;
2448 : 3236;
2449 : 5381;
2450 : 5446;
2451 : 7559;
2452 : 5479;
2453 : 5479;
2454 : 5479;
2455 : 5511;
2456 : 5446;
2457 : 3301;
2458 : 3301;
2459 : 5446;
2460 : 5414;
2461 : 5382;
2462 : 5446;
2463 : 3494;
2464 : 3623;
2465 : 3558;
2466 : 3623;
2467 : 3752;
2468 : 5800;
2469 : 9864;
2470 : 11976;
2471 : 3623;
2472 : 1316;
2473 : 5321;
2474 : 17908;
2475 : 22103;
2476 : 22134;
2477 : 22166;
2478 : 26295;
2479 : 26231;
2480 : 17617;
2481 : 13325;
2482 : 15535;
2483 : 13519;
2484 : 13584;
2485 : 11632;
2486 : 13777;
2487 : 13906;
2488 : 18132;
2489 : 18132;
2490 : 16084;
2491 : 18133;
2492 : 18068;
2493 : 18036;
2494 : 15827;
2495 : 7542;
2496 : 1403;
2497 : 1436;
2498 : 1404;
2499 : 1403;
2500 : 1435;
2501 : 1436;
2502 : 1435;
2503 : 1435;
2504 : 1436;
2505 : 1404;
2506 : 1436;
2507 : 1435;
2508 : 1403;
2509 : 1404;
2510 : 1404;
2511 : 1404;
2512 : 1404;
2513 : 1436;
2514 : 1436;
2515 : 1436;
2516 : 1436;
2517 : 1436;
2518 : 1436;
2519 : 1436;
2520 : 1436;
2521 : 1436;
2522 : 1436;
2523 : 1435;
2524 : 1435;
2525 : 1403;
2526 : 1403;
2527 : 1403;
2528 : 1403;
2529 : 1403;
2530 : 1435;
2531 : 1435;
2532 : 1435;
2533 : 1403;
2534 : 1403;
2535 : 1403;
2536 : 1403;
2537 : 1403;
2538 : 1403;
2539 : 1403;
2540 : 1404;
2541 : 1404;
2542 : 1404;
2543 : 1404;
2544 : 1404;
2545 : 1404;
2546 : 1404;
2547 : 1404;
2548 : 1404;
2549 : 1404;
2550 : 1404;
2551 : 1404;
2552 : 1404;
2553 : 1404;
2554 : 1404;
2555 : 1436;
2556 : 1468;
2557 : 4782;
2558 : 0;
2559 : 0;
2560 : 2209;
2561 : 19663;
2562 : 21938;
2563 : 19891;
2564 : 17876;
2565 : 15796;
2566 : 13749;
2567 : 13652;
2568 : 13554;
2569 : 15569;
2570 : 15536;
2571 : 15504;
2572 : 13358;
2573 : 13325;
2574 : 13324;
2575 : 13356;
2576 : 13389;
2577 : 11342;
2578 : 11310;
2579 : 11276;
2580 : 13324;
2581 : 13389;
2582 : 11341;
2583 : 11405;
2584 : 11470;
2585 : 11567;
2586 : 11631;
2587 : 13775;
2588 : 15856;
2589 : 9322;
2590 : 4771;
2591 : 4642;
2592 : 6658;
2593 : 6658;
2594 : 6659;
2595 : 4674;
2596 : 4738;
2597 : 4770;
2598 : 4802;
2599 : 4802;
2600 : 4770;
2601 : 2754;
2602 : 4835;
2603 : 4835;
2604 : 4738;
2605 : 2689;
2606 : 4996;
2607 : 3043;
2608 : 3107;
2609 : 3172;
2610 : 3333;
2611 : 5447;
2612 : 5414;
2613 : 5414;
2614 : 5382;
2615 : 3269;
2616 : 3236;
2617 : 3204;
2618 : 3204;
2619 : 3237;
2620 : 3204;
2621 : 5253;
2622 : 3172;
2623 : 1220;
2624 : 3526;
2625 : 3559;
2626 : 3591;
2627 : 1575;
2628 : 5703;
2629 : 11978;
2630 : 5671;
2631 : 3655;
2632 : 5607;
2633 : 9514;
2634 : 19890;
2635 : 24086;
2636 : 22103;
2637 : 22134;
2638 : 22134;
2639 : 19891;
2640 : 13261;
2641 : 13261;
2642 : 13422;
2643 : 13487;
2644 : 13518;
2645 : 11567;
2646 : 11632;
2647 : 13841;
2648 : 16018;
2649 : 16018;
2650 : 18099;
2651 : 18068;
2652 : 13777;
2653 : 13713;
2654 : 13617;
2655 : 9491;
2656 : 3418;
2657 : 1436;
2658 : 1436;
2659 : 1436;
2660 : 1435;
2661 : 1435;
2662 : 1435;
2663 : 1436;
2664 : 1436;
2665 : 1436;
2666 : 1436;
2667 : 1436;
2668 : 1436;
2669 : 1404;
2670 : 1436;
2671 : 1436;
2672 : 1436;
2673 : 1436;
2674 : 1436;
2675 : 1436;
2676 : 1436;
2677 : 1436;
2678 : 1436;
2679 : 1436;
2680 : 1436;
2681 : 1436;
2682 : 1436;
2683 : 1436;
2684 : 1436;
2685 : 1436;
2686 : 1436;
2687 : 1436;
2688 : 1436;
2689 : 1436;
2690 : 1436;
2691 : 1435;
2692 : 1435;
2693 : 1435;
2694 : 1435;
2695 : 1435;
2696 : 1435;
2697 : 1435;
2698 : 1436;
2699 : 1436;
2700 : 1436;
2701 : 1436;
2702 : 1436;
2703 : 1436;
2704 : 1436;
2705 : 1436;
2706 : 1436;
2707 : 1436;
2708 : 1436;
2709 : 1436;
2710 : 1436;
2711 : 1436;
2712 : 1436;
2713 : 1436;
2714 : 1436;
2715 : 1436;
2716 : 1500;
2717 : 4814;
2718 : 0;
2719 : 0;
2720 : 128;
2721 : 13290;
2722 : 17744;
2723 : 21971;
2724 : 19923;
2725 : 19922;
2726 : 19922;
2727 : 17810;
2728 : 15633;
2729 : 15568;
2730 : 15536;
2731 : 17487;
2732 : 13228;
2733 : 11179;
2734 : 13357;
2735 : 13421;
2736 : 11373;
2737 : 11374;
2738 : 11342;
2739 : 11341;
2740 : 11244;
2741 : 11244;
2742 : 15470;
2743 : 13389;
2744 : 11373;
2745 : 13550;
2746 : 9323;
2747 : 9290;
2748 : 11370;
2749 : 4837;
2750 : 4642;
2751 : 4546;
2752 : 6690;
2753 : 6723;
2754 : 4611;
2755 : 6723;
2756 : 4738;
2757 : 4738;
2758 : 4770;
2759 : 4706;
2760 : 4770;
2761 : 4770;
2762 : 4770;
2763 : 4738;
2764 : 4706;
2765 : 4738;
2766 : 7012;
2767 : 2979;
2768 : 3075;
2769 : 3172;
2770 : 5285;
2771 : 5350;
2772 : 5349;
2773 : 5350;
2774 : 5317;
2775 : 3172;
2776 : 3139;
2777 : 3172;
2778 : 3172;
2779 : 3172;
2780 : 3140;
2781 : 3108;
2782 : 3044;
2783 : 3140;
2784 : 3365;
2785 : 3527;
2786 : 3526;
2787 : 3494;
2788 : 5639;
2789 : 11913;
2790 : 3591;
2791 : 3591;
2792 : 5672;
2793 : 9739;
2794 : 15791;
2795 : 22068;
2796 : 22134;
2797 : 22133;
2798 : 24150;
2799 : 19761;
2800 : 11212;
2801 : 13325;
2802 : 13422;
2803 : 13357;
2804 : 13421;
2805 : 13551;
2806 : 13616;
2807 : 13712;
2808 : 13808;
2809 : 13840;
2810 : 11792;
2811 : 13809;
2812 : 13745;
2813 : 11569;
2814 : 11439;
2815 : 9392;
2816 : 7447;
2817 : 3482;
2818 : 1435;
2819 : 1436;
2820 : 1436;
2821 : 1436;
2822 : 1436;
2823 : 1436;
2824 : 1403;
2825 : 1435;
2826 : 1435;
2827 : 1436;
2828 : 1436;
2829 : 1435;
2830 : 1436;
2831 : 1436;
2832 : 1436;
2833 : 1436;
2834 : 1436;
2835 : 1436;
2836 : 1436;
2837 : 1436;
2838 : 1436;
2839 : 1436;
2840 : 1468;
2841 : 1436;
2842 : 1436;
2843 : 1435;
2844 : 1435;
2845 : 1467;
2846 : 1436;
2847 : 1468;
2848 : 1436;
2849 : 1468;
2850 : 1467;
2851 : 1468;
2852 : 1468;
2853 : 1467;
2854 : 1467;
2855 : 1468;
2856 : 1468;
2857 : 1468;
2858 : 1467;
2859 : 1467;
2860 : 1467;
2861 : 1467;
2862 : 1467;
2863 : 1467;
2864 : 1467;
2865 : 1467;
2866 : 1467;
2867 : 1467;
2868 : 1467;
2869 : 1467;
2870 : 1467;
2871 : 1467;
2872 : 1467;
2873 : 1467;
2874 : 1467;
2875 : 1468;
2876 : 1500;
2877 : 4813;
2878 : 0;
2879 : 0;
2880 : 128;
2881 : 4868;
2882 : 9290;
2883 : 19859;
2884 : 19891;
2885 : 19922;
2886 : 19922;
2887 : 17809;
2888 : 15696;
2889 : 15632;
2890 : 15535;
2891 : 11212;
2892 : 13195;
2893 : 13292;
2894 : 11340;
2895 : 11373;
2896 : 11373;
2897 : 11373;
2898 : 11373;
2899 : 11373;
2900 : 11276;
2901 : 11276;
2902 : 15502;
2903 : 15502;
2904 : 13421;
2905 : 13420;
2906 : 4837;
2907 : 2723;
2908 : 4739;
2909 : 4578;
2910 : 6626;
2911 : 4546;
2912 : 6659;
2913 : 6658;
2914 : 4546;
2915 : 4610;
2916 : 6755;
2917 : 4738;
2918 : 4738;
2919 : 4706;
2920 : 4738;
2921 : 4705;
2922 : 4706;
2923 : 4706;
2924 : 4675;
2925 : 4706;
2926 : 2754;
2927 : 5027;
2928 : 3043;
2929 : 3108;
2930 : 3140;
2931 : 3140;
2932 : 3172;
2933 : 3204;
2934 : 3172;
2935 : 3140;
2936 : 3140;
2937 : 3172;
2938 : 3140;
2939 : 3140;
2940 : 3140;
2941 : 5124;
2942 : 5060;
2943 : 995;
2944 : 3269;
2945 : 3333;
2946 : 5478;
2947 : 3462;
2948 : 3526;
2949 : 3558;
2950 : 3526;
2951 : 5607;
2952 : 3526;
2953 : 3462;
2954 : 7401;
2955 : 22100;
2956 : 22166;
2957 : 24180;
2958 : 15632;
2959 : 13357;
2960 : 13357;
2961 : 13421;
2962 : 13421;
2963 : 11276;
2964 : 11309;
2965 : 11374;
2966 : 11438;
2967 : 9454;
2968 : 11663;
2969 : 13808;
2970 : 13808;
2971 : 13777;
2972 : 13713;
2973 : 11536;
2974 : 11471;
2975 : 11438;
2976 : 9459;
2977 : 9657;
2978 : 7611;
2979 : 3483;
2980 : 3483;
2981 : 5530;
2982 : 5529;
2983 : 9753;
2984 : 9752;
2985 : 7673;
2986 : 3514;
2987 : 1435;
2988 : 1435;
2989 : 3515;
2990 : 1468;
2991 : 1468;
2992 : 1468;
2993 : 1468;
2994 : 1468;
2995 : 1467;
2996 : 1467;
2997 : 1467;
2998 : 1468;
2999 : 1467;
3000 : 1467;
3001 : 1467;
3002 : 1467;
3003 : 1467;
3004 : 1467;
3005 : 1467;
3006 : 1467;
3007 : 1467;
3008 : 1467;
3009 : 1467;
3010 : 1468;
3011 : 1467;
3012 : 1467;
3013 : 1467;
3014 : 1467;
3015 : 1467;
3016 : 1467;
3017 : 1467;
3018 : 1467;
3019 : 1467;
3020 : 1467;
3021 : 1467;
3022 : 1467;
3023 : 1467;
3024 : 1467;
3025 : 1467;
3026 : 1467;
3027 : 1467;
3028 : 1467;
3029 : 1467;
3030 : 1467;
3031 : 1467;
3032 : 1467;
3033 : 1467;
3034 : 1467;
3035 : 1467;
3036 : 1532;
3037 : 4813;
3038 : 0;
3039 : 0;
3040 : 128;
3041 : 6948;
3042 : 11370;
3043 : 21905;
3044 : 19890;
3045 : 17873;
3046 : 17873;
3047 : 19889;
3048 : 17808;
3049 : 15632;
3050 : 13292;
3051 : 11147;
3052 : 13195;
3053 : 13259;
3054 : 11308;
3055 : 11372;
3056 : 11372;
3057 : 11372;
3058 : 11340;
3059 : 11308;
3060 : 11308;
3061 : 11308;
3062 : 11276;
3063 : 11243;
3064 : 11308;
3065 : 9162;
3066 : 4707;
3067 : 6787;
3068 : 4642;
3069 : 4546;
3070 : 4546;
3071 : 4514;
3072 : 6563;
3073 : 6562;
3074 : 6562;
3075 : 4514;
3076 : 4610;
3077 : 4739;
3078 : 4738;
3079 : 4706;
3080 : 4738;
3081 : 4706;
3082 : 4706;
3083 : 4674;
3084 : 13127;
3085 : 11014;
3086 : 4803;
3087 : 2882;
3088 : 2947;
3089 : 3043;
3090 : 3075;
3091 : 1027;
3092 : 3108;
3093 : 3108;
3094 : 3108;
3095 : 3172;
3096 : 3172;
3097 : 3172;
3098 : 3075;
3099 : 5156;
3100 : 3075;
3101 : 2947;
3102 : 9223;
3103 : 5028;
3104 : 995;
3105 : 3204;
3106 : 5317;
3107 : 3365;
3108 : 3462;
3109 : 3462;
3110 : 3461;
3111 : 5510;
3112 : 3365;
3113 : 1091;
3114 : 5126;
3115 : 22066;
3116 : 24181;
3117 : 19858;
3118 : 11243;
3119 : 11276;
3120 : 11373;
3121 : 11373;
3122 : 11373;
3123 : 11341;
3124 : 11244;
3125 : 13456;
3126 : 11407;
3127 : 11470;
3128 : 11631;
3129 : 11631;
3130 : 11631;
3131 : 11599;
3132 : 9422;
3133 : 9422;
3134 : 11600;
3135 : 11664;
3136 : 11665;
3137 : 15829;
3138 : 15864;
3139 : 11704;
3140 : 13750;
3141 : 13781;
3142 : 17973;
3143 : 22165;
3144 : 24245;
3145 : 22198;
3146 : 15991;
3147 : 11767;
3148 : 15959;
3149 : 13912;
3150 : 3545;
3151 : 1500;
3152 : 1500;
3153 : 1499;
3154 : 1500;
3155 : 1500;
3156 : 1500;
3157 : 1499;
3158 : 1500;
3159 : 1499;
3160 : 7643;
3161 : 7610;
3162 : 5562;
3163 : 3547;
3164 : 1499;
3165 : 1499;
3166 : 1499;
3167 : 1500;
3168 : 1500;
3169 : 1500;
3170 : 1500;
3171 : 1500;
3172 : 1500;
3173 : 1500;
3174 : 1500;
3175 : 1500;
3176 : 1500;
3177 : 1500;
3178 : 1500;
3179 : 1500;
3180 : 1500;
3181 : 1500;
3182 : 1500;
3183 : 1500;
3184 : 1500;
3185 : 1500;
3186 : 1500;
3187 : 1500;
3188 : 1500;
3189 : 1500;
3190 : 1500;
3191 : 1500;
3192 : 1500;
3193 : 1500;
3194 : 1500;
3195 : 1500;
3196 : 1564;
3197 : 4846;
3198 : 0;
3199 : 0;
3200 : 128;
3201 : 4802;
3202 : 2851;
3203 : 9258;
3204 : 17840;
3205 : 17905;
3206 : 17873;
3207 : 17841;
3208 : 17808;
3209 : 17647;
3210 : 11147;
3211 : 13130;
3212 : 13130;
3213 : 11179;
3214 : 11275;
3215 : 11340;
3216 : 11372;
3217 : 9292;
3218 : 11340;
3219 : 11308;
3220 : 11275;
3221 : 11275;
3222 : 11275;
3223 : 9227;
3224 : 11340;
3225 : 7016;
3226 : 4707;
3227 : 4674;
3228 : 4642;
3229 : 4642;
3230 : 6658;
3231 : 6627;
3232 : 6530;
3233 : 6530;
3234 : 6563;
3235 : 6562;
3236 : 6627;
3237 : 6723;
3238 : 6723;
3239 : 6690;
3240 : 4674;
3241 : 6722;
3242 : 6722;
3243 : 4643;
3244 : 6789;
3245 : 6788;
3246 : 4738;
3247 : 4867;
3248 : 4995;
3249 : 2979;
3250 : 3011;
3251 : 3043;
3252 : 3075;
3253 : 3075;
3254 : 3075;
3255 : 3108;
3256 : 3075;
3257 : 3075;
3258 : 2978;
3259 : 2946;
3260 : 2946;
3261 : 2915;
3262 : 2916;
3263 : 2915;
3264 : 931;
3265 : 995;
3266 : 1027;
3267 : 3236;
3268 : 3333;
3269 : 3333;
3270 : 3364;
3271 : 3332;
3272 : 1123;
3273 : 3011;
3274 : 739;
3275 : 13485;
3276 : 21971;
3277 : 11276;
3278 : 9098;
3279 : 9260;
3280 : 11373;
3281 : 11373;
3282 : 11373;
3283 : 11308;
3284 : 11308;
3285 : 11310;
3286 : 11277;
3287 : 11437;
3288 : 11502;
3289 : 11469;
3290 : 9421;
3291 : 9454;
3292 : 11599;
3293 : 9616;
3294 : 11793;
3295 : 9809;
3296 : 11857;
3297 : 13810;
3298 : 17875;
3299 : 21940;
3300 : 19890;
3301 : 19922;
3302 : 24114;
3303 : 24178;
3304 : 26226;
3305 : 26226;
3306 : 24243;
3307 : 22164;
3308 : 26324;
3309 : 22196;
3310 : 15958;
3311 : 11800;
3312 : 5594;
3313 : 1500;
3314 : 1532;
3315 : 1532;
3316 : 1501;
3317 : 1500;
3318 : 1532;
3319 : 7643;
3320 : 17914;
3321 : 19961;
3322 : 19930;
3323 : 11739;
3324 : 5595;
3325 : 5595;
3326 : 7675;
3327 : 3547;
3328 : 1500;
3329 : 3547;
3330 : 5595;
3331 : 5595;
3332 : 3548;
3333 : 1500;
3334 : 1532;
3335 : 1532;
3336 : 1532;
3337 : 1500;
3338 : 1500;
3339 : 1500;
3340 : 1500;
3341 : 1532;
3342 : 1532;
3343 : 1532;
3344 : 1532;
3345 : 1532;
3346 : 1532;
3347 : 1532;
3348 : 1532;
3349 : 1532;
3350 : 1532;
3351 : 1532;
3352 : 1532;
3353 : 1532;
3354 : 1532;
3355 : 1532;
3356 : 1597;
3357 : 4846;
3358 : 0;
3359 : 0;
3360 : 128;
3361 : 6915;
3362 : 4995;
3363 : 5030;
3364 : 15791;
3365 : 18002;
3366 : 15889;
3367 : 17808;
3368 : 17807;
3369 : 13389;
3370 : 11082;
3371 : 13130;
3372 : 11017;
3373 : 11081;
3374 : 11211;
3375 : 11307;
3376 : 11340;
3377 : 9292;
3378 : 11308;
3379 : 9227;
3380 : 9227;
3381 : 11275;
3382 : 9227;
3383 : 11372;
3384 : 11436;
3385 : 9096;
3386 : 4642;
3387 : 4706;
3388 : 6787;
3389 : 4706;
3390 : 4674;
3391 : 6658;
3392 : 6595;
3393 : 6563;
3394 : 6563;
3395 : 6563;
3396 : 6627;
3397 : 6691;
3398 : 6691;
3399 : 6626;
3400 : 4610;
3401 : 4610;
3402 : 6658;
3403 : 6659;
3404 : 4579;
3405 : 4643;
3406 : 4738;
3407 : 4835;
3408 : 4900;
3409 : 4932;
3410 : 4996;
3411 : 2947;
3412 : 2980;
3413 : 5028;
3414 : 2979;
3415 : 3044;
3416 : 2947;
3417 : 2947;
3418 : 2915;
3419 : 2882;
3420 : 2947;
3421 : 3011;
3422 : 3011;
3423 : 3043;
3424 : 3043;
3425 : 3043;
3426 : 930;
3427 : 930;
3428 : 3140;
3429 : 3172;
3430 : 3268;
3431 : 5284;
3432 : 994;
3433 : 2947;
3434 : 4933;
3435 : 19888;
3436 : 17712;
3437 : 11114;
3438 : 13162;
3439 : 11243;
3440 : 9324;
3441 : 9324;
3442 : 11340;
3443 : 11308;
3444 : 11275;
3445 : 11276;
3446 : 11276;
3447 : 9291;
3448 : 9356;
3449 : 9324;
3450 : 9357;
3451 : 13647;
3452 : 11728;
3453 : 9777;
3454 : 9874;
3455 : 11922;
3456 : 14002;
3457 : 16051;
3458 : 15825;
3459 : 21905;
3460 : 21937;
3461 : 21969;
3462 : 22033;
3463 : 24145;
3464 : 26226;
3465 : 26225;
3466 : 26290;
3467 : 26322;
3468 : 26321;
3469 : 26323;
3470 : 26324;
3471 : 24245;
3472 : 13880;
3473 : 3546;
3474 : 5595;
3475 : 3547;
3476 : 1500;
3477 : 1532;
3478 : 3580;
3479 : 9691;
3480 : 24088;
3481 : 28151;
3482 : 28152;
3483 : 17881;
3484 : 9690;
3485 : 15833;
3486 : 15833;
3487 : 11705;
3488 : 9691;
3489 : 11770;
3490 : 15898;
3491 : 15867;
3492 : 11771;
3493 : 7643;
3494 : 3547;
3495 : 1532;
3496 : 1532;
3497 : 1532;
3498 : 1532;
3499 : 1532;
3500 : 1564;
3501 : 1565;
3502 : 1565;
3503 : 1565;
3504 : 1564;
3505 : 1565;
3506 : 1564;
3507 : 1564;
3508 : 1564;
3509 : 1564;
3510 : 1565;
3511 : 1565;
3512 : 1565;
3513 : 1564;
3514 : 1564;
3515 : 1533;
3516 : 1629;
3517 : 4846;
3518 : 0;
3519 : 0;
3520 : 96;
3521 : 4803;
3522 : 2947;
3523 : 5029;
3524 : 11403;
3525 : 18001;
3526 : 18034;
3527 : 17872;
3528 : 19920;
3529 : 15534;
3530 : 11049;
3531 : 11017;
3532 : 10985;
3533 : 11049;
3534 : 11210;
3535 : 11242;
3536 : 11275;
3537 : 11275;
3538 : 9195;
3539 : 11243;
3540 : 11274;
3541 : 11242;
3542 : 11275;
3543 : 11372;
3544 : 11371;
3545 : 6951;
3546 : 4642;
3547 : 6787;
3548 : 6787;
3549 : 4706;
3550 : 4674;
3551 : 4610;
3552 : 6595;
3553 : 6563;
3554 : 6563;
3555 : 6626;
3556 : 6691;
3557 : 6723;
3558 : 6723;
3559 : 6690;
3560 : 6691;
3561 : 6659;
3562 : 6659;
3563 : 6626;
3564 : 6659;
3565 : 6691;
3566 : 4674;
3567 : 4738;
3568 : 4803;
3569 : 4868;
3570 : 4868;
3571 : 4900;
3572 : 4900;
3573 : 4899;
3574 : 2883;
3575 : 2915;
3576 : 2883;
3577 : 4899;
3578 : 2851;
3579 : 4995;
3580 : 5124;
3581 : 3107;
3582 : 3139;
3583 : 3171;
3584 : 3139;
3585 : 3075;
3586 : 898;
3587 : 2914;
3588 : 5027;
3589 : 3044;
3590 : 3075;
3591 : 5123;
3592 : 3012;
3593 : 7175;
3594 : 13515;
3595 : 13516;
3596 : 11274;
3597 : 13130;
3598 : 11017;
3599 : 11179;
3600 : 9259;
3601 : 11340;
3602 : 9259;
3603 : 11275;
3604 : 11243;
3605 : 11275;
3606 : 11372;
3607 : 9388;
3608 : 9388;
3609 : 9388;
3610 : 9421;
3611 : 11566;
3612 : 9680;
3613 : 9744;
3614 : 9841;
3615 : 11922;
3616 : 16147;
3617 : 14002;
3618 : 11664;
3619 : 17743;
3620 : 22001;
3621 : 24113;
3622 : 24177;
3623 : 24209;
3624 : 24177;
3625 : 24209;
3626 : 24241;
3627 : 26320;
3628 : 26320;
3629 : 26321;
3630 : 26322;
3631 : 26322;
3632 : 24244;
3633 : 15927;
3634 : 13784;
3635 : 11738;
3636 : 3580;
3637 : 5627;
3638 : 11738;
3639 : 17881;
3640 : 28119;
3641 : 30166;
3642 : 28118;
3643 : 21911;
3644 : 19896;
3645 : 23959;
3646 : 26007;
3647 : 21944;
3648 : 19929;
3649 : 22009;
3650 : 24056;
3651 : 24056;
3652 : 22009;
3653 : 17946;
3654 : 13818;
3655 : 11771;
3656 : 11803;
3657 : 7707;
3658 : 5660;
3659 : 1596;
3660 : 1597;
3661 : 1597;
3662 : 1597;
3663 : 1597;
3664 : 1597;
3665 : 1597;
3666 : 1597;
3667 : 1597;
3668 : 1597;
3669 : 1597;
3670 : 1597;
3671 : 1597;
3672 : 1597;
3673 : 1597;
3674 : 1597;
3675 : 1565;
3676 : 1662;
3677 : 4878;
3678 : 0;
3679 : 0;
3680 : 96;
3681 : 4739;
3682 : 2883;
3683 : 4899;
3684 : 7111;
3685 : 17968;
3686 : 15921;
3687 : 17871;
3688 : 17840;
3689 : 13452;
3690 : 11081;
3691 : 11017;
3692 : 10952;
3693 : 11049;
3694 : 11145;
3695 : 11178;
3696 : 11178;
3697 : 11210;
3698 : 11210;
3699 : 11242;
3700 : 11210;
3701 : 11145;
3702 : 11178;
3703 : 11339;
3704 : 9193;
3705 : 4676;
3706 : 4610;
3707 : 6787;
3708 : 4706;
3709 : 4706;
3710 : 4674;
3711 : 6659;
3712 : 6595;
3713 : 4515;
3714 : 4514;
3715 : 6658;
3716 : 6722;
3717 : 6754;
3718 : 6754;
3719 : 6754;
3720 : 6755;
3721 : 6723;
3722 : 6691;
3723 : 6658;
3724 : 6659;
3725 : 6691;
3726 : 6722;
3727 : 4706;
3728 : 4771;
3729 : 4771;
3730 : 4803;
3731 : 4868;
3732 : 4868;
3733 : 4868;
3734 : 4900;
3735 : 2819;
3736 : 2755;
3737 : 2755;
3738 : 2883;
3739 : 3011;
3740 : 3107;
3741 : 3204;
3742 : 3204;
3743 : 3236;
3744 : 3204;
3745 : 1059;
3746 : 3043;
3747 : 2915;
3748 : 2850;
3749 : 4963;
3750 : 2947;
3751 : 2914;
3752 : 4996;
3753 : 13417;
3754 : 11305;
3755 : 4901;
3756 : 4869;
3757 : 8967;
3758 : 11017;
3759 : 9130;
3760 : 9194;
3761 : 11275;
3762 : 11275;
3763 : 11243;
3764 : 11210;
3765 : 9226;
3766 : 9355;
3767 : 9388;
3768 : 9388;
3769 : 9388;
3770 : 9420;
3771 : 7372;
3772 : 9614;
3773 : 9711;
3774 : 9776;
3775 : 11921;
3776 : 11921;
3777 : 11759;
3778 : 11533;
3779 : 17743;
3780 : 21936;
3781 : 24080;
3782 : 26225;
3783 : 26256;
3784 : 24176;
3785 : 24176;
3786 : 24209;
3787 : 26288;
3788 : 26289;
3789 : 26289;
3790 : 26321;
3791 : 26321;
3792 : 26321;
3793 : 24211;
3794 : 24084;
3795 : 15831;
3796 : 9722;
3797 : 13785;
3798 : 21911;
3799 : 26006;
3800 : 30134;
3801 : 30069;
3802 : 28021;
3803 : 25973;
3804 : 28022;
3805 : 28021;
3806 : 27989;
3807 : 25974;
3808 : 26039;
3809 : 28087;
3810 : 28086;
3811 : 30167;
3812 : 28119;
3813 : 28151;
3814 : 26104;
3815 : 22009;
3816 : 22009;
3817 : 17946;
3818 : 11835;
3819 : 5692;
3820 : 1597;
3821 : 1630;
3822 : 1630;
3823 : 1630;
3824 : 1630;
3825 : 1630;
3826 : 1630;
3827 : 1630;
3828 : 1629;
3829 : 1629;
3830 : 1630;
3831 : 1630;
3832 : 1630;
3833 : 1629;
3834 : 1629;
3835 : 1598;
3836 : 1662;
3837 : 4879;
3838 : 0;
3839 : 0;
3840 : 128;
3841 : 4739;
3842 : 2754;
3843 : 2753;
3844 : 7111;
3845 : 17968;
3846 : 13775;
3847 : 15758;
3848 : 17807;
3849 : 15533;
3850 : 13291;
3851 : 13130;
3852 : 10985;
3853 : 11017;
3854 : 11113;
3855 : 11145;
3856 : 11145;
3857 : 9065;
3858 : 11145;
3859 : 11145;
3860 : 11145;
3861 : 11081;
3862 : 11113;
3863 : 11275;
3864 : 9096;
3865 : 2531;
3866 : 6691;
3867 : 6820;
3868 : 4675;
3869 : 6754;
3870 : 6690;
3871 : 6659;
3872 : 6595;
3873 : 6595;
3874 : 4579;
3875 : 6723;
3876 : 6755;
3877 : 6754;
3878 : 6754;
3879 : 6753;
3880 : 6786;
3881 : 6754;
3882 : 6722;
3883 : 6691;
3884 : 6691;
3885 : 6658;
3886 : 6690;
3887 : 4674;
3888 : 4707;
3889 : 4771;
3890 : 4868;
3891 : 4900;
3892 : 4932;
3893 : 4900;
3894 : 4932;
3895 : 4868;
3896 : 4836;
3897 : 4835;
3898 : 4996;
3899 : 3076;
3900 : 3204;
3901 : 3237;
3902 : 3237;
3903 : 3236;
3904 : 3204;
3905 : 3203;
3906 : 3172;
3907 : 2947;
3908 : 2754;
3909 : 2819;
3910 : 2851;
3911 : 4898;
3912 : 2818;
3913 : 4900;
3914 : 2819;
3915 : 2818;
3916 : 4964;
3917 : 6917;
3918 : 8968;
3919 : 11113;
3920 : 11178;
3921 : 9130;
3922 : 11210;
3923 : 11210;
3924 : 9097;
3925 : 9162;
3926 : 9323;
3927 : 9355;
3928 : 9356;
3929 : 9355;
3930 : 9355;
3931 : 9355;
3932 : 7372;
3933 : 9614;
3934 : 9711;
3935 : 9743;
3936 : 9678;
3937 : 9452;
3938 : 13517;
3939 : 17678;
3940 : 21904;
3941 : 21968;
3942 : 24144;
3943 : 26256;
3944 : 24208;
3945 : 24208;
3946 : 24176;
3947 : 24207;
3948 : 24208;
3949 : 26288;
3950 : 26287;
3951 : 26320;
3952 : 26320;
3953 : 28336;
3954 : 26225;
3955 : 22035;
3956 : 17910;
3957 : 21941;
3958 : 25973;
3959 : 27989;
3960 : 25973;
3961 : 25940;
3962 : 25940;
3963 : 27989;
3964 : 28020;
3965 : 28021;
3966 : 28021;
3967 : 27988;
3968 : 28021;
3969 : 27989;
3970 : 28021;
3971 : 30102;
3972 : 30134;
3973 : 30134;
3974 : 30134;
3975 : 30167;
3976 : 28119;
3977 : 26104;
3978 : 19961;
3979 : 11803;
3980 : 3677;
3981 : 1630;
3982 : 1662;
3983 : 1662;
3984 : 1662;
3985 : 1662;
3986 : 1662;
3987 : 1662;
3988 : 1662;
3989 : 1662;
3990 : 1662;
3991 : 1662;
3992 : 1662;
3993 : 1662;
3994 : 1662;
3995 : 1630;
3996 : 3743;
3997 : 4911;
3998 : 0;
3999 : 0;
4000 : 128;
4001 : 6851;
4002 : 2754;
4003 : 4770;
4004 : 2853;
4005 : 13775;
4006 : 15984;
4007 : 15823;
4008 : 13452;
4009 : 9001;
4010 : 11049;
4011 : 10985;
4012 : 10920;
4013 : 8839;
4014 : 11048;
4015 : 11113;
4016 : 11113;
4017 : 11080;
4018 : 11113;
4019 : 9032;
4020 : 9033;
4021 : 11049;
4022 : 9033;
4023 : 11210;
4024 : 8967;
4025 : 4546;
4026 : 6658;
4027 : 6787;
4028 : 4706;
4029 : 6723;
4030 : 6691;
4031 : 6659;
4032 : 6627;
4033 : 6627;
4034 : 6627;
4035 : 6691;
4036 : 6690;
4037 : 6722;
4038 : 6754;
4039 : 6754;
4040 : 6786;
4041 : 6754;
4042 : 6723;
4043 : 6691;
4044 : 6659;
4045 : 4546;
4046 : 6691;
4047 : 4707;
4048 : 4771;
4049 : 4804;
4050 : 4836;
4051 : 4868;
4052 : 4900;
4053 : 4932;
4054 : 4932;
4055 : 4932;
4056 : 6981;
4057 : 4932;
4058 : 2979;
4059 : 1027;
4060 : 3172;
4061 : 3204;
4062 : 3204;
4063 : 3204;
4064 : 3204;
4065 : 3236;
4066 : 3140;
4067 : 5092;
4068 : 4931;
4069 : 2786;
4070 : 2786;
4071 : 4834;
4072 : 2754;
4073 : 4931;
4074 : 4931;
4075 : 2915;
4076 : 2947;
4077 : 4932;
4078 : 6885;
4079 : 11049;
4080 : 11113;
4081 : 11113;
4082 : 11145;
4083 : 11113;
4084 : 9033;
4085 : 9097;
4086 : 9226;
4087 : 9323;
4088 : 9323;
4089 : 9290;
4090 : 9291;
4091 : 7178;
4092 : 7242;
4093 : 9452;
4094 : 9581;
4095 : 9614;
4096 : 11597;
4097 : 9355;
4098 : 11371;
4099 : 13452;
4100 : 17774;
4101 : 19887;
4102 : 21967;
4103 : 22063;
4104 : 24176;
4105 : 22095;
4106 : 24143;
4107 : 24207;
4108 : 24208;
4109 : 24207;
4110 : 26287;
4111 : 26288;
4112 : 24240;
4113 : 24207;
4114 : 24208;
4115 : 24176;
4116 : 22001;
4117 : 24018;
4118 : 26003;
4119 : 25908;
4120 : 25907;
4121 : 23859;
4122 : 25940;
4123 : 25940;
4124 : 25940;
4125 : 25972;
4126 : 28020;
4127 : 28020;
4128 : 28020;
4129 : 27988;
4130 : 28021;
4131 : 30133;
4132 : 30134;
4133 : 30101;
4134 : 30102;
4135 : 30134;
4136 : 30134;
4137 : 30134;
4138 : 26072;
4139 : 17945;
4140 : 7773;
4141 : 1694;
4142 : 1695;
4143 : 3742;
4144 : 3742;
4145 : 1694;
4146 : 1694;
4147 : 1694;
4148 : 1694;
4149 : 1694;
4150 : 3742;
4151 : 3742;
4152 : 3742;
4153 : 3742;
4154 : 3742;
4155 : 1694;
4156 : 3775;
4157 : 6959;
4158 : 0;
4159 : 0;
4160 : 128;
4161 : 6883;
4162 : 4802;
4163 : 2690;
4164 : 4933;
4165 : 15822;
4166 : 15855;
4167 : 13548;
4168 : 13355;
4169 : 8968;
4170 : 8806;
4171 : 8807;
4172 : 10855;
4173 : 8807;
4174 : 8871;
4175 : 11080;
4176 : 11081;
4177 : 11048;
4178 : 11081;
4179 : 11048;
4180 : 8968;
4181 : 10984;
4182 : 11016;
4183 : 8999;
4184 : 4676;
4185 : 4547;
4186 : 4610;
4187 : 6787;
4188 : 4739;
4189 : 6690;
4190 : 6659;
4191 : 8707;
4192 : 6627;
4193 : 6595;
4194 : 6627;
4195 : 6627;
4196 : 6659;
4197 : 6723;
4198 : 6723;
4199 : 6722;
4200 : 6722;
4201 : 6723;
4202 : 6659;
4203 : 6627;
4204 : 6595;
4205 : 4546;
4206 : 6723;
4207 : 6819;
4208 : 6884;
4209 : 6885;
4210 : 4804;
4211 : 4804;
4212 : 4836;
4213 : 4900;
4214 : 4868;
4215 : 4836;
4216 : 4868;
4217 : 4932;
4218 : 2948;
4219 : 5156;
4220 : 3172;
4221 : 3204;
4222 : 3236;
4223 : 3269;
4224 : 3269;
4225 : 3204;
4226 : 3108;
4227 : 2947;
4228 : 4931;
4229 : 2754;
4230 : 2722;
4231 : 2722;
4232 : 4834;
4233 : 4964;
4234 : 4931;
4235 : 2883;
4236 : 4995;
4237 : 7044;
4238 : 6885;
4239 : 8903;
4240 : 11081;
4241 : 11081;
4242 : 11081;
4243 : 11049;
4244 : 11017;
4245 : 9032;
4246 : 9129;
4247 : 9226;
4248 : 7178;
4249 : 9226;
4250 : 9258;
4251 : 7145;
4252 : 7145;
4253 : 9323;
4254 : 7339;
4255 : 7371;
4256 : 7306;
4257 : 9420;
4258 : 11436;
4259 : 11339;
4260 : 17710;
4261 : 19822;
4262 : 19886;
4263 : 22031;
4264 : 22063;
4265 : 19982;
4266 : 22095;
4267 : 24207;
4268 : 24207;
4269 : 24175;
4270 : 24207;
4271 : 24207;
4272 : 24207;
4273 : 24207;
4274 : 24207;
4275 : 24239;
4276 : 26257;
4277 : 26194;
4278 : 26034;
4279 : 25875;
4280 : 25875;
4281 : 25907;
4282 : 25907;
4283 : 25939;
4284 : 25907;
4285 : 25907;
4286 : 25907;
4287 : 25939;
4288 : 28020;
4289 : 28020;
4290 : 28020;
4291 : 28053;
4292 : 30101;
4293 : 28053;
4294 : 30101;
4295 : 30101;
4296 : 28085;
4297 : 28053;
4298 : 28054;
4299 : 24056;
4300 : 13883;
4301 : 7837;
4302 : 3774;
4303 : 3774;
4304 : 1726;
4305 : 3774;
4306 : 3774;
4307 : 3774;
4308 : 3774;
4309 : 3774;
4310 : 3774;
4311 : 3774;
4312 : 3774;
4313 : 3774;
4314 : 3774;
4315 : 3774;
4316 : 5855;
4317 : 6991;
4318 : 0;
4319 : 0;
4320 : 160;
4321 : 4867;
4322 : 4899;
4323 : 7110;
4324 : 9385;
4325 : 13677;
4326 : 11403;
4327 : 6984;
4328 : 9032;
4329 : 11081;
4330 : 8871;
4331 : 8807;
4332 : 10823;
4333 : 8774;
4334 : 8871;
4335 : 8903;
4336 : 8935;
4337 : 8871;
4338 : 8871;
4339 : 10951;
4340 : 8871;
4341 : 10887;
4342 : 10919;
4343 : 6725;
4344 : 6627;
4345 : 6531;
4346 : 6658;
4347 : 6786;
4348 : 6787;
4349 : 6691;
4350 : 8707;
4351 : 8707;
4352 : 6627;
4353 : 6595;
4354 : 6595;
4355 : 6595;
4356 : 6659;
4357 : 6660;
4358 : 6659;
4359 : 6659;
4360 : 6659;
4361 : 6627;
4362 : 6595;
4363 : 6563;
4364 : 4514;
4365 : 4610;
4366 : 4675;
4367 : 4771;
4368 : 4803;
4369 : 4836;
4370 : 6917;
4371 : 4836;
4372 : 4836;
4373 : 4836;
4374 : 4804;
4375 : 4772;
4376 : 4804;
4377 : 4803;
4378 : 2851;
4379 : 5059;
4380 : 5188;
4381 : 5188;
4382 : 5285;
4383 : 5253;
4384 : 5220;
4385 : 3043;
4386 : 2979;
4387 : 2850;
4388 : 4834;
4389 : 4834;
4390 : 2754;
4391 : 4802;
4392 : 4835;
4393 : 4867;
4394 : 2819;
4395 : 2819;
4396 : 2850;
4397 : 4931;
4398 : 6852;
4399 : 6790;
4400 : 8903;
4401 : 8871;
4402 : 8871;
4403 : 8871;
4404 : 8839;
4405 : 8871;
4406 : 8968;
4407 : 9065;
4408 : 9129;
4409 : 7080;
4410 : 7145;
4411 : 7209;
4412 : 7177;
4413 : 7177;
4414 : 9257;
4415 : 7242;
4416 : 7307;
4417 : 7339;
4418 : 9323;
4419 : 11371;
4420 : 15500;
4421 : 17710;
4422 : 19918;
4423 : 19982;
4424 : 19982;
4425 : 19982;
4426 : 19982;
4427 : 22062;
4428 : 22094;
4429 : 22127;
4430 : 22127;
4431 : 24174;
4432 : 24207;
4433 : 22094;
4434 : 22061;
4435 : 22125;
4436 : 24207;
4437 : 24144;
4438 : 23952;
4439 : 25906;
4440 : 25874;
4441 : 25874;
4442 : 25906;
4443 : 25907;
4444 : 25907;
4445 : 25907;
4446 : 25874;
4447 : 25907;
4448 : 28020;
4449 : 28052;
4450 : 28052;
4451 : 28052;
4452 : 28052;
4453 : 28052;
4454 : 28052;
4455 : 28020;
4456 : 25939;
4457 : 25939;
4458 : 28020;
4459 : 28086;
4460 : 21975;
4461 : 15897;
4462 : 9851;
4463 : 5822;
4464 : 3774;
4465 : 3774;
4466 : 3774;
4467 : 3774;
4468 : 3774;
4469 : 3774;
4470 : 3774;
4471 : 3774;
4472 : 3774;
4473 : 3774;
4474 : 3774;
4475 : 3774;
4476 : 5855;
4477 : 6991;
4478 : 0;
4479 : 0;
4480 : 160;
4481 : 7013;
4482 : 6981;
4483 : 13482;
4484 : 15757;
4485 : 13547;
4486 : 7015;
4487 : 8968;
4488 : 8968;
4489 : 9000;
4490 : 8871;
4491 : 8806;
4492 : 8774;
4493 : 8807;
4494 : 8871;
4495 : 8967;
4496 : 8935;
4497 : 8903;
4498 : 8871;
4499 : 8870;
4500 : 6758;
4501 : 8742;
4502 : 8742;
4503 : 8741;
4504 : 6596;
4505 : 6531;
4506 : 4546;
4507 : 4642;
4508 : 6755;
4509 : 6627;
4510 : 6627;
4511 : 8707;
4512 : 6595;
4513 : 4514;
4514 : 6595;
4515 : 6627;
4516 : 6595;
4517 : 6627;
4518 : 6627;
4519 : 6627;
4520 : 6627;
4521 : 6595;
4522 : 6563;
4523 : 6563;
4524 : 6595;
4525 : 6691;
4526 : 6755;
4527 : 4706;
4528 : 2690;
4529 : 4771;
4530 : 4836;
4531 : 6884;
4532 : 4804;
4533 : 4804;
4534 : 4772;
4535 : 4772;
4536 : 4739;
4537 : 2691;
4538 : 2786;
4539 : 2882;
4540 : 4995;
4541 : 2914;
4542 : 5059;
4543 : 5059;
4544 : 2947;
4545 : 2914;
4546 : 2818;
4547 : 4867;
4548 : 2754;
4549 : 4802;
4550 : 4834;
4551 : 4835;
4552 : 2786;
4553 : 2786;
4554 : 2819;
4555 : 2819;
4556 : 2818;
4557 : 2785;
4558 : 4771;
4559 : 6789;
4560 : 10951;
4561 : 8903;
4562 : 8903;
4563 : 8838;
4564 : 8774;
4565 : 8742;
4566 : 8806;
4567 : 6855;
4568 : 6951;
4569 : 7048;
4570 : 7209;
4571 : 7274;
4572 : 7274;
4573 : 7177;
4574 : 7080;
4575 : 9225;
4576 : 7210;
4577 : 7209;
4578 : 7145;
4579 : 9161;
4580 : 7048;
4581 : 13451;
4582 : 17806;
4583 : 17869;
4584 : 19917;
4585 : 19917;
4586 : 19950;
4587 : 19949;
4588 : 19949;
4589 : 22062;
4590 : 20014;
4591 : 19981;
4592 : 22093;
4593 : 22061;
4594 : 20013;
4595 : 20013;
4596 : 20013;
4597 : 19982;
4598 : 24015;
4599 : 25969;
4600 : 23793;
4601 : 25874;
4602 : 25874;
4603 : 25874;
4604 : 25874;
4605 : 25842;
4606 : 25842;
4607 : 25874;
4608 : 25906;
4609 : 25939;
4610 : 25939;
4611 : 27987;
4612 : 28020;
4613 : 28020;
4614 : 25939;
4615 : 25907;
4616 : 25875;
4617 : 25907;
4618 : 28052;
4619 : 28052;
4620 : 28053;
4621 : 23925;
4622 : 15833;
4623 : 9853;
4624 : 5855;
4625 : 5854;
4626 : 5854;
4627 : 5855;
4628 : 5855;
4629 : 5854;
4630 : 5854;
4631 : 5854;
4632 : 5855;
4633 : 5855;
4634 : 5854;
4635 : 3806;
4636 : 5919;
4637 : 7023;
4638 : 0;
4639 : 0;
4640 : 96;
4641 : 4706;
4642 : 2562;
4643 : 6885;
4644 : 11338;
4645 : 15499;
4646 : 8999;
4647 : 8903;
4648 : 8967;
4649 : 8967;
4650 : 8870;
4651 : 8806;
4652 : 8774;
4653 : 6758;
4654 : 8935;
4655 : 8967;
4656 : 8967;
4657 : 8967;
4658 : 11048;
4659 : 8967;
4660 : 8870;
4661 : 8839;
4662 : 8774;
4663 : 8709;
4664 : 6596;
4665 : 6563;
4666 : 6594;
4667 : 6690;
4668 : 6691;
4669 : 6594;
4670 : 8675;
4671 : 6627;
4672 : 6563;
4673 : 6563;
4674 : 6595;
4675 : 6595;
4676 : 6595;
4677 : 6595;
4678 : 6595;
4679 : 6595;
4680 : 6595;
4681 : 6595;
4682 : 6563;
4683 : 6563;
4684 : 6595;
4685 : 6659;
4686 : 6691;
4687 : 4675;
4688 : 4707;
4689 : 4739;
4690 : 4771;
4691 : 4739;
4692 : 4739;
4693 : 6820;
4694 : 6788;
4695 : 4739;
4696 : 4707;
4697 : 4707;
4698 : 2722;
4699 : 4834;
4700 : 2818;
4701 : 2850;
4702 : 4931;
4703 : 2851;
4704 : 4899;
4705 : 4899;
4706 : 4867;
4707 : 4803;
4708 : 4770;
4709 : 4802;
4710 : 4835;
4711 : 2754;
4712 : 2786;
4713 : 2851;
4714 : 2819;
4715 : 4931;
4716 : 4931;
4717 : 4834;
4718 : 4739;
4719 : 8869;
4720 : 11016;
4721 : 8967;
4722 : 11016;
4723 : 10951;
4724 : 8838;
4725 : 8710;
4726 : 6661;
4727 : 6757;
4728 : 6951;
4729 : 7177;
4730 : 7273;
4731 : 5290;
4732 : 5290;
4733 : 7306;
4734 : 7209;
4735 : 7080;
4736 : 7080;
4737 : 5000;
4738 : 7048;
4739 : 9128;
4740 : 7080;
4741 : 9193;
4742 : 15596;
4743 : 17773;
4744 : 17740;
4745 : 15660;
4746 : 17805;
4747 : 19885;
4748 : 17837;
4749 : 19950;
4750 : 19949;
4751 : 19981;
4752 : 19981;
4753 : 22061;
4754 : 20013;
4755 : 22029;
4756 : 19982;
4757 : 19949;
4758 : 24015;
4759 : 23921;
4760 : 23793;
4761 : 25841;
4762 : 25873;
4763 : 25874;
4764 : 25841;
4765 : 23728;
4766 : 23728;
4767 : 23761;
4768 : 25873;
4769 : 25906;
4770 : 25906;
4771 : 25841;
4772 : 25906;
4773 : 28019;
4774 : 27987;
4775 : 25874;
4776 : 25842;
4777 : 25874;
4778 : 28019;
4779 : 28019;
4780 : 28051;
4781 : 25972;
4782 : 17847;
4783 : 9885;
4784 : 3839;
4785 : 3806;
4786 : 5854;
4787 : 5854;
4788 : 5854;
4789 : 5854;
4790 : 5854;
4791 : 5854;
4792 : 5854;
4793 : 5854;
4794 : 5822;
4795 : 5854;
4796 : 7967;
4797 : 6991;
4798 : 0;
4799 : 0;
4800 : 64;
4801 : 4610;
4802 : 6627;
4803 : 4514;
4804 : 6886;
4805 : 6951;
4806 : 8902;
4807 : 8902;
4808 : 6886;
4809 : 8902;
4810 : 6790;
4811 : 8774;
4812 : 8774;
4813 : 8838;
4814 : 8967;
4815 : 8967;
4816 : 8967;
4817 : 8999;
4818 : 8999;
4819 : 8967;
4820 : 8902;
4821 : 8838;
4822 : 8741;
4823 : 8709;
4824 : 6628;
4825 : 4547;
4826 : 6562;
4827 : 6595;
4828 : 4547;
4829 : 6595;
4830 : 6627;
4831 : 6563;
4832 : 4514;
4833 : 4515;
4834 : 6563;
4835 : 6563;
4836 : 6563;
4837 : 6563;
4838 : 6563;
4839 : 6563;
4840 : 6563;
4841 : 8579;
4842 : 8579;
4843 : 8579;
4844 : 6531;
4845 : 6563;
4846 : 4546;
4847 : 6691;
4848 : 6723;
4849 : 6755;
4850 : 6788;
4851 : 6788;
4852 : 6787;
4853 : 4740;
4854 : 4740;
4855 : 4707;
4856 : 6755;
4857 : 4675;
4858 : 4706;
4859 : 4738;
4860 : 4770;
4861 : 4770;
4862 : 4803;
4863 : 4770;
4864 : 4770;
4865 : 2754;
4866 : 4835;
4867 : 4771;
4868 : 4803;
4869 : 2754;
4870 : 4803;
4871 : 4802;
4872 : 4835;
4873 : 4899;
4874 : 2818;
4875 : 4899;
4876 : 4835;
4877 : 6819;
4878 : 6756;
4879 : 8870;
4880 : 8935;
4881 : 8967;
4882 : 8967;
4883 : 8902;
4884 : 8838;
4885 : 6661;
4886 : 8741;
4887 : 8870;
4888 : 9096;
4889 : 7209;
4890 : 5257;
4891 : 5257;
4892 : 5257;
4893 : 5258;
4894 : 5193;
4895 : 7144;
4896 : 7048;
4897 : 6983;
4898 : 6983;
4899 : 7112;
4900 : 7112;
4901 : 7047;
4902 : 9193;
4903 : 15564;
4904 : 15532;
4905 : 13451;
4906 : 15564;
4907 : 15628;
4908 : 15692;
4909 : 17804;
4910 : 17836;
4911 : 19948;
4912 : 19980;
4913 : 19980;
4914 : 17900;
4915 : 17900;
4916 : 17900;
4917 : 19948;
4918 : 21902;
4919 : 23824;
4920 : 23760;
4921 : 25841;
4922 : 25841;
4923 : 25841;
4924 : 23728;
4925 : 21647;
4926 : 21615;
4927 : 21647;
4928 : 23728;
4929 : 25841;
4930 : 23760;
4931 : 23760;
4932 : 23793;
4933 : 27986;
4934 : 27986;
4935 : 25873;
4936 : 25841;
4937 : 25842;
4938 : 25873;
4939 : 27954;
4940 : 28019;
4941 : 25971;
4942 : 17944;
4943 : 9982;
4944 : 5919;
4945 : 7934;
4946 : 7934;
4947 : 7934;
4948 : 7934;
4949 : 7934;
4950 : 7902;
4951 : 7902;
4952 : 7902;
4953 : 7870;
4954 : 7870;
4955 : 9886;
4956 : 11999;
4957 : 9007;
4958 : 0;
4959 : 0;
4960 : 96;
4961 : 6659;
4962 : 6627;
4963 : 4579;
4964 : 8934;
4965 : 6822;
4966 : 8838;
4967 : 8902;
4968 : 6854;
4969 : 8870;
4970 : 8838;
4971 : 8806;
4972 : 8774;
4973 : 8806;
4974 : 8838;
4975 : 8934;
4976 : 8967;
4977 : 8966;
4978 : 8966;
4979 : 8902;
4980 : 8838;
4981 : 8806;
4982 : 6661;
4983 : 6660;
4984 : 8773;
4985 : 6659;
4986 : 4514;
4987 : 4547;
4988 : 4547;
4989 : 6563;
4990 : 6563;
4991 : 6563;
4992 : 4515;
4993 : 6563;
4994 : 4514;
4995 : 6563;
4996 : 6531;
4997 : 6563;
4998 : 6531;
4999 : 6531;
5000 : 6531;
5001 : 8579;
5002 : 8611;
5003 : 8579;
5004 : 6563;
5005 : 6563;
5006 : 6563;
5007 : 6627;
5008 : 6659;
5009 : 6691;
5010 : 6691;
5011 : 6724;
5012 : 6756;
5013 : 6756;
5014 : 4708;
5015 : 4643;
5016 : 6692;
5017 : 6724;
5018 : 6723;
5019 : 6722;
5020 : 6722;
5021 : 6722;
5022 : 6690;
5023 : 6722;
5024 : 6690;
5025 : 4674;
5026 : 4738;
5027 : 4770;
5028 : 4770;
5029 : 4802;
5030 : 4770;
5031 : 4802;
5032 : 4802;
5033 : 2754;
5034 : 4802;
5035 : 4770;
5036 : 4706;
5037 : 4611;
5038 : 6692;
5039 : 8806;
5040 : 8870;
5041 : 6790;
5042 : 6789;
5043 : 6725;
5044 : 8741;
5045 : 6628;
5046 : 8805;
5047 : 8934;
5048 : 7047;
5049 : 7176;
5050 : 7241;
5051 : 5225;
5052 : 5225;
5053 : 5193;
5054 : 5129;
5055 : 5031;
5056 : 7015;
5057 : 6951;
5058 : 6983;
5059 : 7080;
5060 : 7080;
5061 : 7080;
5062 : 9161;
5063 : 15403;
5064 : 13387;
5065 : 13387;
5066 : 13419;
5067 : 13483;
5068 : 13515;
5069 : 13547;
5070 : 13611;
5071 : 15723;
5072 : 17868;
5073 : 17900;
5074 : 17900;
5075 : 17868;
5076 : 17867;
5077 : 17836;
5078 : 19789;
5079 : 21679;
5080 : 21615;
5081 : 23695;
5082 : 23760;
5083 : 23696;
5084 : 21615;
5085 : 21583;
5086 : 21583;
5087 : 21615;
5088 : 23695;
5089 : 23728;
5090 : 23728;
5091 : 23728;
5092 : 23760;
5093 : 25841;
5094 : 25905;
5095 : 25873;
5096 : 23760;
5097 : 25808;
5098 : 25808;
5099 : 25808;
5100 : 25841;
5101 : 23858;
5102 : 19894;
5103 : 13947;
5104 : 9949;
5105 : 9982;
5106 : 9982;
5107 : 9950;
5108 : 9950;
5109 : 9950;
5110 : 9918;
5111 : 9918;
5112 : 11901;
5113 : 11869;
5114 : 11837;
5115 : 13820;
5116 : 13820;
5117 : 8909;
5118 : 0;
5119 : 0;
5120 : 64;
5121 : 6595;
5122 : 6659;
5123 : 8902;
5124 : 6886;
5125 : 6757;
5126 : 8806;
5127 : 8870;
5128 : 6821;
5129 : 6821;
5130 : 8838;
5131 : 6725;
5132 : 8773;
5133 : 6725;
5134 : 6725;
5135 : 8870;
5136 : 6822;
5137 : 6821;
5138 : 6789;
5139 : 6757;
5140 : 6725;
5141 : 6661;
5142 : 6628;
5143 : 6660;
5144 : 8838;
5145 : 8837;
5146 : 4708;
5147 : 6789;
5148 : 6692;
5149 : 6531;
5150 : 6563;
5151 : 6563;
5152 : 6563;
5153 : 6595;
5154 : 6595;
5155 : 6563;
5156 : 6531;
5157 : 6531;
5158 : 6563;
5159 : 6531;
5160 : 6531;
5161 : 6530;
5162 : 6531;
5163 : 6531;
5164 : 6531;
5165 : 6531;
5166 : 6563;
5167 : 6563;
5168 : 6563;
5169 : 6627;
5170 : 6627;
5171 : 6660;
5172 : 4611;
5173 : 6692;
5174 : 6691;
5175 : 6627;
5176 : 6660;
5177 : 6692;
5178 : 4579;
5179 : 6626;
5180 : 6659;
5181 : 6626;
5182 : 6627;
5183 : 6627;
5184 : 6627;
5185 : 4578;
5186 : 6691;
5187 : 4675;
5188 : 4706;
5189 : 4706;
5190 : 4770;
5191 : 4771;
5192 : 4770;
5193 : 4738;
5194 : 4739;
5195 : 4674;
5196 : 6690;
5197 : 4546;
5198 : 6596;
5199 : 6693;
5200 : 6725;
5201 : 6725;
5202 : 6693;
5203 : 6660;
5204 : 6628;
5205 : 6628;
5206 : 8805;
5207 : 8966;
5208 : 6983;
5209 : 7079;
5210 : 5096;
5211 : 5096;
5212 : 5096;
5213 : 5064;
5214 : 5031;
5215 : 6983;
5216 : 4902;
5217 : 6983;
5218 : 6983;
5219 : 6983;
5220 : 4999;
5221 : 7080;
5222 : 4837;
5223 : 11145;
5224 : 11242;
5225 : 11274;
5226 : 11306;
5227 : 13386;
5228 : 13450;
5229 : 13482;
5230 : 11402;
5231 : 13546;
5232 : 15723;
5233 : 17803;
5234 : 17835;
5235 : 17836;
5236 : 17803;
5237 : 17771;
5238 : 17644;
5239 : 19566;
5240 : 21582;
5241 : 19501;
5242 : 21582;
5243 : 19502;
5244 : 19470;
5245 : 21518;
5246 : 19469;
5247 : 21582;
5248 : 23695;
5249 : 23695;
5250 : 21614;
5251 : 21646;
5252 : 23695;
5253 : 23727;
5254 : 23759;
5255 : 23760;
5256 : 23760;
5257 : 23759;
5258 : 23727;
5259 : 23727;
5260 : 23727;
5261 : 23760;
5262 : 21745;
5263 : 19764;
5264 : 15832;
5265 : 13948;
5266 : 11868;
5267 : 11868;
5268 : 11868;
5269 : 11869;
5270 : 11804;
5271 : 11739;
5272 : 11675;
5273 : 13658;
5274 : 13594;
5275 : 15609;
5276 : 15641;
5277 : 8812;
5278 : 0;
5279 : 0;
5280 : 64;
5281 : 4514;
5282 : 4578;
5283 : 8934;
5284 : 11079;
5285 : 8837;
5286 : 6725;
5287 : 8838;
5288 : 6822;
5289 : 6789;
5290 : 8806;
5291 : 6725;
5292 : 6693;
5293 : 8741;
5294 : 6725;
5295 : 6725;
5296 : 6725;
5297 : 6757;
5298 : 6725;
5299 : 6693;
5300 : 6660;
5301 : 6628;
5302 : 8676;
5303 : 8708;
5304 : 8838;
5305 : 8934;
5306 : 6918;
5307 : 8966;
5308 : 6724;
5309 : 4515;
5310 : 6563;
5311 : 6563;
5312 : 6563;
5313 : 6562;
5314 : 6563;
5315 : 6563;
5316 : 6563;
5317 : 6563;
5318 : 6531;
5319 : 6531;
5320 : 6563;
5321 : 6563;
5322 : 6563;
5323 : 6563;
5324 : 6531;
5325 : 6531;
5326 : 6531;
5327 : 6563;
5328 : 6563;
5329 : 6563;
5330 : 6563;
5331 : 6627;
5332 : 6627;
5333 : 6595;
5334 : 4515;
5335 : 4515;
5336 : 6596;
5337 : 6628;
5338 : 6660;
5339 : 4547;
5340 : 6563;
5341 : 4515;
5342 : 4515;
5343 : 6563;
5344 : 6595;
5345 : 6562;
5346 : 6594;
5347 : 6659;
5348 : 6691;
5349 : 6691;
5350 : 4674;
5351 : 6787;
5352 : 6755;
5353 : 4674;
5354 : 6691;
5355 : 6659;
5356 : 6659;
5357 : 4547;
5358 : 8708;
5359 : 8709;
5360 : 6660;
5361 : 8708;
5362 : 6660;
5363 : 6627;
5364 : 6596;
5365 : 6596;
5366 : 6692;
5367 : 8902;
5368 : 6918;
5369 : 6983;
5370 : 7047;
5371 : 7047;
5372 : 7047;
5373 : 7015;
5374 : 4967;
5375 : 4902;
5376 : 6982;
5377 : 6982;
5378 : 4902;
5379 : 6950;
5380 : 7079;
5381 : 7079;
5382 : 4870;
5383 : 11112;
5384 : 11210;
5385 : 11210;
5386 : 11210;
5387 : 11242;
5388 : 11274;
5389 : 13386;
5390 : 13386;
5391 : 13450;
5392 : 15562;
5393 : 13514;
5394 : 15595;
5395 : 13514;
5396 : 13514;
5397 : 13449;
5398 : 15434;
5399 : 19501;
5400 : 21550;
5401 : 19469;
5402 : 21517;
5403 : 19437;
5404 : 19437;
5405 : 19469;
5406 : 19469;
5407 : 19469;
5408 : 19501;
5409 : 21582;
5410 : 21581;
5411 : 23695;
5412 : 23727;
5413 : 23695;
5414 : 21647;
5415 : 23695;
5416 : 23727;
5417 : 23695;
5418 : 23694;
5419 : 23727;
5420 : 25775;
5421 : 25775;
5422 : 23694;
5423 : 21647;
5424 : 19698;
5425 : 13622;
5426 : 11575;
5427 : 13655;
5428 : 13656;
5429 : 13656;
5430 : 13625;
5431 : 15673;
5432 : 15608;
5433 : 15544;
5434 : 15479;
5435 : 15478;
5436 : 17559;
5437 : 10795;
5438 : 0;
5439 : 0;
5440 : 64;
5441 : 4514;
5442 : 2562;
5443 : 4804;
5444 : 6950;
5445 : 6724;
5446 : 6693;
5447 : 8806;
5448 : 6725;
5449 : 6725;
5450 : 8773;
5451 : 6660;
5452 : 6628;
5453 : 6661;
5454 : 6661;
5455 : 6693;
5456 : 8741;
5457 : 8741;
5458 : 8741;
5459 : 6660;
5460 : 6596;
5461 : 8644;
5462 : 6595;
5463 : 6595;
5464 : 8773;
5465 : 8902;
5466 : 8934;
5467 : 4676;
5468 : 4547;
5469 : 6531;
5470 : 6563;
5471 : 6531;
5472 : 6563;
5473 : 6563;
5474 : 6563;
5475 : 6595;
5476 : 6627;
5477 : 6563;
5478 : 6531;
5479 : 6563;
5480 : 6563;
5481 : 4547;
5482 : 4579;
5483 : 4514;
5484 : 6531;
5485 : 6531;
5486 : 6531;
5487 : 6563;
5488 : 6563;
5489 : 6531;
5490 : 6563;
5491 : 4515;
5492 : 6595;
5493 : 6563;
5494 : 4483;
5495 : 6531;
5496 : 6563;
5497 : 6596;
5498 : 10853;
5499 : 6595;
5500 : 6531;
5501 : 6531;
5502 : 6563;
5503 : 6563;
5504 : 6563;
5505 : 6563;
5506 : 6563;
5507 : 6563;
5508 : 6595;
5509 : 4547;
5510 : 4610;
5511 : 6691;
5512 : 6691;
5513 : 6691;
5514 : 6659;
5515 : 6595;
5516 : 4547;
5517 : 4547;
5518 : 6660;
5519 : 6628;
5520 : 6595;
5521 : 6595;
5522 : 6692;
5523 : 8805;
5524 : 6595;
5525 : 6596;
5526 : 6595;
5527 : 6725;
5528 : 6821;
5529 : 6821;
5530 : 6886;
5531 : 6854;
5532 : 6853;
5533 : 6853;
5534 : 6950;
5535 : 4870;
5536 : 4902;
5537 : 4902;
5538 : 6918;
5539 : 6918;
5540 : 6982;
5541 : 4870;
5542 : 8966;
5543 : 13161;
5544 : 11113;
5545 : 11113;
5546 : 11113;
5547 : 11113;
5548 : 11177;
5549 : 11209;
5550 : 11209;
5551 : 11241;
5552 : 11241;
5553 : 11273;
5554 : 11241;
5555 : 11305;
5556 : 11305;
5557 : 13353;
5558 : 15403;
5559 : 21581;
5560 : 21581;
5561 : 19436;
5562 : 19436;
5563 : 19436;
5564 : 19436;
5565 : 19436;
5566 : 19436;
5567 : 19436;
5568 : 19436;
5569 : 19469;
5570 : 19469;
5571 : 21549;
5572 : 21549;
5573 : 21549;
5574 : 21614;
5575 : 23662;
5576 : 23694;
5577 : 23694;
5578 : 21582;
5579 : 21581;
5580 : 23727;
5581 : 21646;
5582 : 21548;
5583 : 21614;
5584 : 21648;
5585 : 15441;
5586 : 13394;
5587 : 13427;
5588 : 13460;
5589 : 15573;
5590 : 15574;
5591 : 13493;
5592 : 15509;
5593 : 15476;
5594 : 15412;
5595 : 15380;
5596 : 17460;
5597 : 8713;
5598 : 0;
5599 : 0;
5600 : 64;
5601 : 6724;
5602 : 6852;
5603 : 6949;
5604 : 6981;
5605 : 8869;
5606 : 6628;
5607 : 6660;
5608 : 6692;
5609 : 8708;
5610 : 6628;
5611 : 6628;
5612 : 6596;
5613 : 6661;
5614 : 8741;
5615 : 6628;
5616 : 6628;
5617 : 6596;
5618 : 6628;
5619 : 6628;
5620 : 6628;
5621 : 6596;
5622 : 6595;
5623 : 6595;
5624 : 6628;
5625 : 6757;
5626 : 6724;
5627 : 4547;
5628 : 4482;
5629 : 6531;
5630 : 6563;
5631 : 6595;
5632 : 6563;
5633 : 6563;
5634 : 6531;
5635 : 6562;
5636 : 6563;
5637 : 6563;
5638 : 6531;
5639 : 6531;
5640 : 6563;
5641 : 6660;
5642 : 8805;
5643 : 6595;
5644 : 6531;
5645 : 6563;
5646 : 6563;
5647 : 6563;
5648 : 8611;
5649 : 8579;
5650 : 6563;
5651 : 6660;
5652 : 4515;
5653 : 6563;
5654 : 6563;
5655 : 6563;
5656 : 6531;
5657 : 6562;
5658 : 4514;
5659 : 6563;
5660 : 6563;
5661 : 6563;
5662 : 6563;
5663 : 6531;
5664 : 6530;
5665 : 6563;
5666 : 6563;
5667 : 6563;
5668 : 6595;
5669 : 6595;
5670 : 6627;
5671 : 6659;
5672 : 6659;
5673 : 4578;
5674 : 6595;
5675 : 6595;
5676 : 4547;
5677 : 4547;
5678 : 6628;
5679 : 6596;
5680 : 6595;
5681 : 6563;
5682 : 6660;
5683 : 8805;
5684 : 6595;
5685 : 6595;
5686 : 6563;
5687 : 6627;
5688 : 6660;
5689 : 6692;
5690 : 6724;
5691 : 6692;
5692 : 6692;
5693 : 6724;
5694 : 6853;
5695 : 6853;
5696 : 6885;
5697 : 6885;
5698 : 6853;
5699 : 4773;
5700 : 4740;
5701 : 4708;
5702 : 4677;
5703 : 8936;
5704 : 11049;
5705 : 11049;
5706 : 11049;
5707 : 11049;
5708 : 11048;
5709 : 11080;
5710 : 11112;
5711 : 11113;
5712 : 11145;
5713 : 11145;
5714 : 11145;
5715 : 11177;
5716 : 11177;
5717 : 11177;
5718 : 15338;
5719 : 19500;
5720 : 19468;
5721 : 17356;
5722 : 17356;
5723 : 19404;
5724 : 19404;
5725 : 19371;
5726 : 19371;
5727 : 19403;
5728 : 19436;
5729 : 19404;
5730 : 19404;
5731 : 19404;
5732 : 19403;
5733 : 19403;
5734 : 21516;
5735 : 21549;
5736 : 23661;
5737 : 23662;
5738 : 21549;
5739 : 19468;
5740 : 21581;
5741 : 19501;
5742 : 19468;
5743 : 21582;
5744 : 21583;
5745 : 17455;
5746 : 15344;
5747 : 15377;
5748 : 13361;
5749 : 13362;
5750 : 15442;
5751 : 15409;
5752 : 13297;
5753 : 13264;
5754 : 13232;
5755 : 15281;
5756 : 15313;
5757 : 8647;
5758 : 0;
5759 : 0;
5760 : 64;
5761 : 6692;
5762 : 8998;
5763 : 6917;
5764 : 6949;
5765 : 6820;
5766 : 4611;
5767 : 6659;
5768 : 6659;
5769 : 6627;
5770 : 6595;
5771 : 6628;
5772 : 6628;
5773 : 6628;
5774 : 6628;
5775 : 6595;
5776 : 6595;
5777 : 6595;
5778 : 6564;
5779 : 8709;
5780 : 6660;
5781 : 6596;
5782 : 6596;
5783 : 6563;
5784 : 6595;
5785 : 6628;
5786 : 6660;
5787 : 6595;
5788 : 4482;
5789 : 6531;
5790 : 6595;
5791 : 8708;
5792 : 6563;
5793 : 6563;
5794 : 6563;
5795 : 6563;
5796 : 6531;
5797 : 6531;
5798 : 6531;
5799 : 6531;
5800 : 6563;
5801 : 6563;
5802 : 6660;
5803 : 6595;
5804 : 6531;
5805 : 6563;
5806 : 6563;
5807 : 6563;
5808 : 8611;
5809 : 8611;
5810 : 6595;
5811 : 8740;
5812 : 6595;
5813 : 6563;
5814 : 6563;
5815 : 6531;
5816 : 6531;
5817 : 6531;
5818 : 6563;
5819 : 6563;
5820 : 6563;
5821 : 6563;
5822 : 6563;
5823 : 6531;
5824 : 6531;
5825 : 6563;
5826 : 6563;
5827 : 6563;
5828 : 6563;
5829 : 6595;
5830 : 6595;
5831 : 6595;
5832 : 6595;
5833 : 6627;
5834 : 6627;
5835 : 6595;
5836 : 6563;
5837 : 6563;
5838 : 6563;
5839 : 6595;
5840 : 6563;
5841 : 6563;
5842 : 6595;
5843 : 6627;
5844 : 6563;
5845 : 6563;
5846 : 6563;
5847 : 6595;
5848 : 4515;
5849 : 6563;
5850 : 6595;
5851 : 6563;
5852 : 6563;
5853 : 4547;
5854 : 4611;
5855 : 4676;
5856 : 6756;
5857 : 6789;
5858 : 4708;
5859 : 6724;
5860 : 6724;
5861 : 6660;
5862 : 6757;
5863 : 11016;
5864 : 8968;
5865 : 8936;
5866 : 8968;
5867 : 10984;
5868 : 8968;
5869 : 8968;
5870 : 8968;
5871 : 11048;
5872 : 11016;
5873 : 8968;
5874 : 8999;
5875 : 9032;
5876 : 9032;
5877 : 11080;
5878 : 15274;
5879 : 19435;
5880 : 19436;
5881 : 19403;
5882 : 17323;
5883 : 19371;
5884 : 17291;
5885 : 17258;
5886 : 17258;
5887 : 17258;
5888 : 17291;
5889 : 19339;
5890 : 17259;
5891 : 17290;
5892 : 19339;
5893 : 19371;
5894 : 19403;
5895 : 21548;
5896 : 23661;
5897 : 21581;
5898 : 19436;
5899 : 19403;
5900 : 19403;
5901 : 19404;
5902 : 19404;
5903 : 19404;
5904 : 19437;
5905 : 17390;
5906 : 15311;
5907 : 15279;
5908 : 15312;
5909 : 15312;
5910 : 15311;
5911 : 13199;
5912 : 13166;
5913 : 13134;
5914 : 13069;
5915 : 13102;
5916 : 15215;
5917 : 8614;
5918 : 0;
5919 : 0;
5920 : 64;
5921 : 4612;
5922 : 6853;
5923 : 6884;
5924 : 6884;
5925 : 6852;
5926 : 4708;
5927 : 6757;
5928 : 6724;
5929 : 6595;
5930 : 6596;
5931 : 6595;
5932 : 6596;
5933 : 6628;
5934 : 6596;
5935 : 6595;
5936 : 6595;
5937 : 6563;
5938 : 6563;
5939 : 6596;
5940 : 6693;
5941 : 4548;
5942 : 6563;
5943 : 6563;
5944 : 6563;
5945 : 6595;
5946 : 6595;
5947 : 4547;
5948 : 6595;
5949 : 4515;
5950 : 6563;
5951 : 6595;
5952 : 4515;
5953 : 6563;
5954 : 6563;
5955 : 6531;
5956 : 6563;
5957 : 6563;
5958 : 6531;
5959 : 6531;
5960 : 6563;
5961 : 6562;
5962 : 6563;
5963 : 6531;
5964 : 6563;
5965 : 6563;
5966 : 6563;
5967 : 6563;
5968 : 8611;
5969 : 10691;
5970 : 8643;
5971 : 6562;
5972 : 6563;
5973 : 6595;
5974 : 6563;
5975 : 6563;
5976 : 6531;
5977 : 6531;
5978 : 6531;
5979 : 6531;
5980 : 6563;
5981 : 6531;
5982 : 6563;
5983 : 6563;
5984 : 6531;
5985 : 6563;
5986 : 6563;
5987 : 6563;
5988 : 6563;
5989 : 6563;
5990 : 6563;
5991 : 6563;
5992 : 6595;
5993 : 6595;
5994 : 6595;
5995 : 6595;
5996 : 6530;
5997 : 6531;
5998 : 6531;
5999 : 6531;
6000 : 6531;
6001 : 6563;
6002 : 6563;
6003 : 4514;
6004 : 6531;
6005 : 6563;
6006 : 6595;
6007 : 6563;
6008 : 6563;
6009 : 6563;
6010 : 6563;
6011 : 6563;
6012 : 6563;
6013 : 6563;
6014 : 4514;
6015 : 4547;
6016 : 4579;
6017 : 4644;
6018 : 6724;
6019 : 6692;
6020 : 4611;
6021 : 4546;
6022 : 4644;
6023 : 8935;
6024 : 8935;
6025 : 8935;
6026 : 8935;
6027 : 8903;
6028 : 10983;
6029 : 10983;
6030 : 10951;
6031 : 8903;
6032 : 10951;
6033 : 10983;
6034 : 8935;
6035 : 8967;
6036 : 11015;
6037 : 11048;
6038 : 15242;
6039 : 19435;
6040 : 19403;
6041 : 19371;
6042 : 19339;
6043 : 19338;
6044 : 17226;
6045 : 15145;
6046 : 17193;
6047 : 17194;
6048 : 17194;
6049 : 17194;
6050 : 17193;
6051 : 17226;
6052 : 19338;
6053 : 19338;
6054 : 19370;
6055 : 19435;
6056 : 21548;
6057 : 21548;
6058 : 21484;
6059 : 19403;
6060 : 19403;
6061 : 19403;
6062 : 19404;
6063 : 19404;
6064 : 19403;
6065 : 17357;
6066 : 15245;
6067 : 13166;
6068 : 15247;
6069 : 15279;
6070 : 15246;
6071 : 13134;
6072 : 13134;
6073 : 13101;
6074 : 13069;
6075 : 13069;
6076 : 15182;
6077 : 8614;
6078 : 0;
6079 : 0;
6080 : 64;
6081 : 6628;
6082 : 6724;
6083 : 6788;
6084 : 6820;
6085 : 6820;
6086 : 6852;
6087 : 6788;
6088 : 6659;
6089 : 6595;
6090 : 6563;
6091 : 6563;
6092 : 6563;
6093 : 6563;
6094 : 6563;
6095 : 6595;
6096 : 6563;
6097 : 6563;
6098 : 6563;
6099 : 6563;
6100 : 6563;
6101 : 6563;
6102 : 6563;
6103 : 6563;
6104 : 6563;
6105 : 6563;
6106 : 6595;
6107 : 6563;
6108 : 6595;
6109 : 6595;
6110 : 6563;
6111 : 6563;
6112 : 6563;
6113 : 6563;
6114 : 4515;
6115 : 6531;
6116 : 6563;
6117 : 4515;
6118 : 6563;
6119 : 6531;
6120 : 6562;
6121 : 6563;
6122 : 6563;
6123 : 6563;
6124 : 6563;
6125 : 6563;
6126 : 6563;
6127 : 6563;
6128 : 6563;
6129 : 8611;
6130 : 10692;
6131 : 8579;
6132 : 6563;
6133 : 6563;
6134 : 8611;
6135 : 6563;
6136 : 6531;
6137 : 6530;
6138 : 8611;
6139 : 8611;
6140 : 8611;
6141 : 6563;
6142 : 6563;
6143 : 6563;
6144 : 8611;
6145 : 8611;
6146 : 6563;
6147 : 6531;
6148 : 6531;
6149 : 6531;
6150 : 6563;
6151 : 6563;
6152 : 6563;
6153 : 6563;
6154 : 6563;
6155 : 6563;
6156 : 6530;
6157 : 6530;
6158 : 6531;
6159 : 6531;
6160 : 6531;
6161 : 6531;
6162 : 6563;
6163 : 8643;
6164 : 6563;
6165 : 6563;
6166 : 6563;
6167 : 6563;
6168 : 6531;
6169 : 6563;
6170 : 6563;
6171 : 6563;
6172 : 8708;
6173 : 6563;
6174 : 6563;
6175 : 4547;
6176 : 6627;
6177 : 6659;
6178 : 4579;
6179 : 6659;
6180 : 6595;
6181 : 6627;
6182 : 6725;
6183 : 8903;
6184 : 8903;
6185 : 8871;
6186 : 8871;
6187 : 8871;
6188 : 8871;
6189 : 10919;
6190 : 10887;
6191 : 8839;
6192 : 8871;
6193 : 10919;
6194 : 10951;
6195 : 10984;
6196 : 13064;
6197 : 17290;
6198 : 17322;
6199 : 17290;
6200 : 17290;
6201 : 17257;
6202 : 17193;
6203 : 15080;
6204 : 15081;
6205 : 15081;
6206 : 15113;
6207 : 15113;
6208 : 15113;
6209 : 15113;
6210 : 15113;
6211 : 15113;
6212 : 17225;
6213 : 19338;
6214 : 19402;
6215 : 19435;
6216 : 19435;
6217 : 19402;
6218 : 17322;
6219 : 19370;
6220 : 19370;
6221 : 19338;
6222 : 19339;
6223 : 19339;
6224 : 17258;
6225 : 17291;
6226 : 15212;
6227 : 13101;
6228 : 13134;
6229 : 13165;
6230 : 13133;
6231 : 13134;
6232 : 13102;
6233 : 13069;
6234 : 13069;
6235 : 13101;
6236 : 15182;
6237 : 6566;
6238 : 0;
6239 : 0;
6240 : 64;
6241 : 6563;
6242 : 6627;
6243 : 6659;
6244 : 6691;
6245 : 4643;
6246 : 6723;
6247 : 4611;
6248 : 4546;
6249 : 6563;
6250 : 6531;
6251 : 6531;
6252 : 6563;
6253 : 6563;
6254 : 6563;
6255 : 6563;
6256 : 4515;
6257 : 6531;
6258 : 6563;
6259 : 6563;
6260 : 6563;
6261 : 6563;
6262 : 6563;
6263 : 6563;
6264 : 6595;
6265 : 6563;
6266 : 6563;
6267 : 4515;
6268 : 6563;
6269 : 6595;
6270 : 6563;
6271 : 6563;
6272 : 6563;
6273 : 4515;
6274 : 4515;
6275 : 6563;
6276 : 6595;
6277 : 4515;
6278 : 6563;
6279 : 6531;
6280 : 6563;
6281 : 6563;
6282 : 6531;
6283 : 6531;
6284 : 6563;
6285 : 6563;
6286 : 6563;
6287 : 6531;
6288 : 6531;
6289 : 6531;
6290 : 8643;
6291 : 8643;
6292 : 8611;
6293 : 6530;
6294 : 6563;
6295 : 6563;
6296 : 6563;
6297 : 8611;
6298 : 10691;
6299 : 10691;
6300 : 10659;
6301 : 10691;
6302 : 10723;
6303 : 8643;
6304 : 8611;
6305 : 6530;
6306 : 6531;
6307 : 6531;
6308 : 6563;
6309 : 6563;
6310 : 6563;
6311 : 6595;
6312 : 6563;
6313 : 6563;
6314 : 6595;
6315 : 6563;
6316 : 6563;
6317 : 6563;
6318 : 6531;
6319 : 6530;
6320 : 6531;
6321 : 6531;
6322 : 6563;
6323 : 6563;
6324 : 8676;
6325 : 6563;
6326 : 6563;
6327 : 6595;
6328 : 6563;
6329 : 6563;
6330 : 6563;
6331 : 6563;
6332 : 6595;
6333 : 6595;
6334 : 6563;
6335 : 6563;
6336 : 4547;
6337 : 4546;
6338 : 4547;
6339 : 6627;
6340 : 6595;
6341 : 8741;
6342 : 10886;
6343 : 10886;
6344 : 8838;
6345 : 8806;
6346 : 10886;
6347 : 10854;
6348 : 10855;
6349 : 10854;
6350 : 8806;
6351 : 8806;
6352 : 8838;
6353 : 10919;
6354 : 12999;
6355 : 15112;
6356 : 15112;
6357 : 15112;
6358 : 17193;
6359 : 17225;
6360 : 17225;
6361 : 15080;
6362 : 12967;
6363 : 12967;
6364 : 12968;
6365 : 12968;
6366 : 15048;
6367 : 15080;
6368 : 15080;
6369 : 15080;
6370 : 15048;
6371 : 15048;
6372 : 15112;
6373 : 17257;
6374 : 19338;
6375 : 19370;
6376 : 17290;
6377 : 17225;
6378 : 17257;
6379 : 17257;
6380 : 17258;
6381 : 17225;
6382 : 17225;
6383 : 17225;
6384 : 15112;
6385 : 15112;
6386 : 15178;
6387 : 15180;
6388 : 13133;
6389 : 13133;
6390 : 13133;
6391 : 13133;
6392 : 13133;
6393 : 13133;
6394 : 13100;
6395 : 13100;
6396 : 13133;
6397 : 6534;
6398 : 0;
6399 : 0;
6400 : 64;
6401 : 6531;
6402 : 6595;
6403 : 6595;
6404 : 6628;
6405 : 6627;
6406 : 6659;
6407 : 6659;
6408 : 6595;
6409 : 6563;
6410 : 6530;
6411 : 6530;
6412 : 6531;
6413 : 6531;
6414 : 6531;
6415 : 6531;
6416 : 6531;
6417 : 6531;
6418 : 6563;
6419 : 6563;
6420 : 6595;
6421 : 6595;
6422 : 6531;
6423 : 6563;
6424 : 6563;
6425 : 6595;
6426 : 6563;
6427 : 6563;
6428 : 6563;
6429 : 6563;
6430 : 6563;
6431 : 6563;
6432 : 6563;
6433 : 6563;
6434 : 6563;
6435 : 6563;
6436 : 4515;
6437 : 4515;
6438 : 4515;
6439 : 6563;
6440 : 6595;
6441 : 6563;
6442 : 6563;
6443 : 6563;
6444 : 8611;
6445 : 8611;
6446 : 8643;
6447 : 8611;
6448 : 8579;
6449 : 6531;
6450 : 8611;
6451 : 10691;
6452 : 10692;
6453 : 8611;
6454 : 6562;
6455 : 6530;
6456 : 8611;
6457 : 12771;
6458 : 12771;
6459 : 12771;
6460 : 12739;
6461 : 10691;
6462 : 10691;
6463 : 8578;
6464 : 6563;
6465 : 6563;
6466 : 6531;
6467 : 6531;
6468 : 6531;
6469 : 6531;
6470 : 6563;
6471 : 6563;
6472 : 6563;
6473 : 6563;
6474 : 6563;
6475 : 6595;
6476 : 6563;
6477 : 6563;
6478 : 6563;
6479 : 4482;
6480 : 6531;
6481 : 6531;
6482 : 6531;
6483 : 6563;
6484 : 6595;
6485 : 6595;
6486 : 6563;
6487 : 6563;
6488 : 6563;
6489 : 6563;
6490 : 6595;
6491 : 6595;
6492 : 6595;
6493 : 6563;
6494 : 6563;
6495 : 6562;
6496 : 6563;
6497 : 4514;
6498 : 6595;
6499 : 6628;
6500 : 8709;
6501 : 10822;
6502 : 10854;
6503 : 10822;
6504 : 10822;
6505 : 10822;
6506 : 10854;
6507 : 8774;
6508 : 8742;
6509 : 8742;
6510 : 8774;
6511 : 8774;
6512 : 8806;
6513 : 12967;
6514 : 12967;
6515 : 12967;
6516 : 12967;
6517 : 15048;
6518 : 15112;
6519 : 15080;
6520 : 15080;
6521 : 12967;
6522 : 12967;
6523 : 12967;
6524 : 15016;
6525 : 13000;
6526 : 15048;
6527 : 15080;
6528 : 15080;
6529 : 15080;
6530 : 15048;
6531 : 12935;
6532 : 12967;
6533 : 17160;
6534 : 17192;
6535 : 15112;
6536 : 15080;
6537 : 15112;
6538 : 15144;
6539 : 15112;
6540 : 15080;
6541 : 15080;
6542 : 15048;
6543 : 12967;
6544 : 12935;
6545 : 12967;
6546 : 15144;
6547 : 17418;
6548 : 19596;
6549 : 17549;
6550 : 17516;
6551 : 17516;
6552 : 17516;
6553 : 17516;
6554 : 17484;
6555 : 15404;
6556 : 17485;
6557 : 8710;
6558 : 0;
6559 : 0;
6560 : 64;
6561 : 6531;
6562 : 6563;
6563 : 6564;
6564 : 6596;
6565 : 6595;
6566 : 4547;
6567 : 6627;
6568 : 6627;
6569 : 4547;
6570 : 4482;
6571 : 6531;
6572 : 6531;
6573 : 6531;
6574 : 6531;
6575 : 6531;
6576 : 6530;
6577 : 6531;
6578 : 6531;
6579 : 6563;
6580 : 6563;
6581 : 8643;
6582 : 8643;
6583 : 6595;
6584 : 6563;
6585 : 6563;
6586 : 6563;
6587 : 6563;
6588 : 6563;
6589 : 6563;
6590 : 6563;
6591 : 6563;
6592 : 6563;
6593 : 6563;
6594 : 6563;
6595 : 6563;
6596 : 4515;
6597 : 6563;
6598 : 6563;
6599 : 6563;
6600 : 6563;
6601 : 6563;
6602 : 6563;
6603 : 6563;
6604 : 8611;
6605 : 8611;
6606 : 10691;
6607 : 10692;
6608 : 10692;
6609 : 10692;
6610 : 8611;
6611 : 8611;
6612 : 10691;
6613 : 8611;
6614 : 8611;
6615 : 8643;
6616 : 10723;
6617 : 12771;
6618 : 12771;
6619 : 12771;
6620 : 12739;
6621 : 8578;
6622 : 8578;
6623 : 6531;
6624 : 6531;
6625 : 6563;
6626 : 6531;
6627 : 6531;
6628 : 6563;
6629 : 6563;
6630 : 6563;
6631 : 6563;
6632 : 6563;
6633 : 6531;
6634 : 6563;
6635 : 6563;
6636 : 4515;
6637 : 6563;
6638 : 6563;
6639 : 6563;
6640 : 6563;
6641 : 6531;
6642 : 6531;
6643 : 6563;
6644 : 6563;
6645 : 6563;
6646 : 8676;
6647 : 8643;
6648 : 6563;
6649 : 6563;
6650 : 6595;
6651 : 6563;
6652 : 6563;
6653 : 6562;
6654 : 4514;
6655 : 6530;
6656 : 6530;
6657 : 6563;
6658 : 6595;
6659 : 8709;
6660 : 10789;
6661 : 8741;
6662 : 10789;
6663 : 10790;
6664 : 10790;
6665 : 10822;
6666 : 8741;
6667 : 8741;
6668 : 8774;
6669 : 8774;
6670 : 10822;
6671 : 10854;
6672 : 10886;
6673 : 12935;
6674 : 12935;
6675 : 12903;
6676 : 12903;
6677 : 12935;
6678 : 12999;
6679 : 12967;
6680 : 12935;
6681 : 12934;
6682 : 12967;
6683 : 15015;
6684 : 15048;
6685 : 15048;
6686 : 15048;
6687 : 15048;
6688 : 15080;
6689 : 15080;
6690 : 12935;
6691 : 12902;
6692 : 12902;
6693 : 12935;
6694 : 12967;
6695 : 12902;
6696 : 12934;
6697 : 15047;
6698 : 15047;
6699 : 15047;
6700 : 15048;
6701 : 15048;
6702 : 12935;
6703 : 10822;
6704 : 12839;
6705 : 12934;
6706 : 17448;
6707 : 26124;
6708 : 28334;
6709 : 26317;
6710 : 26285;
6711 : 26254;
6712 : 26221;
6713 : 26221;
6714 : 26189;
6715 : 24141;
6716 : 26222;
6717 : 13063;
6718 : 0;
6719 : 0;
6720 : 64;
6721 : 6531;
6722 : 6563;
6723 : 6563;
6724 : 6563;
6725 : 4515;
6726 : 4515;
6727 : 4547;
6728 : 6595;
6729 : 6595;
6730 : 6563;
6731 : 6563;
6732 : 6564;
6733 : 6563;
6734 : 6530;
6735 : 6563;
6736 : 6530;
6737 : 6531;
6738 : 6531;
6739 : 6531;
6740 : 6531;
6741 : 6563;
6742 : 8644;
6743 : 6595;
6744 : 6563;
6745 : 6563;
6746 : 6563;
6747 : 6563;
6748 : 6563;
6749 : 6563;
6750 : 6563;
6751 : 8643;
6752 : 6563;
6753 : 6563;
6754 : 6563;
6755 : 6563;
6756 : 6531;
6757 : 6563;
6758 : 6563;
6759 : 4515;
6760 : 4515;
6761 : 4515;
6762 : 6531;
6763 : 6563;
6764 : 6563;
6765 : 8579;
6766 : 8611;
6767 : 8611;
6768 : 10659;
6769 : 10692;
6770 : 10692;
6771 : 10659;
6772 : 8611;
6773 : 10692;
6774 : 10691;
6775 : 10691;
6776 : 12804;
6777 : 14884;
6778 : 14884;
6779 : 12772;
6780 : 8611;
6781 : 8611;
6782 : 6563;
6783 : 6563;
6784 : 6563;
6785 : 6563;
6786 : 6563;
6787 : 6563;
6788 : 6596;
6789 : 6563;
6790 : 6563;
6791 : 6563;
6792 : 6563;
6793 : 6563;
6794 : 6531;
6795 : 6563;
6796 : 6563;
6797 : 6563;
6798 : 6563;
6799 : 6595;
6800 : 6595;
6801 : 6563;
6802 : 6563;
6803 : 6563;
6804 : 6563;
6805 : 6563;
6806 : 8644;
6807 : 8644;
6808 : 8676;
6809 : 6563;
6810 : 6563;
6811 : 6563;
6812 : 6563;
6813 : 6596;
6814 : 6595;
6815 : 6595;
6816 : 8676;
6817 : 6563;
6818 : 6596;
6819 : 8742;
6820 : 8709;
6821 : 8709;
6822 : 8709;
6823 : 10757;
6824 : 10789;
6825 : 8709;
6826 : 8741;
6827 : 10822;
6828 : 10822;
6829 : 10822;
6830 : 10822;
6831 : 10822;
6832 : 10822;
6833 : 10822;
6834 : 12870;
6835 : 10822;
6836 : 10854;
6837 : 10822;
6838 : 12902;
6839 : 12902;
6840 : 12902;
6841 : 12934;
6842 : 12966;
6843 : 12967;
6844 : 15015;
6845 : 15047;
6846 : 15015;
6847 : 15047;
6848 : 15047;
6849 : 12967;
6850 : 10822;
6851 : 10822;
6852 : 10822;
6853 : 10822;
6854 : 12870;
6855 : 12870;
6856 : 12870;
6857 : 12934;
6858 : 15015;
6859 : 15015;
6860 : 15015;
6861 : 15047;
6862 : 12966;
6863 : 8805;
6864 : 8741;
6865 : 13158;
6866 : 28301;
6867 : 30606;
6868 : 28557;
6869 : 28556;
6870 : 28556;
6871 : 28557;
6872 : 28525;
6873 : 28525;
6874 : 30605;
6875 : 28525;
6876 : 30605;
6877 : 15271;
6878 : 0;
6879 : 0;
6880 : 64;
6881 : 6499;
6882 : 6563;
6883 : 6531;
6884 : 4483;
6885 : 6563;
6886 : 6563;
6887 : 6596;
6888 : 6596;
6889 : 6596;
6890 : 6596;
6891 : 6564;
6892 : 6596;
6893 : 6563;
6894 : 4482;
6895 : 4514;
6896 : 4515;
6897 : 6531;
6898 : 6531;
6899 : 6531;
6900 : 6531;
6901 : 6563;
6902 : 6563;
6903 : 6563;
6904 : 8643;
6905 : 8644;
6906 : 6563;
6907 : 6563;
6908 : 6563;
6909 : 6563;
6910 : 6563;
6911 : 6563;
6912 : 6563;
6913 : 6563;
6914 : 6563;
6915 : 6531;
6916 : 6531;
6917 : 6563;
6918 : 6563;
6919 : 6563;
6920 : 6563;
6921 : 6563;
6922 : 6563;
6923 : 6563;
6924 : 6563;
6925 : 6563;
6926 : 6530;
6927 : 6530;
6928 : 8578;
6929 : 10659;
6930 : 12740;
6931 : 10691;
6932 : 10724;
6933 : 12804;
6934 : 12740;
6935 : 14884;
6936 : 16965;
6937 : 14917;
6938 : 10724;
6939 : 6531;
6940 : 6531;
6941 : 6596;
6942 : 8644;
6943 : 6563;
6944 : 6563;
6945 : 6563;
6946 : 6596;
6947 : 6596;
6948 : 8676;
6949 : 8644;
6950 : 6563;
6951 : 6563;
6952 : 6563;
6953 : 6531;
6954 : 6563;
6955 : 6563;
6956 : 6563;
6957 : 6563;
6958 : 6595;
6959 : 6595;
6960 : 6595;
6961 : 6563;
6962 : 6531;
6963 : 6563;
6964 : 6595;
6965 : 6563;
6966 : 6563;
6967 : 8644;
6968 : 10756;
6969 : 6595;
6970 : 6563;
6971 : 6563;
6972 : 6563;
6973 : 6595;
6974 : 8676;
6975 : 8676;
6976 : 10757;
6977 : 8708;
6978 : 8709;
6979 : 8709;
6980 : 6628;
6981 : 8709;
6982 : 8709;
6983 : 10757;
6984 : 10757;
6985 : 8709;
6986 : 10757;
6987 : 10822;
6988 : 10789;
6989 : 12837;
6990 : 12837;
6991 : 10789;
6992 : 10821;
6993 : 10822;
6994 : 10822;
6995 : 12870;
6996 : 12870;
6997 : 12902;
6998 : 12870;
6999 : 12870;
7000 : 12870;
7001 : 12902;
7002 : 12934;
7003 : 12934;
7004 : 12935;
7005 : 12967;
7006 : 12966;
7007 : 12966;
7008 : 12966;
7009 : 12934;
7010 : 10822;
7011 : 10790;
7012 : 10790;
7013 : 10790;
7014 : 12870;
7015 : 10821;
7016 : 10789;
7017 : 12869;
7018 : 12902;
7019 : 14982;
7020 : 14950;
7021 : 10853;
7022 : 15207;
7023 : 17448;
7024 : 11141;
7025 : 21833;
7026 : 30605;
7027 : 28621;
7028 : 28557;
7029 : 28556;
7030 : 28556;
7031 : 28555;
7032 : 28555;
7033 : 28523;
7034 : 28556;
7035 : 28556;
7036 : 30669;
7037 : 15303;
7038 : 0;
7039 : 0;
7040 : 64;
7041 : 6499;
7042 : 6562;
7043 : 6530;
7044 : 6530;
7045 : 6531;
7046 : 6563;
7047 : 6564;
7048 : 6564;
7049 : 6597;
7050 : 6565;
7051 : 6565;
7052 : 6596;
7053 : 4515;
7054 : 6595;
7055 : 6595;
7056 : 6531;
7057 : 6531;
7058 : 6563;
7059 : 6563;
7060 : 6563;
7061 : 4515;
7062 : 6563;
7063 : 6563;
7064 : 8644;
7065 : 8676;
7066 : 8643;
7067 : 6595;
7068 : 6563;
7069 : 6563;
7070 : 6563;
7071 : 6563;
7072 : 6563;
7073 : 6563;
7074 : 6563;
7075 : 6531;
7076 : 6563;
7077 : 6595;
7078 : 4514;
7079 : 6563;
7080 : 6595;
7081 : 6563;
7082 : 6563;
7083 : 6563;
7084 : 6595;
7085 : 6595;
7086 : 4515;
7087 : 4515;
7088 : 6530;
7089 : 8611;
7090 : 10691;
7091 : 10691;
7092 : 12772;
7093 : 12837;
7094 : 12772;
7095 : 16965;
7096 : 14885;
7097 : 12804;
7098 : 8611;
7099 : 6531;
7100 : 6563;
7101 : 6563;
7102 : 6595;
7103 : 6595;
7104 : 6627;
7105 : 6595;
7106 : 6628;
7107 : 8677;
7108 : 10725;
7109 : 10725;
7110 : 8644;
7111 : 8644;
7112 : 6563;
7113 : 6563;
7114 : 6563;
7115 : 6563;
7116 : 6563;
7117 : 6564;
7118 : 6596;
7119 : 6563;
7120 : 6531;
7121 : 8611;
7122 : 6563;
7123 : 6563;
7124 : 6595;
7125 : 6596;
7126 : 8612;
7127 : 10692;
7128 : 10724;
7129 : 8643;
7130 : 6595;
7131 : 6595;
7132 : 6628;
7133 : 6628;
7134 : 8676;
7135 : 8677;
7136 : 10725;
7137 : 10725;
7138 : 8677;
7139 : 6628;
7140 : 6628;
7141 : 8708;
7142 : 8708;
7143 : 10756;
7144 : 10756;
7145 : 8676;
7146 : 6660;
7147 : 8741;
7148 : 10789;
7149 : 10821;
7150 : 10789;
7151 : 10789;
7152 : 10789;
7153 : 10789;
7154 : 10789;
7155 : 10789;
7156 : 10821;
7157 : 10822;
7158 : 10821;
7159 : 10789;
7160 : 10789;
7161 : 10821;
7162 : 10853;
7163 : 10853;
7164 : 10854;
7165 : 10886;
7166 : 10854;
7167 : 12870;
7168 : 12902;
7169 : 12902;
7170 : 10789;
7171 : 10790;
7172 : 10789;
7173 : 10790;
7174 : 10789;
7175 : 10789;
7176 : 10789;
7177 : 10789;
7178 : 10789;
7179 : 12869;
7180 : 12869;
7181 : 10853;
7182 : 19593;
7183 : 26188;
7184 : 26251;
7185 : 28492;
7186 : 28588;
7187 : 28588;
7188 : 28556;
7189 : 28588;
7190 : 28588;
7191 : 28556;
7192 : 28556;
7193 : 28556;
7194 : 28556;
7195 : 28556;
7196 : 30669;
7197 : 17351;
7198 : 0;
7199 : 0;
7200 : 32;
7201 : 6499;
7202 : 6562;
7203 : 6531;
7204 : 6563;
7205 : 6563;
7206 : 6563;
7207 : 6564;
7208 : 6565;
7209 : 6565;
7210 : 6565;
7211 : 4517;
7212 : 6597;
7213 : 4548;
7214 : 4548;
7215 : 6595;
7216 : 6563;
7217 : 6564;
7218 : 6531;
7219 : 6563;
7220 : 6563;
7221 : 4514;
7222 : 6563;
7223 : 6563;
7224 : 8611;
7225 : 8644;
7226 : 8643;
7227 : 10756;
7228 : 8676;
7229 : 6563;
7230 : 6563;
7231 : 6563;
7232 : 6563;
7233 : 6563;
7234 : 6563;
7235 : 6564;
7236 : 6564;
7237 : 6563;
7238 : 6563;
7239 : 6595;
7240 : 6596;
7241 : 6563;
7242 : 6563;
7243 : 6595;
7244 : 6595;
7245 : 6595;
7246 : 4547;
7247 : 6595;
7248 : 6563;
7249 : 8611;
7250 : 8579;
7251 : 10692;
7252 : 10692;
7253 : 12804;
7254 : 16965;
7255 : 19078;
7256 : 14852;
7257 : 10659;
7258 : 8611;
7259 : 8644;
7260 : 8644;
7261 : 6596;
7262 : 6596;
7263 : 6596;
7264 : 6628;
7265 : 6628;
7266 : 8644;
7267 : 8645;
7268 : 10693;
7269 : 10692;
7270 : 10692;
7271 : 10692;
7272 : 8644;
7273 : 8644;
7274 : 6563;
7275 : 6563;
7276 : 6595;
7277 : 6595;
7278 : 6563;
7279 : 8611;
7280 : 8612;
7281 : 8612;
7282 : 8612;
7283 : 8644;
7284 : 8644;
7285 : 8644;
7286 : 8644;
7287 : 10692;
7288 : 12804;
7289 : 10756;
7290 : 8644;
7291 : 8644;
7292 : 8644;
7293 : 8676;
7294 : 10692;
7295 : 10692;
7296 : 10692;
7297 : 10724;
7298 : 8644;
7299 : 6596;
7300 : 8676;
7301 : 8676;
7302 : 10724;
7303 : 10724;
7304 : 12772;
7305 : 8676;
7306 : 6628;
7307 : 8708;
7308 : 10820;
7309 : 10885;
7310 : 12998;
7311 : 10885;
7312 : 10853;
7313 : 8773;
7314 : 8740;
7315 : 10789;
7316 : 10789;
7317 : 10789;
7318 : 10789;
7319 : 10789;
7320 : 8741;
7321 : 10853;
7322 : 10853;
7323 : 10853;
7324 : 10885;
7325 : 10886;
7326 : 10821;
7327 : 10789;
7328 : 12838;
7329 : 12870;
7330 : 10821;
7331 : 10789;
7332 : 10789;
7333 : 10789;
7334 : 10789;
7335 : 10821;
7336 : 12998;
7337 : 12998;
7338 : 10885;
7339 : 10821;
7340 : 10757;
7341 : 8708;
7342 : 13254;
7343 : 28396;
7344 : 30637;
7345 : 28589;
7346 : 28556;
7347 : 28556;
7348 : 26476;
7349 : 28556;
7350 : 28556;
7351 : 28524;
7352 : 28524;
7353 : 28556;
7354 : 28556;
7355 : 28556;
7356 : 30670;
7357 : 15303;
7358 : 0;
7359 : 0;
7360 : 32;
7361 : 6499;
7362 : 6563;
7363 : 6563;
7364 : 6564;
7365 : 6564;
7366 : 6564;
7367 : 6564;
7368 : 6565;
7369 : 6565;
7370 : 6565;
7371 : 4516;
7372 : 4516;
7373 : 4516;
7374 : 4516;
7375 : 4548;
7376 : 6564;
7377 : 6564;
7378 : 6532;
7379 : 6532;
7380 : 6563;
7381 : 6595;
7382 : 6595;
7383 : 6563;
7384 : 6563;
7385 : 6563;
7386 : 8644;
7387 : 10724;
7388 : 10724;
7389 : 6563;
7390 : 6563;
7391 : 6563;
7392 : 6563;
7393 : 6563;
7394 : 6564;
7395 : 8644;
7396 : 8612;
7397 : 8612;
7398 : 6563;
7399 : 6627;
7400 : 8644;
7401 : 8644;
7402 : 8645;
7403 : 6596;
7404 : 6595;
7405 : 6595;
7406 : 6596;
7407 : 8644;
7408 : 8612;
7409 : 8580;
7410 : 8579;
7411 : 10692;
7412 : 10692;
7413 : 14917;
7414 : 19110;
7415 : 23304;
7416 : 16965;
7417 : 10659;
7418 : 8612;
7419 : 8612;
7420 : 8644;
7421 : 8644;
7422 : 8644;
7423 : 8644;
7424 : 6596;
7425 : 8644;
7426 : 8644;
7427 : 10693;
7428 : 10692;
7429 : 10692;
7430 : 10660;
7431 : 10661;
7432 : 10692;
7433 : 10756;
7434 : 8676;
7435 : 6563;
7436 : 6595;
7437 : 8675;
7438 : 8643;
7439 : 10692;
7440 : 10693;
7441 : 10693;
7442 : 10693;
7443 : 10692;
7444 : 8644;
7445 : 8644;
7446 : 10692;
7447 : 10691;
7448 : 14917;
7449 : 12837;
7450 : 8644;
7451 : 8644;
7452 : 8644;
7453 : 8644;
7454 : 8644;
7455 : 10692;
7456 : 10692;
7457 : 10724;
7458 : 8644;
7459 : 6628;
7460 : 8676;
7461 : 8676;
7462 : 10724;
7463 : 10724;
7464 : 12772;
7465 : 10756;
7466 : 6627;
7467 : 8804;
7468 : 13062;
7469 : 15239;
7470 : 15304;
7471 : 15239;
7472 : 13158;
7473 : 13126;
7474 : 11045;
7475 : 10949;
7476 : 8836;
7477 : 10917;
7478 : 10917;
7479 : 8836;
7480 : 8868;
7481 : 13126;
7482 : 13126;
7483 : 11013;
7484 : 13126;
7485 : 15207;
7486 : 10917;
7487 : 8773;
7488 : 10821;
7489 : 10853;
7490 : 13030;
7491 : 13030;
7492 : 10949;
7493 : 13062;
7494 : 13029;
7495 : 11013;
7496 : 15336;
7497 : 15367;
7498 : 15335;
7499 : 13126;
7500 : 12934;
7501 : 10853;
7502 : 13286;
7503 : 26316;
7504 : 26475;
7505 : 26443;
7506 : 26411;
7507 : 26411;
7508 : 26443;
7509 : 26444;
7510 : 26443;
7511 : 26443;
7512 : 26443;
7513 : 26444;
7514 : 26444;
7515 : 26444;
7516 : 28557;
7517 : 15271;
7518 : 0;
7519 : 0;
7520 : 32;
7521 : 6531;
7522 : 6595;
7523 : 6564;
7524 : 4516;
7525 : 4516;
7526 : 6564;
7527 : 6532;
7528 : 6532;
7529 : 6565;
7530 : 6565;
7531 : 6564;
7532 : 6564;
7533 : 6564;
7534 : 6564;
7535 : 6564;
7536 : 6564;
7537 : 6564;
7538 : 8612;
7539 : 8612;
7540 : 8612;
7541 : 8612;
7542 : 6564;
7543 : 6563;
7544 : 8644;
7545 : 8644;
7546 : 8644;
7547 : 10724;
7548 : 10724;
7549 : 8611;
7550 : 8612;
7551 : 8612;
7552 : 8612;
7553 : 8612;
7554 : 8644;
7555 : 8677;
7556 : 8644;
7557 : 8612;
7558 : 8612;
7559 : 8675;
7560 : 10756;
7561 : 8644;
7562 : 8645;
7563 : 8644;
7564 : 6564;
7565 : 6596;
7566 : 8644;
7567 : 8612;
7568 : 10660;
7569 : 10660;
7570 : 8579;
7571 : 10692;
7572 : 12740;
7573 : 19078;
7574 : 27497;
7575 : 25384;
7576 : 19046;
7577 : 10627;
7578 : 10660;
7579 : 10692;
7580 : 10692;
7581 : 10724;
7582 : 8676;
7583 : 10724;
7584 : 10724;
7585 : 10724;
7586 : 10692;
7587 : 10660;
7588 : 12708;
7589 : 12708;
7590 : 12708;
7591 : 10660;
7592 : 12805;
7593 : 12901;
7594 : 12837;
7595 : 8611;
7596 : 6563;
7597 : 8707;
7598 : 8675;
7599 : 10724;
7600 : 12837;
7601 : 12804;
7602 : 10724;
7603 : 12804;
7604 : 12836;
7605 : 10789;
7606 : 10756;
7607 : 10723;
7608 : 14949;
7609 : 12837;
7610 : 8644;
7611 : 8676;
7612 : 8676;
7613 : 8676;
7614 : 10724;
7615 : 10692;
7616 : 10692;
7617 : 10692;
7618 : 10724;
7619 : 8676;
7620 : 8676;
7621 : 10724;
7622 : 10724;
7623 : 10692;
7624 : 12740;
7625 : 10724;
7626 : 8707;
7627 : 6691;
7628 : 8932;
7629 : 15367;
7630 : 15463;
7631 : 15495;
7632 : 15527;
7633 : 15528;
7634 : 15495;
7635 : 15399;
7636 : 13286;
7637 : 15366;
7638 : 15366;
7639 : 13286;
7640 : 13318;
7641 : 15399;
7642 : 15366;
7643 : 15398;
7644 : 15399;
7645 : 15399;
7646 : 15367;
7647 : 13190;
7648 : 11077;
7649 : 15239;
7650 : 17448;
7651 : 17447;
7652 : 15335;
7653 : 15335;
7654 : 15334;
7655 : 13286;
7656 : 15495;
7657 : 15623;
7658 : 19817;
7659 : 19689;
7660 : 17448;
7661 : 17383;
7662 : 15527;
7663 : 22122;
7664 : 24298;
7665 : 22218;
7666 : 22218;
7667 : 24266;
7668 : 24266;
7669 : 24299;
7670 : 24298;
7671 : 24298;
7672 : 22218;
7673 : 24299;
7674 : 24299;
7675 : 24298;
7676 : 26412;
7677 : 13158;
7678 : 0;
7679 : 0;
7680 : 32;
7681 : 6532;
7682 : 4516;
7683 : 4484;
7684 : 4484;
7685 : 4516;
7686 : 6564;
7687 : 6532;
7688 : 8580;
7689 : 6532;
7690 : 6564;
7691 : 6564;
7692 : 6564;
7693 : 6564;
7694 : 6564;
7695 : 6564;
7696 : 6564;
7697 : 8580;
7698 : 8612;
7699 : 8612;
7700 : 8612;
7701 : 8580;
7702 : 8644;
7703 : 10725;
7704 : 8677;
7705 : 8644;
7706 : 8643;
7707 : 12804;
7708 : 12836;
7709 : 8676;
7710 : 10757;
7711 : 8644;
7712 : 10757;
7713 : 10821;
7714 : 10821;
7715 : 12998;
7716 : 15014;
7717 : 10821;
7718 : 8643;
7719 : 8643;
7720 : 10756;
7721 : 10756;
7722 : 10789;
7723 : 10789;
7724 : 8740;
7725 : 6627;
7726 : 8643;
7727 : 8644;
7728 : 8612;
7729 : 8612;
7730 : 8611;
7731 : 10692;
7732 : 10659;
7733 : 19078;
7734 : 31690;
7735 : 29545;
7736 : 19077;
7737 : 12772;
7738 : 14950;
7739 : 12869;
7740 : 12869;
7741 : 15014;
7742 : 12966;
7743 : 12933;
7744 : 12901;
7745 : 10756;
7746 : 8644;
7747 : 10692;
7748 : 12772;
7749 : 10723;
7750 : 10723;
7751 : 12804;
7752 : 15014;
7753 : 17126;
7754 : 15046;
7755 : 6595;
7756 : 8611;
7757 : 10756;
7758 : 8675;
7759 : 17159;
7760 : 19271;
7761 : 19271;
7762 : 19303;
7763 : 19303;
7764 : 19303;
7765 : 17223;
7766 : 12934;
7767 : 10692;
7768 : 14949;
7769 : 12901;
7770 : 14982;
7771 : 17062;
7772 : 14981;
7773 : 14949;
7774 : 12804;
7775 : 12740;
7776 : 12708;
7777 : 12740;
7778 : 12837;
7779 : 12901;
7780 : 12901;
7781 : 12836;
7782 : 10755;
7783 : 10723;
7784 : 12836;
7785 : 10788;
7786 : 10884;
7787 : 8932;
7788 : 6947;
7789 : 15527;
7790 : 19881;
7791 : 19946;
7792 : 19977;
7793 : 17897;
7794 : 17833;
7795 : 19881;
7796 : 19849;
7797 : 17704;
7798 : 17704;
7799 : 19816;
7800 : 19881;
7801 : 19849;
7802 : 19848;
7803 : 19849;
7804 : 19849;
7805 : 19816;
7806 : 19817;
7807 : 19752;
7808 : 15527;
7809 : 15495;
7810 : 17672;
7811 : 17672;
7812 : 15559;
7813 : 13478;
7814 : 15559;
7815 : 17736;
7816 : 17864;
7817 : 17896;
7818 : 19945;
7819 : 19881;
7820 : 17735;
7821 : 15591;
7822 : 15623;
7823 : 20041;
7824 : 22186;
7825 : 22154;
7826 : 22186;
7827 : 22186;
7828 : 22186;
7829 : 22154;
7830 : 22186;
7831 : 22186;
7832 : 22186;
7833 : 22186;
7834 : 24266;
7835 : 22218;
7836 : 26347;
7837 : 13158;
7838 : 0;
7839 : 0;
7840 : 64;
7841 : 4452;
7842 : 4516;
7843 : 4484;
7844 : 6564;
7845 : 6564;
7846 : 6564;
7847 : 6500;
7848 : 6500;
7849 : 6532;
7850 : 6564;
7851 : 6564;
7852 : 8644;
7853 : 6596;
7854 : 8644;
7855 : 8612;
7856 : 6532;
7857 : 8580;
7858 : 8580;
7859 : 8580;
7860 : 8579;
7861 : 8611;
7862 : 10757;
7863 : 12901;
7864 : 12934;
7865 : 10756;
7866 : 8643;
7867 : 14885;
7868 : 14949;
7869 : 12966;
7870 : 13030;
7871 : 15111;
7872 : 15175;
7873 : 15175;
7874 : 15207;
7875 : 17287;
7876 : 17320;
7877 : 17255;
7878 : 8740;
7879 : 8644;
7880 : 10756;
7881 : 12902;
7882 : 12966;
7883 : 13062;
7884 : 13126;
7885 : 13029;
7886 : 10885;
7887 : 12901;
7888 : 12934;
7889 : 15046;
7890 : 10788;
7891 : 8611;
7892 : 10692;
7893 : 16997;
7894 : 27464;
7895 : 33770;
7896 : 16997;
7897 : 12868;
7898 : 17191;
7899 : 15142;
7900 : 17223;
7901 : 17255;
7902 : 17287;
7903 : 17255;
7904 : 17190;
7905 : 15078;
7906 : 15046;
7907 : 17094;
7908 : 15013;
7909 : 15045;
7910 : 17126;
7911 : 15078;
7912 : 15142;
7913 : 17222;
7914 : 15110;
7915 : 4514;
7916 : 8579;
7917 : 10659;
7918 : 8643;
7919 : 15142;
7920 : 15270;
7921 : 15270;
7922 : 15238;
7923 : 15238;
7924 : 15238;
7925 : 17286;
7926 : 12933;
7927 : 10692;
7928 : 14950;
7929 : 15013;
7930 : 17223;
7931 : 17223;
7932 : 15110;
7933 : 15045;
7934 : 14981;
7935 : 10788;
7936 : 12900;
7937 : 15045;
7938 : 15110;
7939 : 15206;
7940 : 15174;
7941 : 13093;
7942 : 15141;
7943 : 15109;
7944 : 17222;
7945 : 15141;
7946 : 13158;
7947 : 17479;
7948 : 17640;
7949 : 19848;
7950 : 19945;
7951 : 17961;
7952 : 17993;
7953 : 17961;
7954 : 17928;
7955 : 17928;
7956 : 17928;
7957 : 19977;
7958 : 20009;
7959 : 20009;
7960 : 20041;
7961 : 20041;
7962 : 20009;
7963 : 20009;
7964 : 20010;
7965 : 20041;
7966 : 20009;
7967 : 19977;
7968 : 17864;
7969 : 17832;
7970 : 17897;
7971 : 17897;
7972 : 19945;
7973 : 17896;
7974 : 17896;
7975 : 17929;
7976 : 17960;
7977 : 17960;
7978 : 17961;
7979 : 17928;
7980 : 17928;
7981 : 17865;
7982 : 17864;
7983 : 20008;
7984 : 20073;
7985 : 20041;
7986 : 20073;
7987 : 20073;
7988 : 20041;
7989 : 20041;
7990 : 20073;
7991 : 20074;
7992 : 22122;
7993 : 22154;
7994 : 22121;
7995 : 20073;
7996 : 22186;
7997 : 13094;
7998 : 0;
7999 : 0;
8000 : 65;
8001 : 6564;
8002 : 6564;
8003 : 6596;
8004 : 10789;
8005 : 10790;
8006 : 10789;
8007 : 10725;
8008 : 8676;
8009 : 8676;
8010 : 8709;
8011 : 8741;
8012 : 10886;
8013 : 10853;
8014 : 10853;
8015 : 8709;
8016 : 8677;
8017 : 10724;
8018 : 8644;
8019 : 8643;
8020 : 10756;
8021 : 10821;
8022 : 12933;
8023 : 13030;
8024 : 15111;
8025 : 10788;
8026 : 8643;
8027 : 12869;
8028 : 15014;
8029 : 15110;
8030 : 15207;
8031 : 13127;
8032 : 13158;
8033 : 13158;
8034 : 13158;
8035 : 13158;
8036 : 11045;
8037 : 13062;
8038 : 8708;
8039 : 8612;
8040 : 10724;
8041 : 12933;
8042 : 12998;
8043 : 13222;
8044 : 17671;
8045 : 13412;
8046 : 11044;
8047 : 13030;
8048 : 13062;
8049 : 13062;
8050 : 10788;
8051 : 8611;
8052 : 12740;
8053 : 19110;
8054 : 29577;
8055 : 31722;
8056 : 16965;
8057 : 10788;
8058 : 10981;
8059 : 13093;
8060 : 13094;
8061 : 11045;
8062 : 11013;
8063 : 11013;
8064 : 10980;
8065 : 10981;
8066 : 13062;
8067 : 13062;
8068 : 13062;
8069 : 10980;
8070 : 10980;
8071 : 11012;
8072 : 11013;
8073 : 13094;
8074 : 13062;
8075 : 6659;
8076 : 6531;
8077 : 8643;
8078 : 6627;
8079 : 8868;
8080 : 8964;
8081 : 8996;
8082 : 8996;
8083 : 8996;
8084 : 8996;
8085 : 8964;
8086 : 6659;
8087 : 10692;
8088 : 12837;
8089 : 10819;
8090 : 10980;
8091 : 11013;
8092 : 11045;
8093 : 11013;
8094 : 11012;
8095 : 11012;
8096 : 11045;
8097 : 11045;
8098 : 11077;
8099 : 11109;
8100 : 11141;
8101 : 13221;
8102 : 13221;
8103 : 13286;
8104 : 13285;
8105 : 15366;
8106 : 17511;
8107 : 17640;
8108 : 17736;
8109 : 17832;
8110 : 17864;
8111 : 17896;
8112 : 17928;
8113 : 17960;
8114 : 17928;
8115 : 17961;
8116 : 17961;
8117 : 17961;
8118 : 17961;
8119 : 17961;
8120 : 17961;
8121 : 17961;
8122 : 17960;
8123 : 17961;
8124 : 17961;
8125 : 17960;
8126 : 17961;
8127 : 17961;
8128 : 17961;
8129 : 20009;
8130 : 20009;
8131 : 20041;
8132 : 20009;
8133 : 17961;
8134 : 17961;
8135 : 17993;
8136 : 17993;
8137 : 17993;
8138 : 17961;
8139 : 17993;
8140 : 20041;
8141 : 20041;
8142 : 20041;
8143 : 20041;
8144 : 20009;
8145 : 17961;
8146 : 17961;
8147 : 17961;
8148 : 17961;
8149 : 20041;
8150 : 20073;
8151 : 20073;
8152 : 20041;
8153 : 20073;
8154 : 20041;
8155 : 17993;
8156 : 20074;
8157 : 11045;
8158 : 0;
8159 : 0;
8160 : 64;
8161 : 8709;
8162 : 10821;
8163 : 10886;
8164 : 12966;
8165 : 12966;
8166 : 12966;
8167 : 12966;
8168 : 15014;
8169 : 12998;
8170 : 12998;
8171 : 15143;
8172 : 15175;
8173 : 15175;
8174 : 13062;
8175 : 12998;
8176 : 15079;
8177 : 12998;
8178 : 12966;
8179 : 12965;
8180 : 12998;
8181 : 13030;
8182 : 13030;
8183 : 13062;
8184 : 13094;
8185 : 8740;
8186 : 8643;
8187 : 12836;
8188 : 14981;
8189 : 10949;
8190 : 8933;
8191 : 8932;
8192 : 8932;
8193 : 6884;
8194 : 6852;
8195 : 6884;
8196 : 8868;
8197 : 8836;
8198 : 4514;
8199 : 6531;
8200 : 6563;
8201 : 6691;
8202 : 8836;
8203 : 13222;
8204 : 15716;
8205 : 17860;
8206 : 11364;
8207 : 6819;
8208 : 8932;
8209 : 6787;
8210 : 6627;
8211 : 8611;
8212 : 14820;
8213 : 23303;
8214 : 29577;
8215 : 27528;
8216 : 16997;
8217 : 8739;
8218 : 6884;
8219 : 6916;
8220 : 6916;
8221 : 6916;
8222 : 8964;
8223 : 8964;
8224 : 8964;
8225 : 8965;
8226 : 11013;
8227 : 8965;
8228 : 6884;
8229 : 6883;
8230 : 6883;
8231 : 6883;
8232 : 6915;
8233 : 8965;
8234 : 11046;
8235 : 10981;
8236 : 8804;
8237 : 10885;
8238 : 10981;
8239 : 8965;
8240 : 8996;
8241 : 9029;
8242 : 9029;
8243 : 11045;
8244 : 11045;
8245 : 11013;
8246 : 6594;
8247 : 8579;
8248 : 10691;
8249 : 10819;
8250 : 13125;
8251 : 11077;
8252 : 11077;
8253 : 9029;
8254 : 9028;
8255 : 9028;
8256 : 11077;
8257 : 11109;
8258 : 9061;
8259 : 9093;
8260 : 11173;
8261 : 11205;
8262 : 11269;
8263 : 11301;
8264 : 13381;
8265 : 13414;
8266 : 13479;
8267 : 13510;
8268 : 13574;
8269 : 15687;
8270 : 15719;
8271 : 13671;
8272 : 15848;
8273 : 20041;
8274 : 20041;
8275 : 20009;
8276 : 20041;
8277 : 20041;
8278 : 20009;
8279 : 20009;
8280 : 20041;
8281 : 20041;
8282 : 20009;
8283 : 20009;
8284 : 20009;
8285 : 17961;
8286 : 17961;
8287 : 17961;
8288 : 17961;
8289 : 20009;
8290 : 20009;
8291 : 20009;
8292 : 20041;
8293 : 17961;
8294 : 17961;
8295 : 17961;
8296 : 20009;
8297 : 20009;
8298 : 20009;
8299 : 20009;
8300 : 20041;
8301 : 20009;
8302 : 20009;
8303 : 20009;
8304 : 20009;
8305 : 17960;
8306 : 17960;
8307 : 17960;
8308 : 17961;
8309 : 17960;
8310 : 17961;
8311 : 17961;
8312 : 17961;
8313 : 17961;
8314 : 17961;
8315 : 17960;
8316 : 20041;
8317 : 11013;
8318 : 0;
8319 : 0;
8320 : 96;
8321 : 12967;
8322 : 13031;
8323 : 13030;
8324 : 12998;
8325 : 10885;
8326 : 10918;
8327 : 12998;
8328 : 12998;
8329 : 13030;
8330 : 11014;
8331 : 11046;
8332 : 11046;
8333 : 11013;
8334 : 8933;
8335 : 8901;
8336 : 8901;
8337 : 8869;
8338 : 8901;
8339 : 8901;
8340 : 8868;
8341 : 8868;
8342 : 8901;
8343 : 8900;
8344 : 8901;
8345 : 6660;
8346 : 10692;
8347 : 14917;
8348 : 14982;
8349 : 8836;
8350 : 6852;
8351 : 6916;
8352 : 6915;
8353 : 6883;
8354 : 6852;
8355 : 6885;
8356 : 8934;
8357 : 8869;
8358 : 4546;
8359 : 6562;
8360 : 6627;
8361 : 8836;
8362 : 10982;
8363 : 11141;
8364 : 13540;
8365 : 13762;
8366 : 13699;
8367 : 9091;
8368 : 9029;
8369 : 8997;
8370 : 6627;
8371 : 8579;
8372 : 14820;
8373 : 27497;
8374 : 27432;
8375 : 25383;
8376 : 21158;
8377 : 8771;
8378 : 11109;
8379 : 9093;
8380 : 9093;
8381 : 9061;
8382 : 11141;
8383 : 11141;
8384 : 11141;
8385 : 11141;
8386 : 11110;
8387 : 11110;
8388 : 11142;
8389 : 11173;
8390 : 11173;
8391 : 11173;
8392 : 11173;
8393 : 11173;
8394 : 11142;
8395 : 11142;
8396 : 11142;
8397 : 13190;
8398 : 11142;
8399 : 9093;
8400 : 9093;
8401 : 11141;
8402 : 11109;
8403 : 9029;
8404 : 8997;
8405 : 8965;
8406 : 8803;
8407 : 8771;
8408 : 8804;
8409 : 10948;
8410 : 11077;
8411 : 9029;
8412 : 11142;
8413 : 11173;
8414 : 11173;
8415 : 11141;
8416 : 9061;
8417 : 11141;
8418 : 11205;
8419 : 11238;
8420 : 11270;
8421 : 11334;
8422 : 13446;
8423 : 15559;
8424 : 13511;
8425 : 15655;
8426 : 15688;
8427 : 15720;
8428 : 15752;
8429 : 17832;
8430 : 17832;
8431 : 15784;
8432 : 20009;
8433 : 20041;
8434 : 20041;
8435 : 20009;
8436 : 20009;
8437 : 20009;
8438 : 20041;
8439 : 20041;
8440 : 20041;
8441 : 20009;
8442 : 17961;
8443 : 20009;
8444 : 20009;
8445 : 20009;
8446 : 17960;
8447 : 17961;
8448 : 17961;
8449 : 17961;
8450 : 17961;
8451 : 17961;
8452 : 17961;
8453 : 20009;
8454 : 20009;
8455 : 20009;
8456 : 20009;
8457 : 20009;
8458 : 17928;
8459 : 17928;
8460 : 17960;
8461 : 17960;
8462 : 17961;
8463 : 17961;
8464 : 20041;
8465 : 17961;
8466 : 17993;
8467 : 17961;
8468 : 17961;
8469 : 17993;
8470 : 20041;
8471 : 17961;
8472 : 17961;
8473 : 17961;
8474 : 17961;
8475 : 17961;
8476 : 20074;
8477 : 11013;
8478 : 0;
8479 : 0;
8480 : 97;
8481 : 10886;
8482 : 8901;
8483 : 8869;
8484 : 8837;
8485 : 8837;
8486 : 8869;
8487 : 8836;
8488 : 6788;
8489 : 6820;
8490 : 6852;
8491 : 6820;
8492 : 4772;
8493 : 6819;
8494 : 6819;
8495 : 6787;
8496 : 6787;
8497 : 4739;
8498 : 4771;
8499 : 6852;
8500 : 6883;
8501 : 6851;
8502 : 6883;
8503 : 6883;
8504 : 8900;
8505 : 6659;
8506 : 10692;
8507 : 16998;
8508 : 14949;
8509 : 10916;
8510 : 8997;
8511 : 9028;
8512 : 9060;
8513 : 9028;
8514 : 8997;
8515 : 11046;
8516 : 11046;
8517 : 11046;
8518 : 8932;
8519 : 10949;
8520 : 8901;
8521 : 8965;
8522 : 8997;
8523 : 9028;
8524 : 11332;
8525 : 11554;
8526 : 13731;
8527 : 11269;
8528 : 9029;
8529 : 11077;
8530 : 8676;
8531 : 6499;
8532 : 14820;
8533 : 25384;
8534 : 21126;
8535 : 23239;
8536 : 25353;
8537 : 10788;
8538 : 11110;
8539 : 11174;
8540 : 11173;
8541 : 11141;
8542 : 9093;
8543 : 9092;
8544 : 9092;
8545 : 11141;
8546 : 11173;
8547 : 11173;
8548 : 11173;
8549 : 11173;
8550 : 11173;
8551 : 11173;
8552 : 11173;
8553 : 11173;
8554 : 11141;
8555 : 9125;
8556 : 11173;
8557 : 11173;
8558 : 11173;
8559 : 11173;
8560 : 11173;
8561 : 11173;
8562 : 9061;
8563 : 11109;
8564 : 11077;
8565 : 9061;
8566 : 9061;
8567 : 11109;
8568 : 11109;
8569 : 11109;
8570 : 11109;
8571 : 11141;
8572 : 11174;
8573 : 11205;
8574 : 11237;
8575 : 11173;
8576 : 11173;
8577 : 11238;
8578 : 13382;
8579 : 13446;
8580 : 13479;
8581 : 13511;
8582 : 15623;
8583 : 15688;
8584 : 15688;
8585 : 17833;
8586 : 17865;
8587 : 17897;
8588 : 19977;
8589 : 20009;
8590 : 17961;
8591 : 17961;
8592 : 17961;
8593 : 17961;
8594 : 17960;
8595 : 17961;
8596 : 17961;
8597 : 17961;
8598 : 17961;
8599 : 17961;
8600 : 17961;
8601 : 17961;
8602 : 17961;
8603 : 17961;
8604 : 17993;
8605 : 20074;
8606 : 17993;
8607 : 17993;
8608 : 17993;
8609 : 17961;
8610 : 17961;
8611 : 20041;
8612 : 20009;
8613 : 20041;
8614 : 20042;
8615 : 20041;
8616 : 20041;
8617 : 20041;
8618 : 20041;
8619 : 17993;
8620 : 17961;
8621 : 17960;
8622 : 17961;
8623 : 17961;
8624 : 17993;
8625 : 17993;
8626 : 20041;
8627 : 17993;
8628 : 17961;
8629 : 17961;
8630 : 17961;
8631 : 17961;
8632 : 17961;
8633 : 17961;
8634 : 17961;
8635 : 17960;
8636 : 20009;
8637 : 11013;
8638 : 0;
8639 : 0;
8640 : 96;
8641 : 6724;
8642 : 4739;
8643 : 4739;
8644 : 4707;
8645 : 6788;
8646 : 4739;
8647 : 6820;
8648 : 6885;
8649 : 6884;
8650 : 6852;
8651 : 6852;
8652 : 6852;
8653 : 8964;
8654 : 8965;
8655 : 8964;
8656 : 8964;
8657 : 8996;
8658 : 8996;
8659 : 9029;
8660 : 9060;
8661 : 11109;
8662 : 9061;
8663 : 9061;
8664 : 11077;
8665 : 8707;
8666 : 10659;
8667 : 14917;
8668 : 12804;
8669 : 10916;
8670 : 9029;
8671 : 9028;
8672 : 9029;
8673 : 9029;
8674 : 8996;
8675 : 11045;
8676 : 11078;
8677 : 11110;
8678 : 9029;
8679 : 9030;
8680 : 8996;
8681 : 8996;
8682 : 8997;
8683 : 9029;
8684 : 9060;
8685 : 11332;
8686 : 15653;
8687 : 15432;
8688 : 13159;
8689 : 10981;
8690 : 8708;
8691 : 6531;
8692 : 10627;
8693 : 19078;
8694 : 14852;
8695 : 16966;
8696 : 21192;
8697 : 8675;
8698 : 11014;
8699 : 11110;
8700 : 11109;
8701 : 11109;
8702 : 11109;
8703 : 9093;
8704 : 9093;
8705 : 9093;
8706 : 11140;
8707 : 11141;
8708 : 11141;
8709 : 9093;
8710 : 11141;
8711 : 11141;
8712 : 11141;
8713 : 11141;
8714 : 11173;
8715 : 11173;
8716 : 11173;
8717 : 11173;
8718 : 11173;
8719 : 11141;
8720 : 11173;
8721 : 11205;
8722 : 11205;
8723 : 11205;
8724 : 11206;
8725 : 11205;
8726 : 11205;
8727 : 11237;
8728 : 11237;
8729 : 13318;
8730 : 13318;
8731 : 11238;
8732 : 11270;
8733 : 11334;
8734 : 13414;
8735 : 13446;
8736 : 13447;
8737 : 13447;
8738 : 13510;
8739 : 13543;
8740 : 15623;
8741 : 15655;
8742 : 15720;
8743 : 15720;
8744 : 17832;
8745 : 19913;
8746 : 17864;
8747 : 17897;
8748 : 17961;
8749 : 17993;
8750 : 17993;
8751 : 17961;
8752 : 17960;
8753 : 17960;
8754 : 17960;
8755 : 17961;
8756 : 17961;
8757 : 17961;
8758 : 17961;
8759 : 17961;
8760 : 17961;
8761 : 17961;
8762 : 17961;
8763 : 17961;
8764 : 17961;
8765 : 17961;
8766 : 17961;
8767 : 15912;
8768 : 15912;
8769 : 17929;
8770 : 17961;
8771 : 17961;
8772 : 17961;
8773 : 17961;
8774 : 20009;
8775 : 17960;
8776 : 17960;
8777 : 17961;
8778 : 17961;
8779 : 15912;
8780 : 17960;
8781 : 17993;
8782 : 17961;
8783 : 17961;
8784 : 17961;
8785 : 17961;
8786 : 17928;
8787 : 17961;
8788 : 17961;
8789 : 17960;
8790 : 17928;
8791 : 17928;
8792 : 17961;
8793 : 17928;
8794 : 17929;
8795 : 17961;
8796 : 20074;
8797 : 11013;
8798 : 0;
8799 : 0;
8800 : 96;
8801 : 6820;
8802 : 8996;
8803 : 9028;
8804 : 8997;
8805 : 8996;
8806 : 8996;
8807 : 8996;
8808 : 9029;
8809 : 9029;
8810 : 9029;
8811 : 9029;
8812 : 9029;
8813 : 11109;
8814 : 9028;
8815 : 9028;
8816 : 9060;
8817 : 9028;
8818 : 9028;
8819 : 9060;
8820 : 11109;
8821 : 11110;
8822 : 9029;
8823 : 9061;
8824 : 10981;
8825 : 6563;
8826 : 8579;
8827 : 10756;
8828 : 8675;
8829 : 8804;
8830 : 11110;
8831 : 11078;
8832 : 11143;
8833 : 9030;
8834 : 9029;
8835 : 8997;
8836 : 8998;
8837 : 11079;
8838 : 9030;
8839 : 9030;
8840 : 9028;
8841 : 8996;
8842 : 9028;
8843 : 9028;
8844 : 9028;
8845 : 7011;
8846 : 13318;
8847 : 15304;
8848 : 13160;
8849 : 15079;
8850 : 15047;
8851 : 12934;
8852 : 8643;
8853 : 10756;
8854 : 10788;
8855 : 10853;
8856 : 12933;
8857 : 10918;
8858 : 11079;
8859 : 11078;
8860 : 11109;
8861 : 11141;
8862 : 11141;
8863 : 11173;
8864 : 9125;
8865 : 11173;
8866 : 11173;
8867 : 11173;
8868 : 11173;
8869 : 11173;
8870 : 11173;
8871 : 11173;
8872 : 11173;
8873 : 13286;
8874 : 13318;
8875 : 11237;
8876 : 13318;
8877 : 13350;
8878 : 11237;
8879 : 11173;
8880 : 9157;
8881 : 9189;
8882 : 11237;
8883 : 11237;
8884 : 11269;
8885 : 11301;
8886 : 13414;
8887 : 13447;
8888 : 11366;
8889 : 13446;
8890 : 11430;
8891 : 11398;
8892 : 13510;
8893 : 15656;
8894 : 15655;
8895 : 13575;
8896 : 13575;
8897 : 15687;
8898 : 17800;
8899 : 17864;
8900 : 15752;
8901 : 15752;
8902 : 15816;
8903 : 17896;
8904 : 17896;
8905 : 17928;
8906 : 17929;
8907 : 17928;
8908 : 17961;
8909 : 17961;
8910 : 17961;
8911 : 20041;
8912 : 22122;
8913 : 20073;
8914 : 20041;
8915 : 20042;
8916 : 20042;
8917 : 20041;
8918 : 20042;
8919 : 22122;
8920 : 20042;
8921 : 20042;
8922 : 20042;
8923 : 20042;
8924 : 20009;
8925 : 17929;
8926 : 17929;
8927 : 17961;
8928 : 17961;
8929 : 19977;
8930 : 20009;
8931 : 17961;
8932 : 17961;
8933 : 17961;
8934 : 17929;
8935 : 17960;
8936 : 17961;
8937 : 17961;
8938 : 17993;
8939 : 17961;
8940 : 17961;
8941 : 20041;
8942 : 20041;
8943 : 20041;
8944 : 20041;
8945 : 20041;
8946 : 20073;
8947 : 20041;
8948 : 20041;
8949 : 17993;
8950 : 17961;
8951 : 17961;
8952 : 17961;
8953 : 17961;
8954 : 17961;
8955 : 17961;
8956 : 22122;
8957 : 11045;
8958 : 0;
8959 : 0;
8960 : 128;
8961 : 11013;
8962 : 9028;
8963 : 9060;
8964 : 11077;
8965 : 9028;
8966 : 9028;
8967 : 9028;
8968 : 9028;
8969 : 9028;
8970 : 9028;
8971 : 9028;
8972 : 9028;
8973 : 9060;
8974 : 9060;
8975 : 9060;
8976 : 9060;
8977 : 9060;
8978 : 9060;
8979 : 9061;
8980 : 11078;
8981 : 13126;
8982 : 11078;
8983 : 11110;
8984 : 8836;
8985 : 8643;
8986 : 8675;
8987 : 8707;
8988 : 8739;
8989 : 10916;
8990 : 11078;
8991 : 11046;
8992 : 11079;
8993 : 11079;
8994 : 11078;
8995 : 9029;
8996 : 8966;
8997 : 8966;
8998 : 8966;
8999 : 8966;
9000 : 9028;
9001 : 9028;
9002 : 9028;
9003 : 9028;
9004 : 9028;
9005 : 9028;
9006 : 9029;
9007 : 11046;
9008 : 13128;
9009 : 15112;
9010 : 15144;
9011 : 17290;
9012 : 12998;
9013 : 10884;
9014 : 8901;
9015 : 8966;
9016 : 10981;
9017 : 11014;
9018 : 8998;
9019 : 8997;
9020 : 9029;
9021 : 9028;
9022 : 9060;
9023 : 9092;
9024 : 11173;
9025 : 11206;
9026 : 9125;
9027 : 9125;
9028 : 9125;
9029 : 9125;
9030 : 9124;
9031 : 9124;
9032 : 9157;
9033 : 11269;
9034 : 13382;
9035 : 13414;
9036 : 15559;
9037 : 13446;
9038 : 9253;
9039 : 11301;
9040 : 11333;
9041 : 11398;
9042 : 13511;
9043 : 13543;
9044 : 13510;
9045 : 15655;
9046 : 15687;
9047 : 13607;
9048 : 15720;
9049 : 17865;
9050 : 17897;
9051 : 17864;
9052 : 15784;
9053 : 17864;
9054 : 19945;
9055 : 17929;
9056 : 17896;
9057 : 17897;
9058 : 19977;
9059 : 17929;
9060 : 17929;
9061 : 17929;
9062 : 17961;
9063 : 17961;
9064 : 17961;
9065 : 17961;
9066 : 17993;
9067 : 17993;
9068 : 17993;
9069 : 17993;
9070 : 20041;
9071 : 22122;
9072 : 22122;
9073 : 22090;
9074 : 22090;
9075 : 22122;
9076 : 22089;
9077 : 22089;
9078 : 22090;
9079 : 22090;
9080 : 22090;
9081 : 22122;
9082 : 22122;
9083 : 22089;
9084 : 20009;
9085 : 7300;
9086 : 5252;
9087 : 20041;
9088 : 22090;
9089 : 22090;
9090 : 20042;
9091 : 20074;
9092 : 20041;
9093 : 20041;
9094 : 17993;
9095 : 17960;
9096 : 17961;
9097 : 20009;
9098 : 17961;
9099 : 17993;
9100 : 17961;
9101 : 20041;
9102 : 17961;
9103 : 17961;
9104 : 20009;
9105 : 17961;
9106 : 17961;
9107 : 17961;
9108 : 17960;
9109 : 17961;
9110 : 17961;
9111 : 17961;
9112 : 17961;
9113 : 17961;
9114 : 17961;
9115 : 17961;
9116 : 20042;
9117 : 11013;
9118 : 0;
9119 : 0;
9120 : 128;
9121 : 11045;
9122 : 11109;
9123 : 11108;
9124 : 11109;
9125 : 11109;
9126 : 11109;
9127 : 11109;
9128 : 9061;
9129 : 9061;
9130 : 9061;
9131 : 9029;
9132 : 9061;
9133 : 11108;
9134 : 9060;
9135 : 9060;
9136 : 9060;
9137 : 9028;
9138 : 9029;
9139 : 9029;
9140 : 8997;
9141 : 11046;
9142 : 8933;
9143 : 11013;
9144 : 11013;
9145 : 10949;
9146 : 10949;
9147 : 10980;
9148 : 8932;
9149 : 10980;
9150 : 8964;
9151 : 8965;
9152 : 8998;
9153 : 8998;
9154 : 11046;
9155 : 11078;
9156 : 8997;
9157 : 8997;
9158 : 8997;
9159 : 8997;
9160 : 9028;
9161 : 9028;
9162 : 9029;
9163 : 9028;
9164 : 9028;
9165 : 6980;
9166 : 9060;
9167 : 9029;
9168 : 11045;
9169 : 11045;
9170 : 11110;
9171 : 19498;
9172 : 11078;
9173 : 9061;
9174 : 11109;
9175 : 9029;
9176 : 8997;
9177 : 8997;
9178 : 8996;
9179 : 9028;
9180 : 9028;
9181 : 9060;
9182 : 9060;
9183 : 9060;
9184 : 9092;
9185 : 9157;
9186 : 11302;
9187 : 11302;
9188 : 11269;
9189 : 11301;
9190 : 11366;
9191 : 13479;
9192 : 13446;
9193 : 11366;
9194 : 13510;
9195 : 15687;
9196 : 17833;
9197 : 19913;
9198 : 17832;
9199 : 19881;
9200 : 22058;
9201 : 19978;
9202 : 19945;
9203 : 20010;
9204 : 17897;
9205 : 17897;
9206 : 17929;
9207 : 17929;
9208 : 17961;
9209 : 17961;
9210 : 17961;
9211 : 20041;
9212 : 20041;
9213 : 20041;
9214 : 20041;
9215 : 20041;
9216 : 20073;
9217 : 20074;
9218 : 22090;
9219 : 22090;
9220 : 20074;
9221 : 20074;
9222 : 20041;
9223 : 20009;
9224 : 20009;
9225 : 17961;
9226 : 20041;
9227 : 17993;
9228 : 17993;
9229 : 17961;
9230 : 17961;
9231 : 20009;
9232 : 17961;
9233 : 17960;
9234 : 17928;
9235 : 20009;
9236 : 17928;
9237 : 17928;
9238 : 17929;
9239 : 17961;
9240 : 17960;
9241 : 17929;
9242 : 17960;
9243 : 17960;
9244 : 17928;
9245 : 5284;
9246 : 7364;
9247 : 17961;
9248 : 20041;
9249 : 20009;
9250 : 17960;
9251 : 17961;
9252 : 17961;
9253 : 17961;
9254 : 17960;
9255 : 17960;
9256 : 17928;
9257 : 17929;
9258 : 17928;
9259 : 17961;
9260 : 17961;
9261 : 17961;
9262 : 17961;
9263 : 17929;
9264 : 17961;
9265 : 17961;
9266 : 17961;
9267 : 17961;
9268 : 17961;
9269 : 17961;
9270 : 17961;
9271 : 17961;
9272 : 17961;
9273 : 17961;
9274 : 17961;
9275 : 17961;
9276 : 20042;
9277 : 11013;
9278 : 0;
9279 : 0;
9280 : 128;
9281 : 8965;
9282 : 9029;
9283 : 9028;
9284 : 9029;
9285 : 9029;
9286 : 9028;
9287 : 9028;
9288 : 9028;
9289 : 9060;
9290 : 9029;
9291 : 9028;
9292 : 9028;
9293 : 9028;
9294 : 9028;
9295 : 9028;
9296 : 9028;
9297 : 9029;
9298 : 9029;
9299 : 8997;
9300 : 8996;
9301 : 8996;
9302 : 8997;
9303 : 8964;
9304 : 8996;
9305 : 8996;
9306 : 8996;
9307 : 8996;
9308 : 9028;
9309 : 9028;
9310 : 9028;
9311 : 9028;
9312 : 8997;
9313 : 6917;
9314 : 8966;
9315 : 8997;
9316 : 9061;
9317 : 11173;
9318 : 9093;
9319 : 9028;
9320 : 9028;
9321 : 9028;
9322 : 9028;
9323 : 9028;
9324 : 6980;
9325 : 7011;
9326 : 9124;
9327 : 11205;
9328 : 11172;
9329 : 11205;
9330 : 13415;
9331 : 13382;
9332 : 13414;
9333 : 15560;
9334 : 17640;
9335 : 13415;
9336 : 9124;
9337 : 11172;
9338 : 11269;
9339 : 15463;
9340 : 13382;
9341 : 15495;
9342 : 15559;
9343 : 15559;
9344 : 13478;
9345 : 13510;
9346 : 13575;
9347 : 15688;
9348 : 17800;
9349 : 17833;
9350 : 17833;
9351 : 17833;
9352 : 17832;
9353 : 17832;
9354 : 17897;
9355 : 20009;
9356 : 20009;
9357 : 20009;
9358 : 20009;
9359 : 20041;
9360 : 22154;
9361 : 22154;
9362 : 22122;
9363 : 22154;
9364 : 22154;
9365 : 20042;
9366 : 17961;
9367 : 20009;
9368 : 20041;
9369 : 20009;
9370 : 17961;
9371 : 17961;
9372 : 20009;
9373 : 20009;
9374 : 20009;
9375 : 19977;
9376 : 17961;
9377 : 17961;
9378 : 17961;
9379 : 17961;
9380 : 17961;
9381 : 17961;
9382 : 17961;
9383 : 17961;
9384 : 17961;
9385 : 17961;
9386 : 20009;
9387 : 17961;
9388 : 17993;
9389 : 17993;
9390 : 17961;
9391 : 17993;
9392 : 15912;
9393 : 15912;
9394 : 17993;
9395 : 11494;
9396 : 17865;
9397 : 17961;
9398 : 17961;
9399 : 17960;
9400 : 15912;
9401 : 17929;
9402 : 15816;
9403 : 17897;
9404 : 17961;
9405 : 15848;
9406 : 15848;
9407 : 17961;
9408 : 17960;
9409 : 17960;
9410 : 17929;
9411 : 17961;
9412 : 17961;
9413 : 20009;
9414 : 20009;
9415 : 20041;
9416 : 20042;
9417 : 20042;
9418 : 20009;
9419 : 20041;
9420 : 20042;
9421 : 20041;
9422 : 20041;
9423 : 20009;
9424 : 17961;
9425 : 17961;
9426 : 17961;
9427 : 17961;
9428 : 17961;
9429 : 17961;
9430 : 20041;
9431 : 20041;
9432 : 20041;
9433 : 22121;
9434 : 22122;
9435 : 22122;
9436 : 24203;
9437 : 13094;
9438 : 0;
9439 : 0;
9440 : 128;
9441 : 8965;
9442 : 9028;
9443 : 9028;
9444 : 9028;
9445 : 9028;
9446 : 9028;
9447 : 9028;
9448 : 9028;
9449 : 9028;
9450 : 9028;
9451 : 9028;
9452 : 9028;
9453 : 9028;
9454 : 9028;
9455 : 9028;
9456 : 9028;
9457 : 9028;
9458 : 11077;
9459 : 11077;
9460 : 11077;
9461 : 11077;
9462 : 11109;
9463 : 11077;
9464 : 11077;
9465 : 11109;
9466 : 11109;
9467 : 11141;
9468 : 11173;
9469 : 11141;
9470 : 11140;
9471 : 11109;
9472 : 9061;
9473 : 9061;
9474 : 9029;
9475 : 8996;
9476 : 11173;
9477 : 11269;
9478 : 11237;
9479 : 9124;
9480 : 9060;
9481 : 9093;
9482 : 9093;
9483 : 9157;
9484 : 11302;
9485 : 13447;
9486 : 11334;
9487 : 13478;
9488 : 15655;
9489 : 17735;
9490 : 17832;
9491 : 17768;
9492 : 15719;
9493 : 17832;
9494 : 19913;
9495 : 17800;
9496 : 15623;
9497 : 15655;
9498 : 17768;
9499 : 17800;
9500 : 15687;
9501 : 17768;
9502 : 19881;
9503 : 19913;
9504 : 19978;
9505 : 20010;
9506 : 17929;
9507 : 17897;
9508 : 17961;
9509 : 17961;
9510 : 20041;
9511 : 20009;
9512 : 20041;
9513 : 17993;
9514 : 17960;
9515 : 17992;
9516 : 17960;
9517 : 17960;
9518 : 17960;
9519 : 20073;
9520 : 22219;
9521 : 22219;
9522 : 24299;
9523 : 22219;
9524 : 22219;
9525 : 17961;
9526 : 17928;
9527 : 17961;
9528 : 17961;
9529 : 17960;
9530 : 17960;
9531 : 17960;
9532 : 17960;
9533 : 17960;
9534 : 17961;
9535 : 20009;
9536 : 17961;
9537 : 17992;
9538 : 17960;
9539 : 17961;
9540 : 17993;
9541 : 17993;
9542 : 20041;
9543 : 20041;
9544 : 20009;
9545 : 20009;
9546 : 20041;
9547 : 17992;
9548 : 17960;
9549 : 17960;
9550 : 17929;
9551 : 17961;
9552 : 17961;
9553 : 20009;
9554 : 15753;
9555 : 2915;
9556 : 13511;
9557 : 20010;
9558 : 17961;
9559 : 17992;
9560 : 15912;
9561 : 17961;
9562 : 7268;
9563 : 7333;
9564 : 17962;
9565 : 20073;
9566 : 20041;
9567 : 20042;
9568 : 20041;
9569 : 20041;
9570 : 20009;
9571 : 20041;
9572 : 20041;
9573 : 20041;
9574 : 20041;
9575 : 20041;
9576 : 20041;
9577 : 20041;
9578 : 20041;
9579 : 20041;
9580 : 20041;
9581 : 20041;
9582 : 20009;
9583 : 20041;
9584 : 20041;
9585 : 17961;
9586 : 17961;
9587 : 17961;
9588 : 17961;
9589 : 17928;
9590 : 17960;
9591 : 20009;
9592 : 20009;
9593 : 20041;
9594 : 20041;
9595 : 20041;
9596 : 22122;
9597 : 11013;
9598 : 0;
9599 : 0;
9600 : 2144;
9601 : 11045;
9602 : 11109;
9603 : 11108;
9604 : 11077;
9605 : 11077;
9606 : 9028;
9607 : 11109;
9608 : 11076;
9609 : 11076;
9610 : 9029;
9611 : 9061;
9612 : 9028;
9613 : 9028;
9614 : 9060;
9615 : 9060;
9616 : 9060;
9617 : 9060;
9618 : 9061;
9619 : 9029;
9620 : 11077;
9621 : 11077;
9622 : 11077;
9623 : 9029;
9624 : 9029;
9625 : 9029;
9626 : 9028;
9627 : 9060;
9628 : 9093;
9629 : 11173;
9630 : 11173;
9631 : 9093;
9632 : 7044;
9633 : 13383;
9634 : 11237;
9635 : 9092;
9636 : 13415;
9637 : 15591;
9638 : 17704;
9639 : 13479;
9640 : 11302;
9641 : 11302;
9642 : 13414;
9643 : 13511;
9644 : 15656;
9645 : 17768;
9646 : 15687;
9647 : 15784;
9648 : 20009;
9649 : 20041;
9650 : 17993;
9651 : 20009;
9652 : 20009;
9653 : 20041;
9654 : 20041;
9655 : 20009;
9656 : 20009;
9657 : 20042;
9658 : 20041;
9659 : 17961;
9660 : 17961;
9661 : 17961;
9662 : 20009;
9663 : 17961;
9664 : 17961;
9665 : 20009;
9666 : 20041;
9667 : 17961;
9668 : 17961;
9669 : 17961;
9670 : 17961;
9671 : 17961;
9672 : 17993;
9673 : 17993;
9674 : 17960;
9675 : 17961;
9676 : 17961;
9677 : 17961;
9678 : 17961;
9679 : 20041;
9680 : 22154;
9681 : 20074;
9682 : 22154;
9683 : 22154;
9684 : 20042;
9685 : 17961;
9686 : 17961;
9687 : 17961;
9688 : 17960;
9689 : 17960;
9690 : 17961;
9691 : 17961;
9692 : 17993;
9693 : 17993;
9694 : 20041;
9695 : 20041;
9696 : 20041;
9697 : 20041;
9698 : 22089;
9699 : 20042;
9700 : 22122;
9701 : 22122;
9702 : 22122;
9703 : 22122;
9704 : 22122;
9705 : 22122;
9706 : 22122;
9707 : 20073;
9708 : 20073;
9709 : 20041;
9710 : 19977;
9711 : 11494;
9712 : 17800;
9713 : 15656;
9714 : 4932;
9715 : 2787;
9716 : 15528;
9717 : 15688;
9718 : 17864;
9719 : 20009;
9720 : 17961;
9721 : 17930;
9722 : 5189;
9723 : 931;
9724 : 11624;
9725 : 20041;
9726 : 20041;
9727 : 17993;
9728 : 17993;
9729 : 20041;
9730 : 17993;
9731 : 17993;
9732 : 17993;
9733 : 17929;
9734 : 15752;
9735 : 20009;
9736 : 17961;
9737 : 17961;
9738 : 17961;
9739 : 17960;
9740 : 17961;
9741 : 17961;
9742 : 17961;
9743 : 17961;
9744 : 17961;
9745 : 17961;
9746 : 17961;
9747 : 17961;
9748 : 17961;
9749 : 17961;
9750 : 17961;
9751 : 17961;
9752 : 17960;
9753 : 17961;
9754 : 17993;
9755 : 17993;
9756 : 20074;
9757 : 11013;
9758 : 0;
9759 : 0;
9760 : 2144;
9761 : 11013;
9762 : 9061;
9763 : 9028;
9764 : 11109;
9765 : 11109;
9766 : 9060;
9767 : 9028;
9768 : 9028;
9769 : 11076;
9770 : 9029;
9771 : 9028;
9772 : 9061;
9773 : 9028;
9774 : 9060;
9775 : 11205;
9776 : 13286;
9777 : 11173;
9778 : 9028;
9779 : 9028;
9780 : 9028;
9781 : 9028;
9782 : 6980;
9783 : 6980;
9784 : 9060;
9785 : 11270;
9786 : 13383;
9787 : 11269;
9788 : 9189;
9789 : 11269;
9790 : 11302;
9791 : 9221;
9792 : 9285;
9793 : 15688;
9794 : 13542;
9795 : 17704;
9796 : 11398;
9797 : 11429;
9798 : 13542;
9799 : 15720;
9800 : 17801;
9801 : 15687;
9802 : 15720;
9803 : 19945;
9804 : 20010;
9805 : 20042;
9806 : 20009;
9807 : 17961;
9808 : 17961;
9809 : 17993;
9810 : 17960;
9811 : 17961;
9812 : 17961;
9813 : 17993;
9814 : 17961;
9815 : 17961;
9816 : 17961;
9817 : 17961;
9818 : 17960;
9819 : 17993;
9820 : 17993;
9821 : 17993;
9822 : 20041;
9823 : 20041;
9824 : 20041;
9825 : 20041;
9826 : 20041;
9827 : 20042;
9828 : 20074;
9829 : 20041;
9830 : 17961;
9831 : 17961;
9832 : 17961;
9833 : 17961;
9834 : 17961;
9835 : 17961;
9836 : 17961;
9837 : 20009;
9838 : 20041;
9839 : 20041;
9840 : 22090;
9841 : 22122;
9842 : 22122;
9843 : 22122;
9844 : 20074;
9845 : 22121;
9846 : 20041;
9847 : 20041;
9848 : 20041;
9849 : 20041;
9850 : 20041;
9851 : 20041;
9852 : 20041;
9853 : 20041;
9854 : 20041;
9855 : 20041;
9856 : 20009;
9857 : 17800;
9858 : 19849;
9859 : 13574;
9860 : 20010;
9861 : 17929;
9862 : 17961;
9863 : 17961;
9864 : 20009;
9865 : 20042;
9866 : 20041;
9867 : 20041;
9868 : 20041;
9869 : 15751;
9870 : 17801;
9871 : 11399;
9872 : 7141;
9873 : 4996;
9874 : 642;
9875 : 675;
9876 : 4932;
9877 : 4996;
9878 : 11431;
9879 : 9381;
9880 : 15752;
9881 : 11559;
9882 : 932;
9883 : 868;
9884 : 5157;
9885 : 17929;
9886 : 17993;
9887 : 17993;
9888 : 17961;
9889 : 17961;
9890 : 17961;
9891 : 17961;
9892 : 20009;
9893 : 17833;
9894 : 2946;
9895 : 17833;
9896 : 20042;
9897 : 17929;
9898 : 17961;
9899 : 17960;
9900 : 17961;
9901 : 17961;
9902 : 17961;
9903 : 17961;
9904 : 17961;
9905 : 17928;
9906 : 17929;
9907 : 17961;
9908 : 17961;
9909 : 17928;
9910 : 17928;
9911 : 17928;
9912 : 17928;
9913 : 17960;
9914 : 17961;
9915 : 17961;
9916 : 20042;
9917 : 11013;
9918 : 0;
9919 : 0;
9920 : 128;
9921 : 8965;
9922 : 9060;
9923 : 7012;
9924 : 9028;
9925 : 9061;
9926 : 9060;
9927 : 9028;
9928 : 9028;
9929 : 9028;
9930 : 9028;
9931 : 9028;
9932 : 9028;
9933 : 9028;
9934 : 11173;
9935 : 11238;
9936 : 11205;
9937 : 9124;
9938 : 9093;
9939 : 11173;
9940 : 9157;
9941 : 9157;
9942 : 11269;
9943 : 13414;
9944 : 11302;
9945 : 11398;
9946 : 13575;
9947 : 15656;
9948 : 15655;
9949 : 15655;
9950 : 17801;
9951 : 15720;
9952 : 15784;
9953 : 20042;
9954 : 22122;
9955 : 19978;
9956 : 15720;
9957 : 17800;
9958 : 19977;
9959 : 20041;
9960 : 17993;
9961 : 17961;
9962 : 17961;
9963 : 17961;
9964 : 17961;
9965 : 17992;
9966 : 17993;
9967 : 17961;
9968 : 17961;
9969 : 17961;
9970 : 17961;
9971 : 17961;
9972 : 17961;
9973 : 17993;
9974 : 17993;
9975 : 17961;
9976 : 17961;
9977 : 17961;
9978 : 17993;
9979 : 20106;
9980 : 17993;
9981 : 17961;
9982 : 20041;
9983 : 20041;
9984 : 20041;
9985 : 20041;
9986 : 20041;
9987 : 20041;
9988 : 20041;
9989 : 20041;
9990 : 20041;
9991 : 20041;
9992 : 20041;
9993 : 20009;
9994 : 17961;
9995 : 20009;
9996 : 20009;
9997 : 20009;
9998 : 20009;
9999 : 20041;
10000 : 20009;
10001 : 20009;
10002 : 20009;
10003 : 20009;
10004 : 20041;
10005 : 20041;
10006 : 20009;
10007 : 20041;
10008 : 17993;
10009 : 17961;
10010 : 17961;
10011 : 17961;
10012 : 17961;
10013 : 17961;
10014 : 17961;
10015 : 17992;
10016 : 20009;
10017 : 9253;
10018 : 7076;
10019 : 11366;
10020 : 15753;
10021 : 15752;
10022 : 17961;
10023 : 17993;
10024 : 17961;
10025 : 11558;
10026 : 15752;
10027 : 17897;
10028 : 17898;
10029 : 11430;
10030 : 2915;
10031 : 771;
10032 : 804;
10033 : 771;
10034 : 707;
10035 : 740;
10036 : 675;
10037 : 674;
10038 : 2916;
10039 : 9318;
10040 : 7204;
10041 : 930;
10042 : 900;
10043 : 837;
10044 : 867;
10045 : 11591;
10046 : 20041;
10047 : 20041;
10048 : 20042;
10049 : 17897;
10050 : 13671;
10051 : 19978;
10052 : 17801;
10053 : 9253;
10054 : 2819;
10055 : 17705;
10056 : 11494;
10057 : 13671;
10058 : 17961;
10059 : 17960;
10060 : 17960;
10061 : 17961;
10062 : 17961;
10063 : 17961;
10064 : 20041;
10065 : 20041;
10066 : 20041;
10067 : 22090;
10068 : 22090;
10069 : 22122;
10070 : 22122;
10071 : 20074;
10072 : 20041;
10073 : 20041;
10074 : 20041;
10075 : 20041;
10076 : 22122;
10077 : 11013;
10078 : 0;
10079 : 0;
10080 : 2177;
10081 : 13222;
10082 : 9157;
10083 : 7043;
10084 : 9125;
10085 : 11238;
10086 : 9125;
10087 : 9060;
10088 : 9028;
10089 : 9029;
10090 : 9061;
10091 : 9060;
10092 : 9157;
10093 : 9189;
10094 : 9221;
10095 : 11334;
10096 : 13382;
10097 : 13382;
10098 : 13414;
10099 : 15527;
10100 : 17704;
10101 : 19849;
10102 : 19881;
10103 : 17833;
10104 : 17768;
10105 : 15720;
10106 : 15719;
10107 : 15720;
10108 : 15816;
10109 : 20010;
10110 : 24268;
10111 : 24300;
10112 : 24332;
10113 : 22251;
10114 : 22187;
10115 : 20042;
10116 : 20009;
10117 : 20041;
10118 : 20041;
10119 : 20009;
10120 : 20009;
10121 : 17961;
10122 : 17960;
10123 : 17960;
10124 : 17960;
10125 : 17960;
10126 : 17960;
10127 : 17961;
10128 : 17961;
10129 : 17961;
10130 : 17961;
10131 : 17961;
10132 : 17961;
10133 : 17961;
10134 : 17961;
10135 : 17961;
10136 : 17961;
10137 : 15912;
10138 : 20073;
10139 : 20073;
10140 : 20041;
10141 : 20041;
10142 : 17928;
10143 : 17928;
10144 : 15880;
10145 : 17961;
10146 : 17961;
10147 : 17928;
10148 : 17961;
10149 : 17928;
10150 : 17961;
10151 : 17993;
10152 : 20041;
10153 : 20041;
10154 : 20041;
10155 : 20041;
10156 : 20041;
10157 : 20041;
10158 : 20041;
10159 : 17961;
10160 : 17961;
10161 : 17961;
10162 : 17961;
10163 : 17961;
10164 : 17961;
10165 : 17961;
10166 : 17928;
10167 : 17961;
10168 : 17960;
10169 : 17961;
10170 : 17961;
10171 : 17961;
10172 : 17960;
10173 : 17961;
10174 : 17993;
10175 : 17993;
10176 : 20041;
10177 : 11398;
10178 : 706;
10179 : 9222;
10180 : 9221;
10181 : 9286;
10182 : 9382;
10183 : 13639;
10184 : 15720;
10185 : 930;
10186 : 5092;
10187 : 7237;
10188 : 7173;
10189 : 7173;
10190 : 739;
10191 : 739;
10192 : 837;
10193 : 804;
10194 : 740;
10195 : 772;
10196 : 739;
10197 : 772;
10198 : 836;
10199 : 900;
10200 : 900;
10201 : 867;
10202 : 868;
10203 : 836;
10204 : 836;
10205 : 3011;
10206 : 17832;
10207 : 17833;
10208 : 9350;
10209 : 9285;
10210 : 13478;
10211 : 13512;
10212 : 7109;
10213 : 673;
10214 : 2787;
10215 : 11271;
10216 : 9253;
10217 : 22027;
10218 : 20009;
10219 : 20041;
10220 : 20041;
10221 : 20041;
10222 : 20009;
10223 : 20041;
10224 : 20041;
10225 : 20041;
10226 : 20041;
10227 : 22089;
10228 : 22089;
10229 : 22089;
10230 : 20041;
10231 : 20041;
10232 : 20041;
10233 : 20041;
10234 : 20041;
10235 : 20041;
10236 : 22122;
10237 : 11013;
10238 : 0;
10239 : 0;
10240 : 2177;
10241 : 11109;
10242 : 13415;
10243 : 17640;
10244 : 13415;
10245 : 13415;
10246 : 15560;
10247 : 13414;
10248 : 11205;
10249 : 11205;
10250 : 11237;
10251 : 11301;
10252 : 15559;
10253 : 15656;
10254 : 13511;
10255 : 13575;
10256 : 15656;
10257 : 15656;
10258 : 15688;
10259 : 17832;
10260 : 19977;
10261 : 22090;
10262 : 20042;
10263 : 20009;
10264 : 20009;
10265 : 20009;
10266 : 19977;
10267 : 19977;
10268 : 20009;
10269 : 20074;
10270 : 24267;
10271 : 22187;
10272 : 20106;
10273 : 20073;
10274 : 20041;
10275 : 20009;
10276 : 20041;
10277 : 17961;
10278 : 17960;
10279 : 17961;
10280 : 17960;
10281 : 17960;
10282 : 17960;
10283 : 17960;
10284 : 17960;
10285 : 17960;
10286 : 17961;
10287 : 17961;
10288 : 17961;
10289 : 20041;
10290 : 17961;
10291 : 17928;
10292 : 17928;
10293 : 17961;
10294 : 20041;
10295 : 17928;
10296 : 17961;
10297 : 15912;
10298 : 20138;
10299 : 20074;
10300 : 22187;
10301 : 20042;
10302 : 17929;
10303 : 17961;
10304 : 17961;
10305 : 17960;
10306 : 17960;
10307 : 15880;
10308 : 17961;
10309 : 17960;
10310 : 15912;
10311 : 17960;
10312 : 17960;
10313 : 17961;
10314 : 17961;
10315 : 17960;
10316 : 17961;
10317 : 17961;
10318 : 17961;
10319 : 17960;
10320 : 17961;
10321 : 17961;
10322 : 17961;
10323 : 17961;
10324 : 17961;
10325 : 17961;
10326 : 20041;
10327 : 20041;
10328 : 20041;
10329 : 20041;
10330 : 20009;
10331 : 20009;
10332 : 20009;
10333 : 20009;
10334 : 20009;
10335 : 17960;
10336 : 17961;
10337 : 11430;
10338 : 706;
10339 : 2852;
10340 : 739;
10341 : 2883;
10342 : 7238;
10343 : 7237;
10344 : 2979;
10345 : 867;
10346 : 802;
10347 : 867;
10348 : 835;
10349 : 836;
10350 : 772;
10351 : 836;
10352 : 836;
10353 : 804;
10354 : 772;
10355 : 804;
10356 : 804;
10357 : 836;
10358 : 868;
10359 : 868;
10360 : 869;
10361 : 901;
10362 : 837;
10363 : 838;
10364 : 837;
10365 : 803;
10366 : 2979;
10367 : 2980;
10368 : 771;
10369 : 5029;
10370 : 4996;
10371 : 2884;
10372 : 771;
10373 : 674;
10374 : 739;
10375 : 707;
10376 : 11303;
10377 : 13479;
10378 : 9349;
10379 : 20009;
10380 : 17993;
10381 : 17961;
10382 : 17961;
10383 : 17961;
10384 : 17961;
10385 : 17993;
10386 : 20041;
10387 : 20041;
10388 : 20041;
10389 : 20009;
10390 : 20009;
10391 : 20009;
10392 : 17960;
10393 : 17961;
10394 : 17961;
10395 : 17961;
10396 : 20042;
10397 : 11013;
10398 : 0;
10399 : 0;
10400 : 129;
10401 : 9061;
10402 : 11301;
10403 : 13446;
10404 : 11398;
10405 : 13543;
10406 : 13575;
10407 : 13575;
10408 : 15591;
10409 : 13510;
10410 : 15623;
10411 : 17800;
10412 : 19945;
10413 : 19945;
10414 : 17832;
10415 : 15784;
10416 : 15816;
10417 : 17897;
10418 : 17929;
10419 : 17928;
10420 : 17960;
10421 : 17960;
10422 : 17993;
10423 : 17960;
10424 : 17960;
10425 : 17961;
10426 : 20009;
10427 : 20009;
10428 : 20041;
10429 : 17961;
10430 : 17993;
10431 : 17993;
10432 : 17993;
10433 : 17993;
10434 : 20009;
10435 : 17961;
10436 : 17961;
10437 : 17960;
10438 : 17960;
10439 : 17961;
10440 : 17960;
10441 : 17960;
10442 : 17960;
10443 : 17961;
10444 : 20041;
10445 : 20041;
10446 : 20041;
10447 : 20042;
10448 : 20074;
10449 : 20074;
10450 : 20041;
10451 : 17961;
10452 : 17961;
10453 : 17961;
10454 : 22187;
10455 : 20041;
10456 : 22219;
10457 : 20106;
10458 : 24299;
10459 : 24299;
10460 : 24235;
10461 : 20042;
10462 : 20009;
10463 : 20009;
10464 : 17961;
10465 : 17961;
10466 : 17961;
10467 : 17961;
10468 : 17961;
10469 : 17961;
10470 : 17960;
10471 : 17960;
10472 : 17961;
10473 : 17960;
10474 : 17961;
10475 : 20009;
10476 : 20009;
10477 : 20009;
10478 : 20041;
10479 : 20041;
10480 : 20041;
10481 : 20041;
10482 : 20041;
10483 : 20042;
10484 : 20042;
10485 : 22090;
10486 : 22122;
10487 : 22122;
10488 : 22122;
10489 : 22122;
10490 : 22122;
10491 : 22122;
10492 : 22122;
10493 : 22090;
10494 : 22090;
10495 : 20041;
10496 : 20074;
10497 : 13576;
10498 : 739;
10499 : 740;
10500 : 772;
10501 : 836;
10502 : 868;
10503 : 2980;
10504 : 867;
10505 : 868;
10506 : 901;
10507 : 901;
10508 : 836;
10509 : 869;
10510 : 804;
10511 : 837;
10512 : 837;
10513 : 804;
10514 : 772;
10515 : 837;
10516 : 837;
10517 : 837;
10518 : 869;
10519 : 837;
10520 : 869;
10521 : 868;
10522 : 836;
10523 : 837;
10524 : 837;
10525 : 837;
10526 : 836;
10527 : 868;
10528 : 837;
10529 : 836;
10530 : 804;
10531 : 804;
10532 : 772;
10533 : 740;
10534 : 740;
10535 : 739;
10536 : 2852;
10537 : 738;
10538 : 13543;
10539 : 17961;
10540 : 17960;
10541 : 17960;
10542 : 17929;
10543 : 20009;
10544 : 20041;
10545 : 17993;
10546 : 17961;
10547 : 17961;
10548 : 17960;
10549 : 17960;
10550 : 17961;
10551 : 17961;
10552 : 17960;
10553 : 17960;
10554 : 17960;
10555 : 17961;
10556 : 20042;
10557 : 11013;
10558 : 0;
10559 : 0;
10560 : 2241;
10561 : 17608;
10562 : 13510;
10563 : 11429;
10564 : 11462;
10565 : 13607;
10566 : 17832;
10567 : 20010;
10568 : 17929;
10569 : 17897;
10570 : 17929;
10571 : 17961;
10572 : 17993;
10573 : 17993;
10574 : 17961;
10575 : 17961;
10576 : 17961;
10577 : 17961;
10578 : 17960;
10579 : 15912;
10580 : 15912;
10581 : 17961;
10582 : 20138;
10583 : 17993;
10584 : 17993;
10585 : 17960;
10586 : 17960;
10587 : 17960;
10588 : 17961;
10589 : 17929;
10590 : 17961;
10591 : 17993;
10592 : 17992;
10593 : 17960;
10594 : 17960;
10595 : 17961;
10596 : 17961;
10597 : 17960;
10598 : 17961;
10599 : 20009;
10600 : 20009;
10601 : 20041;
10602 : 20041;
10603 : 20073;
10604 : 22089;
10605 : 20041;
10606 : 20009;
10607 : 20009;
10608 : 20009;
10609 : 17961;
10610 : 17961;
10611 : 17993;
10612 : 20041;
10613 : 20074;
10614 : 24267;
10615 : 22186;
10616 : 24332;
10617 : 24332;
10618 : 24300;
10619 : 24267;
10620 : 20041;
10621 : 20009;
10622 : 22122;
10623 : 22122;
10624 : 22122;
10625 : 22122;
10626 : 22090;
10627 : 22090;
10628 : 22122;
10629 : 22090;
10630 : 20041;
10631 : 20041;
10632 : 20041;
10633 : 20041;
10634 : 20009;
10635 : 20009;
10636 : 20041;
10637 : 20009;
10638 : 20041;
10639 : 20041;
10640 : 20009;
10641 : 20041;
10642 : 20009;
10643 : 17961;
10644 : 17961;
10645 : 17961;
10646 : 17961;
10647 : 20009;
10648 : 20009;
10649 : 20009;
10650 : 20009;
10651 : 20009;
10652 : 17961;
10653 : 17961;
10654 : 17961;
10655 : 17960;
10656 : 17993;
10657 : 13608;
10658 : 804;
10659 : 773;
10660 : 804;
10661 : 837;
10662 : 868;
10663 : 868;
10664 : 901;
10665 : 869;
10666 : 901;
10667 : 934;
10668 : 869;
10669 : 901;
10670 : 805;
10671 : 805;
10672 : 805;
10673 : 773;
10674 : 773;
10675 : 836;
10676 : 868;
10677 : 836;
10678 : 836;
10679 : 836;
10680 : 836;
10681 : 803;
10682 : 804;
10683 : 805;
10684 : 869;
10685 : 869;
10686 : 901;
10687 : 900;
10688 : 869;
10689 : 869;
10690 : 804;
10691 : 837;
10692 : 772;
10693 : 772;
10694 : 804;
10695 : 803;
10696 : 771;
10697 : 2916;
10698 : 9350;
10699 : 15848;
10700 : 17961;
10701 : 17961;
10702 : 15751;
10703 : 17896;
10704 : 17960;
10705 : 17928;
10706 : 17928;
10707 : 15880;
10708 : 15880;
10709 : 17928;
10710 : 17960;
10711 : 17960;
10712 : 15912;
10713 : 17960;
10714 : 17960;
10715 : 17960;
10716 : 20042;
10717 : 11013;
10718 : 0;
10719 : 0;
10720 : 2241;
10721 : 15592;
10722 : 15752;
10723 : 17832;
10724 : 17897;
10725 : 19977;
10726 : 20009;
10727 : 17961;
10728 : 17961;
10729 : 17993;
10730 : 17961;
10731 : 17960;
10732 : 17960;
10733 : 17960;
10734 : 17993;
10735 : 20041;
10736 : 20009;
10737 : 20041;
10738 : 20074;
10739 : 17993;
10740 : 20106;
10741 : 20074;
10742 : 22187;
10743 : 22154;
10744 : 20041;
10745 : 17961;
10746 : 17961;
10747 : 17961;
10748 : 17961;
10749 : 20009;
10750 : 17961;
10751 : 17993;
10752 : 17993;
10753 : 17961;
10754 : 20041;
10755 : 20041;
10756 : 22121;
10757 : 20041;
10758 : 20041;
10759 : 20042;
10760 : 22122;
10761 : 20041;
10762 : 20041;
10763 : 20041;
10764 : 20041;
10765 : 20009;
10766 : 17961;
10767 : 17929;
10768 : 17961;
10769 : 17961;
10770 : 17961;
10771 : 17961;
10772 : 17961;
10773 : 22154;
10774 : 22219;
10775 : 22186;
10776 : 22186;
10777 : 20106;
10778 : 20041;
10779 : 20041;
10780 : 17961;
10781 : 20009;
10782 : 20041;
10783 : 20041;
10784 : 20041;
10785 : 20042;
10786 : 20042;
10787 : 22090;
10788 : 20042;
10789 : 20041;
10790 : 20041;
10791 : 20009;
10792 : 20009;
10793 : 20009;
10794 : 20009;
10795 : 20009;
10796 : 20009;
10797 : 20009;
10798 : 20009;
10799 : 20009;
10800 : 20009;
10801 : 17961;
10802 : 17961;
10803 : 17961;
10804 : 17961;
10805 : 17961;
10806 : 17961;
10807 : 17960;
10808 : 17928;
10809 : 17928;
10810 : 17928;
10811 : 17928;
10812 : 17960;
10813 : 17961;
10814 : 17961;
10815 : 17960;
10816 : 17992;
10817 : 11558;
10818 : 803;
10819 : 805;
10820 : 837;
10821 : 869;
10822 : 869;
10823 : 869;
10824 : 869;
10825 : 869;
10826 : 869;
10827 : 869;
10828 : 837;
10829 : 869;
10830 : 805;
10831 : 804;
10832 : 804;
10833 : 804;
10834 : 804;
10835 : 804;
10836 : 805;
10837 : 805;
10838 : 804;
10839 : 773;
10840 : 772;
10841 : 772;
10842 : 804;
10843 : 805;
10844 : 805;
10845 : 869;
10846 : 869;
10847 : 869;
10848 : 901;
10849 : 869;
10850 : 804;
10851 : 837;
10852 : 772;
10853 : 772;
10854 : 836;
10855 : 836;
10856 : 836;
10857 : 7175;
10858 : 7270;
10859 : 20010;
10860 : 17897;
10861 : 7268;
10862 : 15687;
10863 : 15752;
10864 : 20009;
10865 : 20009;
10866 : 20009;
10867 : 17961;
10868 : 17961;
10869 : 17961;
10870 : 20009;
10871 : 20041;
10872 : 20041;
10873 : 20041;
10874 : 20041;
10875 : 20041;
10876 : 22122;
10877 : 11013;
10878 : 0;
10879 : 0;
10880 : 2273;
10881 : 17801;
10882 : 17961;
10883 : 17929;
10884 : 17960;
10885 : 17960;
10886 : 17960;
10887 : 17960;
10888 : 17961;
10889 : 17961;
10890 : 20009;
10891 : 20041;
10892 : 20073;
10893 : 20042;
10894 : 22090;
10895 : 22122;
10896 : 22122;
10897 : 22122;
10898 : 24268;
10899 : 22187;
10900 : 24332;
10901 : 24299;
10902 : 24332;
10903 : 24299;
10904 : 20041;
10905 : 20009;
10906 : 20041;
10907 : 20041;
10908 : 20041;
10909 : 20041;
10910 : 20041;
10911 : 20041;
10912 : 20041;
10913 : 20041;
10914 : 20041;
10915 : 20073;
10916 : 20041;
10917 : 20041;
10918 : 20009;
10919 : 20009;
10920 : 20009;
10921 : 17961;
10922 : 17961;
10923 : 17961;
10924 : 17961;
10925 : 17993;
10926 : 17961;
10927 : 17961;
10928 : 17961;
10929 : 17961;
10930 : 17993;
10931 : 17961;
10932 : 17961;
10933 : 17961;
10934 : 17993;
10935 : 17993;
10936 : 17960;
10937 : 17961;
10938 : 17961;
10939 : 20009;
10940 : 17961;
10941 : 17960;
10942 : 17961;
10943 : 20009;
10944 : 17960;
10945 : 17961;
10946 : 17961;
10947 : 17961;
10948 : 17961;
10949 : 17961;
10950 : 20009;
10951 : 17961;
10952 : 17961;
10953 : 17961;
10954 : 17961;
10955 : 17961;
10956 : 17960;
10957 : 17961;
10958 : 17961;
10959 : 17993;
10960 : 20009;
10961 : 17961;
10962 : 17961;
10963 : 17993;
10964 : 17993;
10965 : 17993;
10966 : 17993;
10967 : 17961;
10968 : 17961;
10969 : 17961;
10970 : 17960;
10971 : 17960;
10972 : 17928;
10973 : 17960;
10974 : 17928;
10975 : 17960;
10976 : 17992;
10977 : 15849;
10978 : 3012;
10979 : 837;
10980 : 837;
10981 : 804;
10982 : 805;
10983 : 837;
10984 : 837;
10985 : 805;
10986 : 837;
10987 : 805;
10988 : 805;
10989 : 804;
10990 : 836;
10991 : 868;
10992 : 869;
10993 : 901;
10994 : 901;
10995 : 1029;
10996 : 1061;
10997 : 1061;
10998 : 1061;
10999 : 1061;
11000 : 997;
11001 : 964;
11002 : 901;
11003 : 837;
11004 : 804;
11005 : 804;
11006 : 804;
11007 : 805;
11008 : 837;
11009 : 805;
11010 : 804;
11011 : 805;
11012 : 772;
11013 : 804;
11014 : 869;
11015 : 869;
11016 : 837;
11017 : 2949;
11018 : 7205;
11019 : 15688;
11020 : 9318;
11021 : 2915;
11022 : 15624;
11023 : 13543;
11024 : 11526;
11025 : 17864;
11026 : 22090;
11027 : 22090;
11028 : 20042;
11029 : 20041;
11030 : 20041;
11031 : 20041;
11032 : 20009;
11033 : 20009;
11034 : 20009;
11035 : 20009;
11036 : 22122;
11037 : 13061;
11038 : 0;
11039 : 0;
11040 : 2273;
11041 : 19881;
11042 : 17993;
11043 : 20009;
11044 : 20009;
11045 : 17961;
11046 : 17961;
11047 : 17993;
11048 : 20041;
11049 : 20041;
11050 : 20041;
11051 : 22122;
11052 : 20074;
11053 : 22122;
11054 : 22090;
11055 : 22122;
11056 : 22122;
11057 : 22187;
11058 : 24300;
11059 : 24300;
11060 : 24299;
11061 : 22219;
11062 : 20106;
11063 : 20041;
11064 : 20041;
11065 : 17961;
11066 : 17961;
11067 : 17961;
11068 : 17993;
11069 : 17961;
11070 : 20009;
11071 : 20009;
11072 : 17961;
11073 : 17960;
11074 : 17960;
11075 : 17961;
11076 : 17961;
11077 : 17993;
11078 : 17961;
11079 : 17961;
11080 : 20009;
11081 : 17961;
11082 : 17993;
11083 : 17961;
11084 : 17961;
11085 : 17993;
11086 : 17993;
11087 : 17961;
11088 : 17960;
11089 : 17961;
11090 : 17961;
11091 : 17961;
11092 : 17961;
11093 : 17961;
11094 : 17961;
11095 : 15912;
11096 : 17960;
11097 : 17960;
11098 : 17960;
11099 : 17960;
11100 : 15912;
11101 : 17961;
11102 : 17993;
11103 : 17993;
11104 : 17961;
11105 : 17961;
11106 : 17961;
11107 : 17961;
11108 : 17929;
11109 : 15718;
11110 : 13636;
11111 : 13701;
11112 : 17929;
11113 : 17961;
11114 : 17961;
11115 : 17961;
11116 : 17961;
11117 : 17961;
11118 : 17993;
11119 : 17961;
11120 : 17961;
11121 : 17961;
11122 : 17961;
11123 : 17961;
11124 : 17961;
11125 : 17961;
11126 : 17961;
11127 : 17961;
11128 : 17928;
11129 : 17960;
11130 : 17961;
11131 : 17961;
11132 : 17961;
11133 : 17960;
11134 : 17960;
11135 : 17960;
11136 : 17960;
11137 : 17961;
11138 : 11463;
11139 : 869;
11140 : 805;
11141 : 837;
11142 : 869;
11143 : 836;
11144 : 837;
11145 : 869;
11146 : 966;
11147 : 997;
11148 : 1029;
11149 : 1029;
11150 : 1093;
11151 : 3238;
11152 : 7463;
11153 : 7463;
11154 : 5414;
11155 : 7558;
11156 : 7590;
11157 : 9638;
11158 : 7590;
11159 : 9638;
11160 : 9607;
11161 : 7527;
11162 : 7463;
11163 : 3206;
11164 : 1061;
11165 : 1061;
11166 : 932;
11167 : 836;
11168 : 804;
11169 : 805;
11170 : 805;
11171 : 805;
11172 : 773;
11173 : 805;
11174 : 836;
11175 : 836;
11176 : 837;
11177 : 868;
11178 : 900;
11179 : 7174;
11180 : 802;
11181 : 2948;
11182 : 7141;
11183 : 5059;
11184 : 13639;
11185 : 22090;
11186 : 22090;
11187 : 20042;
11188 : 20042;
11189 : 20041;
11190 : 20009;
11191 : 20009;
11192 : 17961;
11193 : 20009;
11194 : 20009;
11195 : 17961;
11196 : 22122;
11197 : 11013;
11198 : 0;
11199 : 0;
11200 : 2273;
11201 : 19882;
11202 : 17993;
11203 : 20009;
11204 : 17961;
11205 : 17961;
11206 : 20009;
11207 : 20041;
11208 : 20041;
11209 : 20009;
11210 : 20009;
11211 : 17961;
11212 : 17961;
11213 : 17961;
11214 : 20009;
11215 : 20041;
11216 : 20041;
11217 : 20074;
11218 : 20074;
11219 : 20041;
11220 : 17961;
11221 : 17961;
11222 : 17960;
11223 : 17960;
11224 : 17960;
11225 : 17961;
11226 : 17961;
11227 : 17961;
11228 : 17961;
11229 : 17961;
11230 : 17961;
11231 : 17961;
11232 : 17960;
11233 : 17993;
11234 : 17993;
11235 : 17993;
11236 : 17993;
11237 : 17961;
11238 : 17961;
11239 : 17961;
11240 : 17961;
11241 : 17961;
11242 : 17961;
11243 : 17961;
11244 : 17961;
11245 : 17961;
11246 : 17961;
11247 : 17961;
11248 : 17993;
11249 : 17993;
11250 : 17993;
11251 : 17993;
11252 : 17960;
11253 : 17961;
11254 : 17961;
11255 : 17961;
11256 : 17961;
11257 : 17960;
11258 : 15912;
11259 : 15912;
11260 : 17960;
11261 : 17961;
11262 : 17961;
11263 : 17960;
11264 : 17960;
11265 : 17960;
11266 : 17961;
11267 : 20010;
11268 : 15750;
11269 : 11522;
11270 : 11586;
11271 : 15749;
11272 : 19976;
11273 : 17961;
11274 : 17961;
11275 : 17961;
11276 : 17961;
11277 : 17961;
11278 : 17929;
11279 : 17928;
11280 : 17929;
11281 : 17928;
11282 : 17961;
11283 : 17961;
11284 : 17960;
11285 : 17961;
11286 : 17961;
11287 : 17961;
11288 : 20041;
11289 : 20041;
11290 : 20041;
11291 : 20041;
11292 : 20042;
11293 : 20041;
11294 : 22089;
11295 : 22121;
11296 : 22090;
11297 : 19946;
11298 : 11399;
11299 : 869;
11300 : 837;
11301 : 901;
11302 : 965;
11303 : 997;
11304 : 1030;
11305 : 3206;
11306 : 3303;
11307 : 3334;
11308 : 5446;
11309 : 7494;
11310 : 9607;
11311 : 9671;
11312 : 11783;
11313 : 11782;
11314 : 11751;
11315 : 13799;
11316 : 17993;
11317 : 20009;
11318 : 20009;
11319 : 20010;
11320 : 20009;
11321 : 13799;
11322 : 11751;
11323 : 9638;
11324 : 9639;
11325 : 7559;
11326 : 5414;
11327 : 5286;
11328 : 1094;
11329 : 1029;
11330 : 933;
11331 : 869;
11332 : 805;
11333 : 805;
11334 : 805;
11335 : 805;
11336 : 805;
11337 : 837;
11338 : 869;
11339 : 804;
11340 : 771;
11341 : 2884;
11342 : 2947;
11343 : 11526;
11344 : 20009;
11345 : 17961;
11346 : 20009;
11347 : 17961;
11348 : 20009;
11349 : 20041;
11350 : 17961;
11351 : 17961;
11352 : 17961;
11353 : 17961;
11354 : 17961;
11355 : 17961;
11356 : 20042;
11357 : 11013;
11358 : 0;
11359 : 0;
11360 : 2273;
11361 : 19882;
11362 : 17993;
11363 : 20041;
11364 : 20041;
11365 : 20009;
11366 : 20041;
11367 : 20041;
11368 : 20041;
11369 : 20009;
11370 : 17961;
11371 : 17961;
11372 : 17960;
11373 : 17960;
11374 : 17960;
11375 : 17961;
11376 : 17961;
11377 : 17961;
11378 : 17961;
11379 : 17961;
11380 : 17960;
11381 : 17960;
11382 : 17961;
11383 : 17961;
11384 : 17961;
11385 : 17961;
11386 : 17961;
11387 : 17961;
11388 : 17993;
11389 : 17961;
11390 : 17993;
11391 : 17961;
11392 : 17961;
11393 : 20074;
11394 : 18025;
11395 : 17961;
11396 : 17993;
11397 : 17993;
11398 : 17961;
11399 : 17961;
11400 : 17961;
11401 : 17961;
11402 : 17993;
11403 : 17993;
11404 : 17993;
11405 : 17993;
11406 : 17961;
11407 : 20073;
11408 : 18025;
11409 : 17993;
11410 : 17961;
11411 : 17961;
11412 : 17961;
11413 : 17961;
11414 : 17961;
11415 : 17961;
11416 : 17961;
11417 : 17960;
11418 : 17960;
11419 : 17960;
11420 : 17960;
11421 : 17961;
11422 : 17961;
11423 : 17961;
11424 : 20041;
11425 : 20041;
11426 : 20042;
11427 : 19946;
11428 : 13637;
11429 : 13699;
11430 : 15812;
11431 : 20007;
11432 : 22089;
11433 : 20042;
11434 : 20041;
11435 : 20041;
11436 : 20041;
11437 : 20009;
11438 : 17961;
11439 : 17961;
11440 : 17961;
11441 : 17961;
11442 : 17961;
11443 : 17961;
11444 : 17993;
11445 : 17961;
11446 : 17961;
11447 : 20041;
11448 : 20041;
11449 : 20041;
11450 : 22089;
11451 : 22090;
11452 : 22090;
11453 : 22090;
11454 : 22122;
11455 : 22122;
11456 : 17801;
11457 : 7044;
11458 : 610;
11459 : 772;
11460 : 837;
11461 : 901;
11462 : 3175;
11463 : 3271;
11464 : 1222;
11465 : 3366;
11466 : 7559;
11467 : 7590;
11468 : 7622;
11469 : 11783;
11470 : 13863;
11471 : 13863;
11472 : 13863;
11473 : 13863;
11474 : 22057;
11475 : 32396;
11476 : 36558;
11477 : 38606;
11478 : 38606;
11479 : 38606;
11480 : 36526;
11481 : 28268;
11482 : 17928;
11483 : 11815;
11484 : 15912;
11485 : 13863;
11486 : 11751;
11487 : 9639;
11488 : 9639;
11489 : 5414;
11490 : 5319;
11491 : 3110;
11492 : 933;
11493 : 933;
11494 : 902;
11495 : 837;
11496 : 805;
11497 : 837;
11498 : 837;
11499 : 772;
11500 : 805;
11501 : 836;
11502 : 9349;
11503 : 20074;
11504 : 18025;
11505 : 17961;
11506 : 17961;
11507 : 17961;
11508 : 17961;
11509 : 17961;
11510 : 17961;
11511 : 17961;
11512 : 17960;
11513 : 17961;
11514 : 17961;
11515 : 17961;
11516 : 20041;
11517 : 11013;
11518 : 0;
11519 : 0;
11520 : 2273;
11521 : 19882;
11522 : 17993;
11523 : 20073;
11524 : 22187;
11525 : 17961;
11526 : 20041;
11527 : 17961;
11528 : 17961;
11529 : 17961;
11530 : 17961;
11531 : 17960;
11532 : 17961;
11533 : 17960;
11534 : 17928;
11535 : 17960;
11536 : 17961;
11537 : 17961;
11538 : 17961;
11539 : 17960;
11540 : 17960;
11541 : 17960;
11542 : 17960;
11543 : 17960;
11544 : 17960;
11545 : 17961;
11546 : 17961;
11547 : 17961;
11548 : 17961;
11549 : 17961;
11550 : 17961;
11551 : 15913;
11552 : 15913;
11553 : 20138;
11554 : 17993;
11555 : 20074;
11556 : 17961;
11557 : 17993;
11558 : 17961;
11559 : 17961;
11560 : 17961;
11561 : 17961;
11562 : 17961;
11563 : 17961;
11564 : 17961;
11565 : 15912;
11566 : 15912;
11567 : 20138;
11568 : 17993;
11569 : 20074;
11570 : 20009;
11571 : 17961;
11572 : 20009;
11573 : 20009;
11574 : 17961;
11575 : 17961;
11576 : 17961;
11577 : 17961;
11578 : 20041;
11579 : 20041;
11580 : 20009;
11581 : 20041;
11582 : 20042;
11583 : 20074;
11584 : 20074;
11585 : 20074;
11586 : 22122;
11587 : 22058;
11588 : 19944;
11589 : 15814;
11590 : 20040;
11591 : 22122;
11592 : 22122;
11593 : 22090;
11594 : 22090;
11595 : 22090;
11596 : 20042;
11597 : 20042;
11598 : 20041;
11599 : 20041;
11600 : 20041;
11601 : 20041;
11602 : 17993;
11603 : 17961;
11604 : 17961;
11605 : 17961;
11606 : 17961;
11607 : 20009;
11608 : 20009;
11609 : 20009;
11610 : 20009;
11611 : 20009;
11612 : 20009;
11613 : 20009;
11614 : 20009;
11615 : 17897;
11616 : 7108;
11617 : 481;
11618 : 482;
11619 : 708;
11620 : 837;
11621 : 933;
11622 : 3175;
11623 : 5351;
11624 : 3334;
11625 : 5447;
11626 : 9639;
11627 : 9639;
11628 : 11751;
11629 : 13863;
11630 : 13864;
11631 : 13832;
11632 : 13864;
11633 : 15881;
11634 : 32429;
11635 : 38607;
11636 : 38574;
11637 : 40623;
11638 : 38575;
11639 : 38575;
11640 : 38575;
11641 : 38607;
11642 : 28267;
11643 : 13831;
11644 : 13863;
11645 : 13767;
11646 : 17929;
11647 : 15912;
11648 : 13864;
11649 : 11719;
11650 : 9512;
11651 : 1060;
11652 : 5286;
11653 : 3270;
11654 : 3207;
11655 : 998;
11656 : 837;
11657 : 805;
11658 : 837;
11659 : 837;
11660 : 836;
11661 : 5157;
11662 : 13736;
11663 : 17992;
11664 : 17993;
11665 : 17961;
11666 : 17961;
11667 : 17961;
11668 : 17961;
11669 : 15913;
11670 : 17961;
11671 : 17960;
11672 : 17960;
11673 : 17960;
11674 : 17961;
11675 : 17961;
11676 : 20041;
11677 : 11013;
11678 : 0;
11679 : 0;
11680 : 2273;
11681 : 17801;
11682 : 15912;
11683 : 20073;
11684 : 22154;
11685 : 17961;
11686 : 20074;
11687 : 17960;
11688 : 17960;
11689 : 17960;
11690 : 17960;
11691 : 20009;
11692 : 20009;
11693 : 20041;
11694 : 20009;
11695 : 20009;
11696 : 20009;
11697 : 20009;
11698 : 17961;
11699 : 17961;
11700 : 17960;
11701 : 17960;
11702 : 17928;
11703 : 17960;
11704 : 17961;
11705 : 17928;
11706 : 17928;
11707 : 17928;
11708 : 20041;
11709 : 17993;
11710 : 17961;
11711 : 17993;
11712 : 17993;
11713 : 22219;
11714 : 20106;
11715 : 22155;
11716 : 20041;
11717 : 17961;
11718 : 17993;
11719 : 17961;
11720 : 17928;
11721 : 17928;
11722 : 17993;
11723 : 17993;
11724 : 17961;
11725 : 17993;
11726 : 17992;
11727 : 22219;
11728 : 20106;
11729 : 22187;
11730 : 20009;
11731 : 20041;
11732 : 22122;
11733 : 22122;
11734 : 20041;
11735 : 17961;
11736 : 17961;
11737 : 17993;
11738 : 20041;
11739 : 20041;
11740 : 20009;
11741 : 20009;
11742 : 20041;
11743 : 20041;
11744 : 17961;
11745 : 17961;
11746 : 20009;
11747 : 20009;
11748 : 20009;
11749 : 20042;
11750 : 20010;
11751 : 20009;
11752 : 20009;
11753 : 20009;
11754 : 20009;
11755 : 20041;
11756 : 20009;
11757 : 17961;
11758 : 17961;
11759 : 17961;
11760 : 17960;
11761 : 17960;
11762 : 17960;
11763 : 17960;
11764 : 17960;
11765 : 17961;
11766 : 17961;
11767 : 20009;
11768 : 20009;
11769 : 20041;
11770 : 20041;
11771 : 20009;
11772 : 17961;
11773 : 17961;
11774 : 17961;
11775 : 17896;
11776 : 7173;
11777 : 513;
11778 : 450;
11779 : 547;
11780 : 773;
11781 : 837;
11782 : 900;
11783 : 3110;
11784 : 3174;
11785 : 5350;
11786 : 7527;
11787 : 7559;
11788 : 7558;
11789 : 9670;
11790 : 11783;
11791 : 13832;
11792 : 15880;
11793 : 15848;
11794 : 28267;
11795 : 38606;
11796 : 40655;
11797 : 38607;
11798 : 38607;
11799 : 38607;
11800 : 38607;
11801 : 36558;
11802 : 22089;
11803 : 13831;
11804 : 15880;
11805 : 5188;
11806 : 9382;
11807 : 17961;
11808 : 13864;
11809 : 11688;
11810 : 3109;
11811 : 1060;
11812 : 9607;
11813 : 5479;
11814 : 3302;
11815 : 3142;
11816 : 3014;
11817 : 837;
11818 : 805;
11819 : 805;
11820 : 2884;
11821 : 11496;
11822 : 17961;
11823 : 15912;
11824 : 17960;
11825 : 17961;
11826 : 17961;
11827 : 17961;
11828 : 17961;
11829 : 17961;
11830 : 17961;
11831 : 17961;
11832 : 17993;
11833 : 20041;
11834 : 20009;
11835 : 20041;
11836 : 22122;
11837 : 11013;
11838 : 0;
11839 : 0;
11840 : 2273;
11841 : 19914;
11842 : 18025;
11843 : 22219;
11844 : 20074;
11845 : 22187;
11846 : 20106;
11847 : 17961;
11848 : 20041;
11849 : 20041;
11850 : 20041;
11851 : 22089;
11852 : 22089;
11853 : 22089;
11854 : 22122;
11855 : 22090;
11856 : 22090;
11857 : 22090;
11858 : 22090;
11859 : 20041;
11860 : 20041;
11861 : 20041;
11862 : 20041;
11863 : 20009;
11864 : 17961;
11865 : 17961;
11866 : 17961;
11867 : 17961;
11868 : 20074;
11869 : 22187;
11870 : 20106;
11871 : 24299;
11872 : 20138;
11873 : 24332;
11874 : 24299;
11875 : 22122;
11876 : 20041;
11877 : 20041;
11878 : 20041;
11879 : 20009;
11880 : 17961;
11881 : 17961;
11882 : 20074;
11883 : 22187;
11884 : 20074;
11885 : 24299;
11886 : 20138;
11887 : 24332;
11888 : 24299;
11889 : 22154;
11890 : 20042;
11891 : 20041;
11892 : 20041;
11893 : 20041;
11894 : 17961;
11895 : 17961;
11896 : 17960;
11897 : 17961;
11898 : 20041;
11899 : 20041;
11900 : 20009;
11901 : 17961;
11902 : 17961;
11903 : 17961;
11904 : 17961;
11905 : 17961;
11906 : 17961;
11907 : 17928;
11908 : 17928;
11909 : 17929;
11910 : 17928;
11911 : 17928;
11912 : 17928;
11913 : 17960;
11914 : 17960;
11915 : 17960;
11916 : 17961;
11917 : 17928;
11918 : 17961;
11919 : 17961;
11920 : 20009;
11921 : 20009;
11922 : 20009;
11923 : 20041;
11924 : 20041;
11925 : 20041;
11926 : 20041;
11927 : 20041;
11928 : 20041;
11929 : 20041;
11930 : 20041;
11931 : 20041;
11932 : 20041;
11933 : 17993;
11934 : 20041;
11935 : 17993;
11936 : 15752;
11937 : 4963;
11938 : 545;
11939 : 481;
11940 : 579;
11941 : 2724;
11942 : 740;
11943 : 804;
11944 : 901;
11945 : 965;
11946 : 3077;
11947 : 3173;
11948 : 7462;
11949 : 7526;
11950 : 9607;
11951 : 9639;
11952 : 11752;
11953 : 13767;
11954 : 15815;
11955 : 24138;
11956 : 30348;
11957 : 30348;
11958 : 30316;
11959 : 30316;
11960 : 30348;
11961 : 22058;
11962 : 15881;
11963 : 15848;
11964 : 15752;
11965 : 3012;
11966 : 964;
11967 : 11624;
11968 : 11623;
11969 : 5189;
11970 : 900;
11971 : 7334;
11972 : 9575;
11973 : 5414;
11974 : 5319;
11975 : 3110;
11976 : 901;
11977 : 837;
11978 : 805;
11979 : 2724;
11980 : 546;
11981 : 2851;
11982 : 13672;
11983 : 17993;
11984 : 17961;
11985 : 17961;
11986 : 17961;
11987 : 17961;
11988 : 17961;
11989 : 20009;
11990 : 20009;
11991 : 20041;
11992 : 20041;
11993 : 22122;
11994 : 22122;
11995 : 22122;
11996 : 24203;
11997 : 13094;
11998 : 0;
11999 : 0;
12000 : 4354;
12001 : 24140;
12002 : 20138;
12003 : 24332;
12004 : 24267;
12005 : 24300;
12006 : 22122;
12007 : 20074;
12008 : 22122;
12009 : 22122;
12010 : 22122;
12011 : 22090;
12012 : 22090;
12013 : 22090;
12014 : 22122;
12015 : 22122;
12016 : 22122;
12017 : 22090;
12018 : 22090;
12019 : 22090;
12020 : 20041;
12021 : 20041;
12022 : 20041;
12023 : 20041;
12024 : 20041;
12025 : 20041;
12026 : 17961;
12027 : 20073;
12028 : 22154;
12029 : 24267;
12030 : 22219;
12031 : 26412;
12032 : 24299;
12033 : 22219;
12034 : 20106;
12035 : 20041;
12036 : 20009;
12037 : 17961;
12038 : 17961;
12039 : 20009;
12040 : 17961;
12041 : 20073;
12042 : 22154;
12043 : 24267;
12044 : 22187;
12045 : 26412;
12046 : 24300;
12047 : 24299;
12048 : 22154;
12049 : 20041;
12050 : 20009;
12051 : 17961;
12052 : 17961;
12053 : 17961;
12054 : 17993;
12055 : 17961;
12056 : 17961;
12057 : 17960;
12058 : 17961;
12059 : 17961;
12060 : 17961;
12061 : 17929;
12062 : 17961;
12063 : 17961;
12064 : 17961;
12065 : 17961;
12066 : 17961;
12067 : 17961;
12068 : 17961;
12069 : 17960;
12070 : 17960;
12071 : 17960;
12072 : 17960;
12073 : 17960;
12074 : 17961;
12075 : 17961;
12076 : 17961;
12077 : 17961;
12078 : 17961;
12079 : 17961;
12080 : 17961;
12081 : 20041;
12082 : 20041;
12083 : 20009;
12084 : 17961;
12085 : 17961;
12086 : 17961;
12087 : 17961;
12088 : 17961;
12089 : 17961;
12090 : 17961;
12091 : 17961;
12092 : 17961;
12093 : 17961;
12094 : 17961;
12095 : 17993;
12096 : 17993;
12097 : 17865;
12098 : 11366;
12099 : 2754;
12100 : 513;
12101 : 481;
12102 : 579;
12103 : 676;
12104 : 741;
12105 : 773;
12106 : 837;
12107 : 836;
12108 : 964;
12109 : 3109;
12110 : 5286;
12111 : 5286;
12112 : 5317;
12113 : 11624;
12114 : 9639;
12115 : 9607;
12116 : 9542;
12117 : 9510;
12118 : 9542;
12119 : 13736;
12120 : 15785;
12121 : 7366;
12122 : 9447;
12123 : 11528;
12124 : 5189;
12125 : 900;
12126 : 868;
12127 : 3077;
12128 : 3077;
12129 : 900;
12130 : 2981;
12131 : 9351;
12132 : 7334;
12133 : 3076;
12134 : 997;
12135 : 901;
12136 : 837;
12137 : 2853;
12138 : 2724;
12139 : 514;
12140 : 482;
12141 : 2755;
12142 : 13511;
12143 : 20009;
12144 : 20073;
12145 : 20041;
12146 : 20041;
12147 : 20041;
12148 : 20041;
12149 : 20042;
12150 : 22090;
12151 : 22122;
12152 : 22122;
12153 : 22122;
12154 : 22090;
12155 : 22090;
12156 : 24203;
12157 : 13094;
12158 : 0;
12159 : 0;
12160 : 4354;
12161 : 26253;
12162 : 24364;
12163 : 24332;
12164 : 24300;
12165 : 22187;
12166 : 17961;
12167 : 17961;
12168 : 20041;
12169 : 20041;
12170 : 20041;
12171 : 20009;
12172 : 20041;
12173 : 20009;
12174 : 20009;
12175 : 20009;
12176 : 20009;
12177 : 20009;
12178 : 20009;
12179 : 20009;
12180 : 20009;
12181 : 20009;
12182 : 17960;
12183 : 17961;
12184 : 17961;
12185 : 17960;
12186 : 17960;
12187 : 17993;
12188 : 20138;
12189 : 22186;
12190 : 22154;
12191 : 20074;
12192 : 20073;
12193 : 20041;
12194 : 20041;
12195 : 17961;
12196 : 17961;
12197 : 17961;
12198 : 17961;
12199 : 17961;
12200 : 17928;
12201 : 17993;
12202 : 22154;
12203 : 22186;
12204 : 22154;
12205 : 20074;
12206 : 20073;
12207 : 20041;
12208 : 20041;
12209 : 17961;
12210 : 17960;
12211 : 17960;
12212 : 17961;
12213 : 17961;
12214 : 17993;
12215 : 17993;
12216 : 20041;
12217 : 17993;
12218 : 17993;
12219 : 17993;
12220 : 17961;
12221 : 17961;
12222 : 17993;
12223 : 17961;
12224 : 17961;
12225 : 17961;
12226 : 17961;
12227 : 17961;
12228 : 17961;
12229 : 17961;
12230 : 15912;
12231 : 15913;
12232 : 17960;
12233 : 15880;
12234 : 17960;
12235 : 15912;
12236 : 17961;
12237 : 17961;
12238 : 15880;
12239 : 15880;
12240 : 17960;
12241 : 17961;
12242 : 17961;
12243 : 17961;
12244 : 17961;
12245 : 17929;
12246 : 17961;
12247 : 17961;
12248 : 17961;
12249 : 17961;
12250 : 17961;
12251 : 15913;
12252 : 17961;
12253 : 17961;
12254 : 17960;
12255 : 17961;
12256 : 17993;
12257 : 17993;
12258 : 20010;
12259 : 17801;
12260 : 11366;
12261 : 4899;
12262 : 609;
12263 : 481;
12264 : 513;
12265 : 546;
12266 : 643;
12267 : 708;
12268 : 2852;
12269 : 772;
12270 : 836;
12271 : 901;
12272 : 965;
12273 : 3109;
12274 : 1029;
12275 : 1029;
12276 : 964;
12277 : 3044;
12278 : 1028;
12279 : 5189;
12280 : 7270;
12281 : 5125;
12282 : 3013;
12283 : 965;
12284 : 5158;
12285 : 901;
12286 : 836;
12287 : 836;
12288 : 869;
12289 : 869;
12290 : 836;
12291 : 836;
12292 : 804;
12293 : 804;
12294 : 805;
12295 : 805;
12296 : 708;
12297 : 611;
12298 : 482;
12299 : 449;
12300 : 545;
12301 : 7044;
12302 : 17736;
12303 : 20009;
12304 : 20041;
12305 : 17960;
12306 : 20009;
12307 : 20009;
12308 : 20009;
12309 : 20009;
12310 : 20009;
12311 : 20009;
12312 : 20009;
12313 : 20009;
12314 : 17961;
12315 : 17961;
12316 : 20042;
12317 : 11013;
12318 : 0;
12319 : 0;
12320 : 4354;
12321 : 22027;
12322 : 20170;
12323 : 20074;
12324 : 17993;
12325 : 17961;
12326 : 17961;
12327 : 17961;
12328 : 17928;
12329 : 17928;
12330 : 17960;
12331 : 17960;
12332 : 17960;
12333 : 17960;
12334 : 17960;
12335 : 17960;
12336 : 17928;
12337 : 17928;
12338 : 17960;
12339 : 17960;
12340 : 17960;
12341 : 17993;
12342 : 17993;
12343 : 17960;
12344 : 17961;
12345 : 17961;
12346 : 17960;
12347 : 17960;
12348 : 15912;
12349 : 17993;
12350 : 17960;
12351 : 17960;
12352 : 17960;
12353 : 17961;
12354 : 17961;
12355 : 17961;
12356 : 17961;
12357 : 17961;
12358 : 17993;
12359 : 17961;
12360 : 17960;
12361 : 17960;
12362 : 17960;
12363 : 17961;
12364 : 17960;
12365 : 17961;
12366 : 17960;
12367 : 17961;
12368 : 17993;
12369 : 17960;
12370 : 17960;
12371 : 17993;
12372 : 17993;
12373 : 17993;
12374 : 17993;
12375 : 18025;
12376 : 18025;
12377 : 17993;
12378 : 17993;
12379 : 17993;
12380 : 17961;
12381 : 17961;
12382 : 17961;
12383 : 17961;
12384 : 17961;
12385 : 17961;
12386 : 17961;
12387 : 17960;
12388 : 17961;
12389 : 17961;
12390 : 15912;
12391 : 15913;
12392 : 15913;
12393 : 15880;
12394 : 15880;
12395 : 17960;
12396 : 15880;
12397 : 15880;
12398 : 15880;
12399 : 15880;
12400 : 15880;
12401 : 15880;
12402 : 15880;
12403 : 15912;
12404 : 17961;
12405 : 17960;
12406 : 17960;
12407 : 17960;
12408 : 17960;
12409 : 17960;
12410 : 17961;
12411 : 17961;
12412 : 17961;
12413 : 17961;
12414 : 17961;
12415 : 17961;
12416 : 17961;
12417 : 17960;
12418 : 20041;
12419 : 22090;
12420 : 22090;
12421 : 22026;
12422 : 17737;
12423 : 13382;
12424 : 6980;
12425 : 2690;
12426 : 545;
12427 : 513;
12428 : 545;
12429 : 546;
12430 : 643;
12431 : 676;
12432 : 708;
12433 : 773;
12434 : 837;
12435 : 869;
12436 : 804;
12437 : 804;
12438 : 869;
12439 : 869;
12440 : 804;
12441 : 804;
12442 : 837;
12443 : 837;
12444 : 837;
12445 : 837;
12446 : 837;
12447 : 837;
12448 : 870;
12449 : 837;
12450 : 773;
12451 : 773;
12452 : 740;
12453 : 676;
12454 : 676;
12455 : 547;
12456 : 514;
12457 : 481;
12458 : 545;
12459 : 2754;
12460 : 11302;
12461 : 17769;
12462 : 19977;
12463 : 17960;
12464 : 17960;
12465 : 17960;
12466 : 17961;
12467 : 20009;
12468 : 20009;
12469 : 20041;
12470 : 20041;
12471 : 20041;
12472 : 17993;
12473 : 17961;
12474 : 17961;
12475 : 17960;
12476 : 20042;
12477 : 11013;
12478 : 0;
12479 : 0;
12480 : 2273;
12481 : 19881;
12482 : 15912;
12483 : 17961;
12484 : 17961;
12485 : 17961;
12486 : 15913;
12487 : 15912;
12488 : 15912;
12489 : 15912;
12490 : 15912;
12491 : 15912;
12492 : 15912;
12493 : 15912;
12494 : 17960;
12495 : 17960;
12496 : 17960;
12497 : 17960;
12498 : 17928;
12499 : 17960;
12500 : 17960;
12501 : 17961;
12502 : 17961;
12503 : 17961;
12504 : 17961;
12505 : 17961;
12506 : 17961;
12507 : 17961;
12508 : 17961;
12509 : 17961;
12510 : 15912;
12511 : 15912;
12512 : 15880;
12513 : 15912;
12514 : 15912;
12515 : 17961;
12516 : 20009;
12517 : 20041;
12518 : 20041;
12519 : 17961;
12520 : 17961;
12521 : 17961;
12522 : 17960;
12523 : 17960;
12524 : 17928;
12525 : 17928;
12526 : 17928;
12527 : 15912;
12528 : 15912;
12529 : 17960;
12530 : 17961;
12531 : 17961;
12532 : 17961;
12533 : 17961;
12534 : 17993;
12535 : 18025;
12536 : 18025;
12537 : 17993;
12538 : 17961;
12539 : 17993;
12540 : 17961;
12541 : 17961;
12542 : 17961;
12543 : 17961;
12544 : 17961;
12545 : 17961;
12546 : 17961;
12547 : 17961;
12548 : 17961;
12549 : 17993;
12550 : 17993;
12551 : 17961;
12552 : 17993;
12553 : 20041;
12554 : 20041;
12555 : 17961;
12556 : 17961;
12557 : 20009;
12558 : 20009;
12559 : 20009;
12560 : 17961;
12561 : 17961;
12562 : 17961;
12563 : 17961;
12564 : 17961;
12565 : 20009;
12566 : 20041;
12567 : 20041;
12568 : 20041;
12569 : 20041;
12570 : 20041;
12571 : 20041;
12572 : 20041;
12573 : 20041;
12574 : 20041;
12575 : 20042;
12576 : 22122;
12577 : 22122;
12578 : 22122;
12579 : 20074;
12580 : 22121;
12581 : 22122;
12582 : 22123;
12583 : 24171;
12584 : 24139;
12585 : 21963;
12586 : 17737;
12587 : 13479;
12588 : 9189;
12589 : 4964;
12590 : 2754;
12591 : 609;
12592 : 545;
12593 : 577;
12594 : 577;
12595 : 578;
12596 : 546;
12597 : 578;
12598 : 643;
12599 : 676;
12600 : 676;
12601 : 676;
12602 : 676;
12603 : 676;
12604 : 675;
12605 : 676;
12606 : 676;
12607 : 676;
12608 : 611;
12609 : 578;
12610 : 546;
12611 : 546;
12612 : 545;
12613 : 513;
12614 : 545;
12615 : 609;
12616 : 2787;
12617 : 7077;
12618 : 13479;
12619 : 17801;
12620 : 22058;
12621 : 20042;
12622 : 17961;
12623 : 17960;
12624 : 17961;
12625 : 17993;
12626 : 17993;
12627 : 17961;
12628 : 17960;
12629 : 17960;
12630 : 17960;
12631 : 17960;
12632 : 17960;
12633 : 17960;
12634 : 17960;
12635 : 15912;
12636 : 20042;
12637 : 11013;
12638 : 0;
12639 : 0;
12640 : 2273;
12641 : 19881;
12642 : 17993;
12643 : 17961;
12644 : 17961;
12645 : 17961;
12646 : 17961;
12647 : 17961;
12648 : 17961;
12649 : 17961;
12650 : 17960;
12651 : 17960;
12652 : 17960;
12653 : 17960;
12654 : 17960;
12655 : 17960;
12656 : 17961;
12657 : 17961;
12658 : 17961;
12659 : 17960;
12660 : 17960;
12661 : 17960;
12662 : 17960;
12663 : 17960;
12664 : 17928;
12665 : 17960;
12666 : 17928;
12667 : 15880;
12668 : 17928;
12669 : 15880;
12670 : 15880;
12671 : 15880;
12672 : 15880;
12673 : 15912;
12674 : 15912;
12675 : 20009;
12676 : 20041;
12677 : 20041;
12678 : 20074;
12679 : 20041;
12680 : 17961;
12681 : 17961;
12682 : 17993;
12683 : 17961;
12684 : 17961;
12685 : 17961;
12686 : 17961;
12687 : 17961;
12688 : 17961;
12689 : 17961;
12690 : 17993;
12691 : 17961;
12692 : 17960;
12693 : 17960;
12694 : 17993;
12695 : 18025;
12696 : 18025;
12697 : 17993;
12698 : 17993;
12699 : 17993;
12700 : 20041;
12701 : 20041;
12702 : 20074;
12703 : 20041;
12704 : 20041;
12705 : 17993;
12706 : 20041;
12707 : 20041;
12708 : 20041;
12709 : 20074;
12710 : 20074;
12711 : 20042;
12712 : 20042;
12713 : 20042;
12714 : 20042;
12715 : 20042;
12716 : 20042;
12717 : 22090;
12718 : 20041;
12719 : 20041;
12720 : 20041;
12721 : 20009;
12722 : 20041;
12723 : 20009;
12724 : 20009;
12725 : 20009;
12726 : 20041;
12727 : 20041;
12728 : 20041;
12729 : 20041;
12730 : 20041;
12731 : 20041;
12732 : 20041;
12733 : 20041;
12734 : 20041;
12735 : 20041;
12736 : 20041;
12737 : 20041;
12738 : 20041;
12739 : 20042;
12740 : 20009;
12741 : 20041;
12742 : 20041;
12743 : 20041;
12744 : 22121;
12745 : 22154;
12746 : 22154;
12747 : 22122;
12748 : 22091;
12749 : 22058;
12750 : 19913;
12751 : 17768;
12752 : 15591;
12753 : 11366;
12754 : 9221;
12755 : 7076;
12756 : 7011;
12757 : 6947;
12758 : 2818;
12759 : 4867;
12760 : 2722;
12761 : 642;
12762 : 674;
12763 : 674;
12764 : 2722;
12765 : 2722;
12766 : 2722;
12767 : 2721;
12768 : 4834;
12769 : 4834;
12770 : 6979;
12771 : 7011;
12772 : 7108;
12773 : 9253;
12774 : 13511;
12775 : 13608;
12776 : 17833;
12777 : 20010;
12778 : 20042;
12779 : 20073;
12780 : 20041;
12781 : 17993;
12782 : 17960;
12783 : 17961;
12784 : 17961;
12785 : 17961;
12786 : 17961;
12787 : 17960;
12788 : 17960;
12789 : 17960;
12790 : 17961;
12791 : 17961;
12792 : 17961;
12793 : 17961;
12794 : 17961;
12795 : 17993;
12796 : 20074;
12797 : 11045;
12798 : 0;
12799 : 0;
12800 : 2273;
12801 : 19881;
12802 : 17993;
12803 : 17961;
12804 : 17961;
12805 : 17961;
12806 : 17961;
12807 : 15880;
12808 : 15912;
12809 : 15880;
12810 : 15880;
12811 : 15880;
12812 : 15880;
12813 : 17960;
12814 : 17960;
12815 : 15912;
12816 : 17960;
12817 : 17961;
12818 : 17960;
12819 : 15912;
12820 : 17960;
12821 : 15880;
12822 : 15880;
12823 : 15880;
12824 : 15880;
12825 : 17961;
12826 : 17961;
12827 : 17961;
12828 : 17961;
12829 : 17993;
12830 : 17961;
12831 : 17929;
12832 : 17960;
12833 : 17960;
12834 : 17960;
12835 : 20009;
12836 : 20009;
12837 : 20009;
12838 : 17961;
12839 : 17961;
12840 : 17961;
12841 : 17961;
12842 : 17961;
12843 : 17961;
12844 : 17961;
12845 : 17961;
12846 : 17993;
12847 : 17993;
12848 : 17993;
12849 : 17993;
12850 : 17993;
12851 : 17993;
12852 : 17993;
12853 : 17993;
12854 : 17993;
12855 : 18025;
12856 : 18025;
12857 : 18025;
12858 : 20074;
12859 : 20074;
12860 : 20074;
12861 : 20074;
12862 : 20074;
12863 : 20074;
12864 : 20074;
12865 : 20074;
12866 : 20074;
12867 : 20074;
12868 : 20042;
12869 : 20042;
12870 : 20074;
12871 : 20074;
12872 : 20074;
12873 : 22122;
12874 : 22122;
12875 : 22122;
12876 : 22122;
12877 : 22122;
12878 : 22122;
12879 : 20042;
12880 : 20042;
12881 : 20042;
12882 : 20042;
12883 : 20041;
12884 : 20009;
12885 : 20009;
12886 : 20009;
12887 : 20009;
12888 : 20009;
12889 : 20009;
12890 : 20009;
12891 : 20009;
12892 : 20041;
12893 : 20041;
12894 : 20041;
12895 : 20041;
12896 : 17961;
12897 : 17961;
12898 : 17961;
12899 : 17961;
12900 : 17961;
12901 : 17993;
12902 : 17961;
12903 : 17961;
12904 : 17961;
12905 : 17960;
12906 : 17960;
12907 : 17960;
12908 : 17960;
12909 : 17960;
12910 : 17993;
12911 : 17993;
12912 : 17993;
12913 : 20009;
12914 : 20009;
12915 : 17962;
12916 : 19978;
12917 : 19945;
12918 : 17865;
12919 : 17865;
12920 : 17833;
12921 : 17801;
12922 : 17801;
12923 : 17801;
12924 : 17801;
12925 : 17833;
12926 : 17833;
12927 : 17833;
12928 : 19913;
12929 : 19946;
12930 : 19978;
12931 : 19978;
12932 : 20010;
12933 : 20042;
12934 : 17994;
12935 : 17961;
12936 : 17961;
12937 : 17993;
12938 : 17960;
12939 : 17960;
12940 : 17993;
12941 : 17993;
12942 : 17961;
12943 : 17961;
12944 : 17961;
12945 : 17993;
12946 : 17961;
12947 : 17961;
12948 : 17961;
12949 : 17960;
12950 : 17961;
12951 : 17993;
12952 : 17961;
12953 : 17961;
12954 : 17993;
12955 : 17993;
12956 : 20074;
12957 : 11045;
12958 : 0;
12959 : 0;
12960 : 2273;
12961 : 19881;
12962 : 15944;
12963 : 17928;
12964 : 17928;
12965 : 17961;
12966 : 17928;
12967 : 17928;
12968 : 17928;
12969 : 17961;
12970 : 15912;
12971 : 15912;
12972 : 15880;
12973 : 15912;
12974 : 15912;
12975 : 15880;
12976 : 17928;
12977 : 17960;
12978 : 17960;
12979 : 17960;
12980 : 17960;
12981 : 17960;
12982 : 17960;
12983 : 15880;
12984 : 15880;
12985 : 20009;
12986 : 20041;
12987 : 20041;
12988 : 20041;
12989 : 20041;
12990 : 20042;
12991 : 20009;
12992 : 22089;
12993 : 20041;
12994 : 20041;
12995 : 17993;
12996 : 17961;
12997 : 17928;
12998 : 17961;
12999 : 17961;
13000 : 17961;
13001 : 17961;
13002 : 17961;
13003 : 17993;
13004 : 17993;
13005 : 17993;
13006 : 18025;
13007 : 20073;
13008 : 20042;
13009 : 20042;
13010 : 20074;
13011 : 18025;
13012 : 20073;
13013 : 20041;
13014 : 20042;
13015 : 20074;
13016 : 20074;
13017 : 20074;
13018 : 20074;
13019 : 20074;
13020 : 20074;
13021 : 20074;
13022 : 20074;
13023 : 20074;
13024 : 20074;
13025 : 20074;
13026 : 20074;
13027 : 20074;
13028 : 20074;
13029 : 20074;
13030 : 20074;
13031 : 20074;
13032 : 20073;
13033 : 20041;
13034 : 20041;
13035 : 20074;
13036 : 20074;
13037 : 20074;
13038 : 20041;
13039 : 20042;
13040 : 20041;
13041 : 20042;
13042 : 20041;
13043 : 20041;
13044 : 20041;
13045 : 20041;
13046 : 17961;
13047 : 17961;
13048 : 17961;
13049 : 20041;
13050 : 20041;
13051 : 20041;
13052 : 20009;
13053 : 20009;
13054 : 20009;
13055 : 17960;
13056 : 17993;
13057 : 15912;
13058 : 15912;
13059 : 17960;
13060 : 17961;
13061 : 17928;
13062 : 17928;
13063 : 17929;
13064 : 15881;
13065 : 15881;
13066 : 15880;
13067 : 15880;
13068 : 15880;
13069 : 15912;
13070 : 17960;
13071 : 17928;
13072 : 17928;
13073 : 17961;
13074 : 17961;
13075 : 15912;
13076 : 17960;
13077 : 17928;
13078 : 17961;
13079 : 20009;
13080 : 20041;
13081 : 20041;
13082 : 20041;
13083 : 20041;
13084 : 20041;
13085 : 20041;
13086 : 20041;
13087 : 20041;
13088 : 20073;
13089 : 20041;
13090 : 20041;
13091 : 20041;
13092 : 20041;
13093 : 17961;
13094 : 17993;
13095 : 17961;
13096 : 17961;
13097 : 17961;
13098 : 17961;
13099 : 17961;
13100 : 17961;
13101 : 17960;
13102 : 17960;
13103 : 17960;
13104 : 17960;
13105 : 15912;
13106 : 17961;
13107 : 17960;
13108 : 17960;
13109 : 17960;
13110 : 17961;
13111 : 17960;
13112 : 17960;
13113 : 17961;
13114 : 17993;
13115 : 17993;
13116 : 20074;
13117 : 11013;
13118 : 0;
13119 : 0;
13120 : 2273;
13121 : 19881;
13122 : 17993;
13123 : 17961;
13124 : 20041;
13125 : 20041;
13126 : 20041;
13127 : 20041;
13128 : 20041;
13129 : 20041;
13130 : 20041;
13131 : 20009;
13132 : 20009;
13133 : 20041;
13134 : 20041;
13135 : 20041;
13136 : 20009;
13137 : 20041;
13138 : 20041;
13139 : 20041;
13140 : 20041;
13141 : 20041;
13142 : 20009;
13143 : 20009;
13144 : 20041;
13145 : 22090;
13146 : 22090;
13147 : 22090;
13148 : 22090;
13149 : 22090;
13150 : 22122;
13151 : 22090;
13152 : 22090;
13153 : 22090;
13154 : 20041;
13155 : 17993;
13156 : 17961;
13157 : 17961;
13158 : 17993;
13159 : 17961;
13160 : 17993;
13161 : 17993;
13162 : 17993;
13163 : 20041;
13164 : 20074;
13165 : 20073;
13166 : 20073;
13167 : 18025;
13168 : 20073;
13169 : 20073;
13170 : 20073;
13171 : 20073;
13172 : 20073;
13173 : 20041;
13174 : 20074;
13175 : 20073;
13176 : 20073;
13177 : 18025;
13178 : 20073;
13179 : 20074;
13180 : 20074;
13181 : 20074;
13182 : 20074;
13183 : 20074;
13184 : 20073;
13185 : 20073;
13186 : 20073;
13187 : 20073;
13188 : 20073;
13189 : 20073;
13190 : 20073;
13191 : 20073;
13192 : 20074;
13193 : 20073;
13194 : 20073;
13195 : 20073;
13196 : 20073;
13197 : 20073;
13198 : 20073;
13199 : 20073;
13200 : 20073;
13201 : 20073;
13202 : 20073;
13203 : 17993;
13204 : 17993;
13205 : 20041;
13206 : 20041;
13207 : 20041;
13208 : 17961;
13209 : 17961;
13210 : 17961;
13211 : 17961;
13212 : 17961;
13213 : 17961;
13214 : 17961;
13215 : 17960;
13216 : 17960;
13217 : 17960;
13218 : 17961;
13219 : 17961;
13220 : 17961;
13221 : 17961;
13222 : 17961;
13223 : 17993;
13224 : 17961;
13225 : 17961;
13226 : 17961;
13227 : 17961;
13228 : 17961;
13229 : 17961;
13230 : 17961;
13231 : 17961;
13232 : 17961;
13233 : 17961;
13234 : 17961;
13235 : 17961;
13236 : 17961;
13237 : 17961;
13238 : 17961;
13239 : 17961;
13240 : 17961;
13241 : 20041;
13242 : 20009;
13243 : 17961;
13244 : 17960;
13245 : 17960;
13246 : 17961;
13247 : 17961;
13248 : 17961;
13249 : 17961;
13250 : 17961;
13251 : 17961;
13252 : 17961;
13253 : 17961;
13254 : 17960;
13255 : 17961;
13256 : 17961;
13257 : 17961;
13258 : 17961;
13259 : 17960;
13260 : 15912;
13261 : 17960;
13262 : 17960;
13263 : 17961;
13264 : 17960;
13265 : 17961;
13266 : 17961;
13267 : 17961;
13268 : 17961;
13269 : 17961;
13270 : 17961;
13271 : 17961;
13272 : 17961;
13273 : 17961;
13274 : 17961;
13275 : 17961;
13276 : 20074;
13277 : 11013;
13278 : 0;
13279 : 0;
13280 : 2273;
13281 : 21962;
13282 : 20073;
13283 : 20042;
13284 : 22089;
13285 : 22089;
13286 : 22089;
13287 : 22090;
13288 : 22090;
13289 : 22090;
13290 : 22090;
13291 : 22090;
13292 : 22090;
13293 : 20041;
13294 : 20041;
13295 : 20041;
13296 : 20041;
13297 : 22090;
13298 : 22090;
13299 : 22090;
13300 : 22089;
13301 : 22090;
13302 : 22090;
13303 : 22090;
13304 : 22090;
13305 : 22090;
13306 : 22122;
13307 : 22122;
13308 : 22122;
13309 : 22122;
13310 : 22090;
13311 : 22122;
13312 : 22122;
13313 : 22089;
13314 : 20041;
13315 : 20041;
13316 : 17961;
13317 : 17961;
13318 : 17961;
13319 : 17961;
13320 : 17961;
13321 : 17961;
13322 : 17961;
13323 : 20074;
13324 : 20074;
13325 : 20073;
13326 : 20073;
13327 : 20074;
13328 : 20074;
13329 : 20074;
13330 : 20073;
13331 : 20074;
13332 : 20073;
13333 : 20074;
13334 : 20074;
13335 : 20073;
13336 : 20073;
13337 : 18025;
13338 : 20073;
13339 : 20073;
13340 : 20074;
13341 : 20074;
13342 : 20074;
13343 : 20074;
13344 : 20074;
13345 : 20074;
13346 : 20073;
13347 : 20073;
13348 : 20073;
13349 : 20073;
13350 : 20073;
13351 : 20073;
13352 : 20073;
13353 : 20073;
13354 : 20073;
13355 : 20074;
13356 : 20073;
13357 : 20074;
13358 : 20074;
13359 : 20073;
13360 : 20074;
13361 : 20041;
13362 : 17993;
13363 : 17993;
13364 : 17993;
13365 : 20041;
13366 : 20041;
13367 : 20041;
13368 : 20041;
13369 : 20041;
13370 : 20041;
13371 : 17993;
13372 : 17993;
13373 : 17993;
13374 : 17993;
13375 : 17993;
13376 : 17993;
13377 : 17993;
13378 : 17993;
13379 : 17993;
13380 : 17961;
13381 : 17961;
13382 : 17993;
13383 : 17993;
13384 : 17961;
13385 : 17961;
13386 : 17993;
13387 : 17961;
13388 : 17961;
13389 : 17961;
13390 : 17960;
13391 : 17961;
13392 : 17961;
13393 : 15912;
13394 : 15880;
13395 : 15913;
13396 : 17961;
13397 : 17960;
13398 : 17961;
13399 : 17961;
13400 : 17960;
13401 : 17960;
13402 : 17960;
13403 : 17928;
13404 : 17928;
13405 : 17961;
13406 : 17961;
13407 : 17961;
13408 : 17961;
13409 : 17961;
13410 : 17961;
13411 : 17961;
13412 : 17961;
13413 : 17961;
13414 : 17961;
13415 : 17961;
13416 : 17961;
13417 : 17961;
13418 : 17961;
13419 : 17960;
13420 : 17961;
13421 : 17993;
13422 : 20041;
13423 : 20041;
13424 : 20041;
13425 : 17993;
13426 : 20041;
13427 : 20041;
13428 : 20041;
13429 : 20009;
13430 : 17993;
13431 : 17961;
13432 : 17960;
13433 : 17960;
13434 : 17960;
13435 : 17960;
13436 : 20009;
13437 : 11013;
13438 : 0;
13439 : 0;
13440 : 2273;
13441 : 21994;
13442 : 22154;
13443 : 22090;
13444 : 22090;
13445 : 22122;
13446 : 22122;
13447 : 22122;
13448 : 22122;
13449 : 22122;
13450 : 24170;
13451 : 24138;
13452 : 22090;
13453 : 22122;
13454 : 22121;
13455 : 22122;
13456 : 22090;
13457 : 22122;
13458 : 22122;
13459 : 22122;
13460 : 22122;
13461 : 22122;
13462 : 22122;
13463 : 24170;
13464 : 24138;
13465 : 22090;
13466 : 22090;
13467 : 22090;
13468 : 22090;
13469 : 22090;
13470 : 22089;
13471 : 20041;
13472 : 20041;
13473 : 20041;
13474 : 20041;
13475 : 17993;
13476 : 17961;
13477 : 17961;
13478 : 17961;
13479 : 17961;
13480 : 17961;
13481 : 17960;
13482 : 17960;
13483 : 22154;
13484 : 22154;
13485 : 22186;
13486 : 22154;
13487 : 22154;
13488 : 22154;
13489 : 22154;
13490 : 22154;
13491 : 20106;
13492 : 20106;
13493 : 20106;
13494 : 20106;
13495 : 20106;
13496 : 20074;
13497 : 20074;
13498 : 20106;
13499 : 20106;
13500 : 20074;
13501 : 20074;
13502 : 20074;
13503 : 22154;
13504 : 22154;
13505 : 22154;
13506 : 22154;
13507 : 22122;
13508 : 22122;
13509 : 22122;
13510 : 20074;
13511 : 20073;
13512 : 20073;
13513 : 20073;
13514 : 20073;
13515 : 20074;
13516 : 20074;
13517 : 20074;
13518 : 20073;
13519 : 20073;
13520 : 20074;
13521 : 20074;
13522 : 18025;
13523 : 20074;
13524 : 18025;
13525 : 18025;
13526 : 18025;
13527 : 20073;
13528 : 18025;
13529 : 17993;
13530 : 20041;
13531 : 20041;
13532 : 20041;
13533 : 20041;
13534 : 20041;
13535 : 17993;
13536 : 17993;
13537 : 17993;
13538 : 17993;
13539 : 17993;
13540 : 17961;
13541 : 17993;
13542 : 17993;
13543 : 17961;
13544 : 17961;
13545 : 17961;
13546 : 17961;
13547 : 17961;
13548 : 17961;
13549 : 17960;
13550 : 15912;
13551 : 15880;
13552 : 15880;
13553 : 15880;
13554 : 15880;
13555 : 15880;
13556 : 15912;
13557 : 15912;
13558 : 15880;
13559 : 15880;
13560 : 15880;
13561 : 15912;
13562 : 15880;
13563 : 15880;
13564 : 17928;
13565 : 17960;
13566 : 17961;
13567 : 17961;
13568 : 17961;
13569 : 17961;
13570 : 17961;
13571 : 17961;
13572 : 17961;
13573 : 17961;
13574 : 17961;
13575 : 17961;
13576 : 17961;
13577 : 17961;
13578 : 17961;
13579 : 17960;
13580 : 17960;
13581 : 17961;
13582 : 20009;
13583 : 20009;
13584 : 20041;
13585 : 20041;
13586 : 20041;
13587 : 22089;
13588 : 20041;
13589 : 20009;
13590 : 20009;
13591 : 20009;
13592 : 20009;
13593 : 20041;
13594 : 20041;
13595 : 20041;
13596 : 22122;
13597 : 11013;
13598 : 0;
13599 : 0;
13600 : 2273;
13601 : 21962;
13602 : 22122;
13603 : 22090;
13604 : 22090;
13605 : 22090;
13606 : 22122;
13607 : 22090;
13608 : 22122;
13609 : 22090;
13610 : 22089;
13611 : 22089;
13612 : 22089;
13613 : 22089;
13614 : 20041;
13615 : 20009;
13616 : 20009;
13617 : 22122;
13618 : 22090;
13619 : 22090;
13620 : 22122;
13621 : 22090;
13622 : 22090;
13623 : 22090;
13624 : 22090;
13625 : 20041;
13626 : 20041;
13627 : 20041;
13628 : 20041;
13629 : 20041;
13630 : 20041;
13631 : 22121;
13632 : 22122;
13633 : 22122;
13634 : 20074;
13635 : 17993;
13636 : 17993;
13637 : 17993;
13638 : 17993;
13639 : 17993;
13640 : 17993;
13641 : 17993;
13642 : 17993;
13643 : 20074;
13644 : 22154;
13645 : 22186;
13646 : 22187;
13647 : 22186;
13648 : 22187;
13649 : 22186;
13650 : 22186;
13651 : 22186;
13652 : 22154;
13653 : 20106;
13654 : 20106;
13655 : 22154;
13656 : 22154;
13657 : 22154;
13658 : 22186;
13659 : 22186;
13660 : 22154;
13661 : 22154;
13662 : 22186;
13663 : 22186;
13664 : 22186;
13665 : 22187;
13666 : 22186;
13667 : 22154;
13668 : 22154;
13669 : 22154;
13670 : 22154;
13671 : 22154;
13672 : 22154;
13673 : 22154;
13674 : 22186;
13675 : 22154;
13676 : 22154;
13677 : 20106;
13678 : 20106;
13679 : 20106;
13680 : 20106;
13681 : 20106;
13682 : 20106;
13683 : 20074;
13684 : 20106;
13685 : 20106;
13686 : 20074;
13687 : 20074;
13688 : 20074;
13689 : 20073;
13690 : 20041;
13691 : 20041;
13692 : 20041;
13693 : 20074;
13694 : 20041;
13695 : 18025;
13696 : 18025;
13697 : 17993;
13698 : 17993;
13699 : 17993;
13700 : 17993;
13701 : 17961;
13702 : 17993;
13703 : 17993;
13704 : 17961;
13705 : 17961;
13706 : 17961;
13707 : 17961;
13708 : 17960;
13709 : 17961;
13710 : 17960;
13711 : 17960;
13712 : 17960;
13713 : 17960;
13714 : 17960;
13715 : 17960;
13716 : 15912;
13717 : 17928;
13718 : 17928;
13719 : 17928;
13720 : 15880;
13721 : 15880;
13722 : 15912;
13723 : 17960;
13724 : 17960;
13725 : 17960;
13726 : 17960;
13727 : 17960;
13728 : 17960;
13729 : 17960;
13730 : 17960;
13731 : 17961;
13732 : 17961;
13733 : 17961;
13734 : 17961;
13735 : 17961;
13736 : 17961;
13737 : 17961;
13738 : 17961;
13739 : 17960;
13740 : 17961;
13741 : 20041;
13742 : 20041;
13743 : 22089;
13744 : 22122;
13745 : 22090;
13746 : 22090;
13747 : 22090;
13748 : 22090;
13749 : 22090;
13750 : 24170;
13751 : 22122;
13752 : 24171;
13753 : 24171;
13754 : 22090;
13755 : 22122;
13756 : 24203;
13757 : 13094;
13758 : 0;
13759 : 0;
13760 : 2273;
13761 : 21930;
13762 : 20041;
13763 : 20009;
13764 : 20041;
13765 : 20041;
13766 : 20041;
13767 : 20041;
13768 : 20041;
13769 : 20041;
13770 : 20041;
13771 : 20041;
13772 : 20041;
13773 : 20041;
13774 : 20041;
13775 : 20009;
13776 : 20009;
13777 : 20009;
13778 : 20042;
13779 : 20042;
13780 : 20041;
13781 : 20041;
13782 : 20041;
13783 : 20041;
13784 : 20074;
13785 : 20041;
13786 : 20041;
13787 : 20041;
13788 : 20041;
13789 : 20041;
13790 : 20041;
13791 : 20073;
13792 : 20073;
13793 : 20041;
13794 : 22122;
13795 : 20074;
13796 : 20074;
13797 : 20074;
13798 : 20074;
13799 : 20074;
13800 : 20073;
13801 : 20073;
13802 : 20073;
13803 : 20074;
13804 : 20074;
13805 : 20106;
13806 : 22154;
13807 : 22186;
13808 : 22186;
13809 : 22186;
13810 : 22186;
13811 : 22186;
13812 : 22154;
13813 : 22154;
13814 : 22154;
13815 : 22154;
13816 : 22154;
13817 : 22154;
13818 : 22186;
13819 : 20106;
13820 : 20106;
13821 : 20106;
13822 : 22186;
13823 : 22186;
13824 : 22186;
13825 : 22186;
13826 : 22186;
13827 : 22187;
13828 : 22187;
13829 : 22186;
13830 : 22186;
13831 : 22187;
13832 : 22187;
13833 : 22187;
13834 : 22186;
13835 : 22186;
13836 : 22186;
13837 : 22186;
13838 : 22186;
13839 : 20106;
13840 : 20106;
13841 : 20106;
13842 : 22154;
13843 : 22154;
13844 : 22187;
13845 : 22186;
13846 : 22186;
13847 : 22186;
13848 : 22186;
13849 : 22186;
13850 : 22154;
13851 : 20106;
13852 : 20106;
13853 : 20074;
13854 : 20074;
13855 : 20106;
13856 : 20073;
13857 : 20073;
13858 : 20074;
13859 : 18025;
13860 : 20073;
13861 : 18025;
13862 : 18025;
13863 : 18025;
13864 : 17993;
13865 : 17993;
13866 : 17993;
13867 : 20041;
13868 : 17993;
13869 : 20041;
13870 : 20041;
13871 : 20041;
13872 : 20041;
13873 : 20041;
13874 : 20041;
13875 : 20041;
13876 : 20041;
13877 : 20009;
13878 : 20041;
13879 : 20041;
13880 : 20041;
13881 : 20041;
13882 : 17993;
13883 : 17961;
13884 : 17961;
13885 : 20041;
13886 : 20041;
13887 : 17993;
13888 : 17993;
13889 : 20041;
13890 : 20041;
13891 : 20041;
13892 : 20041;
13893 : 20041;
13894 : 20041;
13895 : 20041;
13896 : 20041;
13897 : 20041;
13898 : 20041;
13899 : 22089;
13900 : 22122;
13901 : 22122;
13902 : 22122;
13903 : 22122;
13904 : 22122;
13905 : 22122;
13906 : 22122;
13907 : 22090;
13908 : 22122;
13909 : 22090;
13910 : 22122;
13911 : 22090;
13912 : 22090;
13913 : 22090;
13914 : 22090;
13915 : 22090;
13916 : 24170;
13917 : 13062;
13918 : 0;
13919 : 0;
13920 : 2273;
13921 : 21930;
13922 : 17993;
13923 : 20009;
13924 : 17993;
13925 : 20041;
13926 : 20041;
13927 : 17993;
13928 : 17993;
13929 : 20041;
13930 : 20041;
13931 : 17961;
13932 : 17961;
13933 : 17961;
13934 : 17961;
13935 : 17961;
13936 : 17961;
13937 : 17961;
13938 : 20041;
13939 : 20041;
13940 : 20041;
13941 : 22089;
13942 : 20041;
13943 : 20041;
13944 : 20041;
13945 : 20041;
13946 : 20041;
13947 : 20041;
13948 : 20041;
13949 : 20041;
13950 : 20041;
13951 : 20041;
13952 : 20041;
13953 : 20041;
13954 : 22187;
13955 : 24267;
13956 : 24235;
13957 : 24235;
13958 : 24235;
13959 : 22187;
13960 : 22187;
13961 : 22186;
13962 : 22154;
13963 : 22154;
13964 : 22154;
13965 : 22154;
13966 : 22186;
13967 : 24234;
13968 : 24235;
13969 : 24235;
13970 : 24234;
13971 : 24235;
13972 : 24235;
13973 : 24235;
13974 : 24235;
13975 : 22187;
13976 : 22187;
13977 : 22187;
13978 : 22186;
13979 : 20106;
13980 : 20106;
13981 : 20106;
13982 : 20106;
13983 : 20106;
13984 : 20106;
13985 : 20106;
13986 : 22154;
13987 : 22154;
13988 : 22154;
13989 : 22154;
13990 : 22186;
13991 : 22186;
13992 : 22186;
13993 : 22154;
13994 : 22154;
13995 : 24234;
13996 : 24234;
13997 : 22186;
13998 : 22186;
13999 : 22154;
14000 : 22154;
14001 : 22186;
14002 : 22154;
14003 : 22154;
14004 : 22154;
14005 : 22186;
14006 : 22186;
14007 : 22186;
14008 : 22186;
14009 : 22186;
14010 : 22154;
14011 : 22154;
14012 : 22154;
14013 : 22154;
14014 : 22154;
14015 : 20106;
14016 : 20106;
14017 : 20106;
14018 : 20106;
14019 : 20106;
14020 : 20106;
14021 : 20106;
14022 : 20106;
14023 : 20074;
14024 : 20074;
14025 : 20074;
14026 : 20073;
14027 : 20073;
14028 : 20073;
14029 : 20073;
14030 : 20073;
14031 : 20073;
14032 : 20074;
14033 : 20073;
14034 : 20073;
14035 : 22122;
14036 : 22090;
14037 : 20042;
14038 : 22090;
14039 : 22090;
14040 : 22089;
14041 : 20041;
14042 : 20009;
14043 : 20009;
14044 : 20041;
14045 : 20041;
14046 : 20041;
14047 : 17961;
14048 : 17961;
14049 : 20041;
14050 : 20041;
14051 : 20041;
14052 : 20041;
14053 : 20041;
14054 : 20041;
14055 : 20041;
14056 : 20041;
14057 : 20041;
14058 : 20041;
14059 : 22057;
14060 : 20041;
14061 : 20041;
14062 : 20041;
14063 : 20041;
14064 : 20041;
14065 : 20009;
14066 : 20041;
14067 : 20009;
14068 : 20041;
14069 : 20041;
14070 : 20041;
14071 : 20009;
14072 : 20041;
14073 : 20041;
14074 : 20041;
14075 : 20041;
14076 : 22122;
14077 : 11013;
14078 : 0;
14079 : 0;
14080 : 128;
14081 : 13382;
14082 : 15912;
14083 : 17961;
14084 : 17993;
14085 : 17993;
14086 : 17993;
14087 : 18025;
14088 : 17993;
14089 : 17993;
14090 : 17993;
14091 : 17961;
14092 : 17961;
14093 : 17961;
14094 : 17993;
14095 : 17993;
14096 : 17993;
14097 : 20041;
14098 : 20041;
14099 : 20074;
14100 : 22122;
14101 : 22090;
14102 : 22089;
14103 : 22090;
14104 : 22090;
14105 : 20073;
14106 : 20041;
14107 : 20073;
14108 : 22122;
14109 : 22122;
14110 : 20042;
14111 : 22090;
14112 : 22089;
14113 : 20041;
14114 : 24235;
14115 : 24267;
14116 : 24267;
14117 : 24267;
14118 : 24267;
14119 : 24236;
14120 : 24235;
14121 : 24235;
14122 : 24235;
14123 : 22186;
14124 : 24234;
14125 : 22186;
14126 : 24235;
14127 : 24235;
14128 : 24235;
14129 : 24235;
14130 : 24235;
14131 : 24267;
14132 : 24267;
14133 : 24267;
14134 : 24267;
14135 : 24267;
14136 : 24235;
14137 : 24235;
14138 : 22187;
14139 : 22154;
14140 : 22154;
14141 : 22154;
14142 : 22186;
14143 : 22186;
14144 : 22154;
14145 : 22154;
14146 : 22186;
14147 : 22186;
14148 : 24235;
14149 : 24234;
14150 : 22186;
14151 : 22186;
14152 : 24234;
14153 : 24234;
14154 : 24234;
14155 : 24234;
14156 : 24234;
14157 : 24234;
14158 : 24235;
14159 : 24235;
14160 : 24235;
14161 : 24235;
14162 : 22187;
14163 : 22187;
14164 : 22154;
14165 : 22154;
14166 : 22154;
14167 : 22154;
14168 : 22154;
14169 : 22154;
14170 : 22154;
14171 : 20106;
14172 : 22154;
14173 : 22154;
14174 : 22154;
14175 : 22154;
14176 : 20106;
14177 : 20106;
14178 : 20106;
14179 : 20106;
14180 : 20106;
14181 : 20106;
14182 : 20106;
14183 : 20106;
14184 : 20106;
14185 : 20074;
14186 : 20074;
14187 : 20106;
14188 : 20106;
14189 : 20106;
14190 : 20074;
14191 : 20074;
14192 : 22122;
14193 : 22122;
14194 : 22122;
14195 : 22122;
14196 : 22122;
14197 : 22122;
14198 : 22122;
14199 : 22090;
14200 : 22122;
14201 : 22090;
14202 : 20042;
14203 : 20042;
14204 : 20042;
14205 : 22122;
14206 : 22122;
14207 : 20042;
14208 : 20042;
14209 : 20041;
14210 : 20041;
14211 : 20041;
14212 : 20009;
14213 : 20041;
14214 : 20041;
14215 : 20009;
14216 : 20009;
14217 : 20009;
14218 : 20009;
14219 : 20009;
14220 : 20009;
14221 : 20009;
14222 : 17961;
14223 : 17961;
14224 : 17961;
14225 : 17961;
14226 : 17993;
14227 : 17961;
14228 : 17961;
14229 : 17961;
14230 : 17961;
14231 : 17961;
14232 : 17961;
14233 : 20009;
14234 : 20009;
14235 : 17961;
14236 : 20074;
14237 : 11013;
14238 : 0;
14239 : 0;
14240 : 64;
14241 : 13350;
14242 : 17993;
14243 : 17961;
14244 : 17961;
14245 : 17960;
14246 : 17962;
14247 : 17897;
14248 : 17961;
14249 : 17993;
14250 : 17993;
14251 : 17993;
14252 : 17993;
14253 : 20041;
14254 : 18025;
14255 : 20074;
14256 : 20074;
14257 : 20074;
14258 : 20074;
14259 : 20074;
14260 : 22122;
14261 : 22090;
14262 : 22089;
14263 : 22089;
14264 : 20041;
14265 : 20041;
14266 : 20041;
14267 : 20074;
14268 : 22122;
14269 : 22122;
14270 : 20041;
14271 : 22089;
14272 : 20041;
14273 : 20009;
14274 : 22154;
14275 : 24235;
14276 : 24235;
14277 : 24235;
14278 : 22187;
14279 : 24235;
14280 : 24235;
14281 : 22187;
14282 : 22186;
14283 : 22186;
14284 : 24234;
14285 : 24235;
14286 : 24267;
14287 : 24267;
14288 : 24235;
14289 : 24267;
14290 : 24267;
14291 : 24267;
14292 : 24267;
14293 : 24267;
14294 : 24267;
14295 : 24267;
14296 : 24267;
14297 : 24235;
14298 : 24235;
14299 : 24235;
14300 : 22187;
14301 : 22187;
14302 : 22187;
14303 : 22187;
14304 : 22187;
14305 : 24235;
14306 : 24235;
14307 : 24235;
14308 : 24235;
14309 : 24235;
14310 : 24235;
14311 : 24267;
14312 : 24267;
14313 : 24235;
14314 : 24235;
14315 : 24235;
14316 : 24235;
14317 : 24267;
14318 : 24267;
14319 : 24267;
14320 : 24235;
14321 : 24267;
14322 : 24235;
14323 : 24235;
14324 : 24235;
14325 : 24235;
14326 : 22187;
14327 : 22187;
14328 : 22154;
14329 : 22154;
14330 : 22186;
14331 : 22186;
14332 : 22154;
14333 : 22154;
14334 : 22154;
14335 : 22186;
14336 : 22186;
14337 : 22186;
14338 : 22186;
14339 : 22186;
14340 : 22186;
14341 : 22186;
14342 : 22186;
14343 : 20106;
14344 : 20106;
14345 : 20106;
14346 : 20106;
14347 : 20106;
14348 : 20106;
14349 : 20106;
14350 : 22154;
14351 : 22154;
14352 : 22154;
14353 : 22154;
14354 : 22154;
14355 : 22154;
14356 : 22154;
14357 : 22122;
14358 : 22122;
14359 : 22122;
14360 : 22122;
14361 : 20074;
14362 : 20074;
14363 : 22122;
14364 : 20074;
14365 : 20042;
14366 : 20041;
14367 : 20041;
14368 : 20041;
14369 : 20009;
14370 : 17961;
14371 : 17928;
14372 : 17928;
14373 : 17961;
14374 : 17961;
14375 : 17961;
14376 : 20009;
14377 : 20041;
14378 : 20009;
14379 : 20009;
14380 : 20041;
14381 : 20009;
14382 : 17961;
14383 : 17993;
14384 : 17961;
14385 : 17961;
14386 : 17961;
14387 : 17961;
14388 : 17961;
14389 : 17961;
14390 : 17961;
14391 : 15913;
14392 : 15880;
14393 : 17928;
14394 : 17928;
14395 : 17928;
14396 : 20009;
14397 : 11013;
14398 : 0;
14399 : 0;
14400 : 2209;
14401 : 19753;
14402 : 18025;
14403 : 17993;
14404 : 17993;
14405 : 20042;
14406 : 17769;
14407 : 4962;
14408 : 17833;
14409 : 18025;
14410 : 18025;
14411 : 18025;
14412 : 18025;
14413 : 20073;
14414 : 20074;
14415 : 20074;
14416 : 20074;
14417 : 20074;
14418 : 20074;
14419 : 20074;
14420 : 20041;
14421 : 20041;
14422 : 20041;
14423 : 20041;
14424 : 20009;
14425 : 17961;
14426 : 20073;
14427 : 20073;
14428 : 20041;
14429 : 20041;
14430 : 20041;
14431 : 20041;
14432 : 20009;
14433 : 20009;
14434 : 22154;
14435 : 22187;
14436 : 22187;
14437 : 22186;
14438 : 22186;
14439 : 20106;
14440 : 20106;
14441 : 20074;
14442 : 20106;
14443 : 22154;
14444 : 24267;
14445 : 24267;
14446 : 24267;
14447 : 24267;
14448 : 24267;
14449 : 24235;
14450 : 24235;
14451 : 24267;
14452 : 24267;
14453 : 24267;
14454 : 24267;
14455 : 24267;
14456 : 24267;
14457 : 24267;
14458 : 24267;
14459 : 24235;
14460 : 24235;
14461 : 24235;
14462 : 24235;
14463 : 24267;
14464 : 24267;
14465 : 24267;
14466 : 24267;
14467 : 24267;
14468 : 24267;
14469 : 24235;
14470 : 24235;
14471 : 24267;
14472 : 24267;
14473 : 24267;
14474 : 24235;
14475 : 24235;
14476 : 24267;
14477 : 24267;
14478 : 24267;
14479 : 24267;
14480 : 24267;
14481 : 24267;
14482 : 24267;
14483 : 24235;
14484 : 24235;
14485 : 24236;
14486 : 24235;
14487 : 24235;
14488 : 24235;
14489 : 24235;
14490 : 24267;
14491 : 22187;
14492 : 22186;
14493 : 24235;
14494 : 22187;
14495 : 22154;
14496 : 24235;
14497 : 24235;
14498 : 22187;
14499 : 24235;
14500 : 22187;
14501 : 22187;
14502 : 22187;
14503 : 22186;
14504 : 22154;
14505 : 22154;
14506 : 22154;
14507 : 22154;
14508 : 20106;
14509 : 20106;
14510 : 20138;
14511 : 22187;
14512 : 22187;
14513 : 22186;
14514 : 22186;
14515 : 22154;
14516 : 22154;
14517 : 22154;
14518 : 22154;
14519 : 20074;
14520 : 20074;
14521 : 20074;
14522 : 20074;
14523 : 20074;
14524 : 20074;
14525 : 20073;
14526 : 20073;
14527 : 20073;
14528 : 20041;
14529 : 20041;
14530 : 20041;
14531 : 20041;
14532 : 20041;
14533 : 20041;
14534 : 20041;
14535 : 20041;
14536 : 20041;
14537 : 20041;
14538 : 20041;
14539 : 20041;
14540 : 20041;
14541 : 20041;
14542 : 17993;
14543 : 17961;
14544 : 17961;
14545 : 15912;
14546 : 17961;
14547 : 17961;
14548 : 17961;
14549 : 17961;
14550 : 17961;
14551 : 15912;
14552 : 15912;
14553 : 15880;
14554 : 15880;
14555 : 15880;
14556 : 20009;
14557 : 11013;
14558 : 0;
14559 : 0;
14560 : 2273;
14561 : 19882;
14562 : 17993;
14563 : 17993;
14564 : 17994;
14565 : 15752;
14566 : 2851;
14567 : 609;
14568 : 15624;
14569 : 20105;
14570 : 20074;
14571 : 20074;
14572 : 20107;
14573 : 20074;
14574 : 20074;
14575 : 20074;
14576 : 20074;
14577 : 20074;
14578 : 20074;
14579 : 20074;
14580 : 20041;
14581 : 20041;
14582 : 20041;
14583 : 17961;
14584 : 17960;
14585 : 20041;
14586 : 20073;
14587 : 20073;
14588 : 20041;
14589 : 20041;
14590 : 17993;
14591 : 17993;
14592 : 17961;
14593 : 20009;
14594 : 22155;
14595 : 24235;
14596 : 24235;
14597 : 24235;
14598 : 22187;
14599 : 22154;
14600 : 20106;
14601 : 20106;
14602 : 20106;
14603 : 22154;
14604 : 24235;
14605 : 24267;
14606 : 24267;
14607 : 24235;
14608 : 24267;
14609 : 24267;
14610 : 24267;
14611 : 24235;
14612 : 24267;
14613 : 24267;
14614 : 24267;
14615 : 24235;
14616 : 24267;
14617 : 24235;
14618 : 24235;
14619 : 24267;
14620 : 24235;
14621 : 24267;
14622 : 24267;
14623 : 24267;
14624 : 24267;
14625 : 24267;
14626 : 24267;
14627 : 24267;
14628 : 24267;
14629 : 24267;
14630 : 24267;
14631 : 24267;
14632 : 24267;
14633 : 24267;
14634 : 24267;
14635 : 24267;
14636 : 24235;
14637 : 24267;
14638 : 24267;
14639 : 24267;
14640 : 24267;
14641 : 24267;
14642 : 24267;
14643 : 24267;
14644 : 24268;
14645 : 24268;
14646 : 24235;
14647 : 24267;
14648 : 24235;
14649 : 24235;
14650 : 24267;
14651 : 24267;
14652 : 24267;
14653 : 24267;
14654 : 24267;
14655 : 24235;
14656 : 24235;
14657 : 24235;
14658 : 24235;
14659 : 24235;
14660 : 24235;
14661 : 24235;
14662 : 24235;
14663 : 24235;
14664 : 24235;
14665 : 24234;
14666 : 24234;
14667 : 22186;
14668 : 22186;
14669 : 22186;
14670 : 20106;
14671 : 20106;
14672 : 20106;
14673 : 20106;
14674 : 20138;
14675 : 22186;
14676 : 22186;
14677 : 22186;
14678 : 22186;
14679 : 22154;
14680 : 20106;
14681 : 20106;
14682 : 20074;
14683 : 20073;
14684 : 20074;
14685 : 20106;
14686 : 20073;
14687 : 20073;
14688 : 20073;
14689 : 20073;
14690 : 20041;
14691 : 20041;
14692 : 20041;
14693 : 20041;
14694 : 17993;
14695 : 17993;
14696 : 17993;
14697 : 17961;
14698 : 17961;
14699 : 17960;
14700 : 17960;
14701 : 17960;
14702 : 17928;
14703 : 17960;
14704 : 17961;
14705 : 17961;
14706 : 17961;
14707 : 17961;
14708 : 17961;
14709 : 17961;
14710 : 17961;
14711 : 17961;
14712 : 17961;
14713 : 17929;
14714 : 17929;
14715 : 17960;
14716 : 20041;
14717 : 11013;
14718 : 0;
14719 : 0;
14720 : 2273;
14721 : 19914;
14722 : 13704;
14723 : 19978;
14724 : 17898;
14725 : 5028;
14726 : 642;
14727 : 674;
14728 : 17737;
14729 : 22155;
14730 : 20010;
14731 : 22124;
14732 : 11495;
14733 : 13671;
14734 : 20106;
14735 : 20074;
14736 : 20074;
14737 : 20074;
14738 : 20074;
14739 : 20041;
14740 : 17961;
14741 : 17961;
14742 : 17961;
14743 : 17993;
14744 : 17993;
14745 : 20041;
14746 : 20073;
14747 : 17993;
14748 : 17961;
14749 : 17961;
14750 : 17961;
14751 : 17993;
14752 : 17993;
14753 : 20041;
14754 : 24235;
14755 : 24267;
14756 : 24235;
14757 : 24235;
14758 : 24235;
14759 : 24235;
14760 : 22187;
14761 : 22186;
14762 : 22186;
14763 : 22186;
14764 : 24235;
14765 : 24267;
14766 : 24267;
14767 : 24235;
14768 : 24235;
14769 : 24235;
14770 : 24235;
14771 : 24267;
14772 : 24267;
14773 : 24267;
14774 : 24267;
14775 : 24267;
14776 : 24267;
14777 : 24235;
14778 : 24235;
14779 : 24267;
14780 : 24235;
14781 : 24267;
14782 : 24267;
14783 : 24267;
14784 : 24267;
14785 : 24267;
14786 : 24235;
14787 : 24235;
14788 : 24235;
14789 : 24267;
14790 : 24267;
14791 : 24267;
14792 : 24267;
14793 : 24235;
14794 : 24267;
14795 : 24235;
14796 : 24267;
14797 : 24235;
14798 : 24267;
14799 : 24267;
14800 : 24235;
14801 : 24235;
14802 : 24235;
14803 : 24235;
14804 : 24235;
14805 : 24235;
14806 : 24235;
14807 : 24267;
14808 : 24235;
14809 : 24235;
14810 : 24235;
14811 : 24235;
14812 : 24235;
14813 : 24235;
14814 : 24235;
14815 : 24235;
14816 : 24235;
14817 : 24235;
14818 : 24235;
14819 : 24235;
14820 : 24235;
14821 : 24235;
14822 : 24235;
14823 : 24235;
14824 : 22154;
14825 : 22154;
14826 : 22186;
14827 : 22186;
14828 : 22186;
14829 : 22186;
14830 : 22186;
14831 : 22154;
14832 : 22154;
14833 : 20106;
14834 : 20106;
14835 : 22186;
14836 : 22154;
14837 : 22154;
14838 : 22154;
14839 : 20106;
14840 : 20106;
14841 : 20106;
14842 : 20106;
14843 : 20106;
14844 : 20074;
14845 : 20106;
14846 : 20074;
14847 : 20073;
14848 : 20073;
14849 : 17993;
14850 : 17993;
14851 : 20041;
14852 : 17993;
14853 : 17993;
14854 : 17993;
14855 : 17993;
14856 : 17961;
14857 : 17961;
14858 : 17993;
14859 : 17961;
14860 : 17993;
14861 : 17993;
14862 : 17993;
14863 : 17993;
14864 : 17993;
14865 : 17993;
14866 : 17993;
14867 : 17993;
14868 : 17961;
14869 : 17993;
14870 : 17993;
14871 : 17961;
14872 : 17993;
14873 : 20009;
14874 : 20009;
14875 : 17961;
14876 : 20074;
14877 : 11045;
14878 : 0;
14879 : 0;
14880 : 4354;
14881 : 17770;
14882 : 866;
14883 : 17737;
14884 : 7141;
14885 : 674;
14886 : 676;
14887 : 674;
14888 : 11431;
14889 : 13672;
14890 : 19978;
14891 : 5125;
14892 : 835;
14893 : 13608;
14894 : 20106;
14895 : 20074;
14896 : 20074;
14897 : 20074;
14898 : 20074;
14899 : 18025;
14900 : 17993;
14901 : 17993;
14902 : 17993;
14903 : 17993;
14904 : 20073;
14905 : 20073;
14906 : 20073;
14907 : 20073;
14908 : 17993;
14909 : 18025;
14910 : 17993;
14911 : 18025;
14912 : 17993;
14913 : 20041;
14914 : 24235;
14915 : 24267;
14916 : 24267;
14917 : 24235;
14918 : 24235;
14919 : 22187;
14920 : 24235;
14921 : 24235;
14922 : 24267;
14923 : 24235;
14924 : 24235;
14925 : 24267;
14926 : 24267;
14927 : 24267;
14928 : 24267;
14929 : 24267;
14930 : 24267;
14931 : 24267;
14932 : 24267;
14933 : 24267;
14934 : 24267;
14935 : 24267;
14936 : 24267;
14937 : 24235;
14938 : 24267;
14939 : 24267;
14940 : 24235;
14941 : 24235;
14942 : 24235;
14943 : 24235;
14944 : 24267;
14945 : 24267;
14946 : 24267;
14947 : 24235;
14948 : 24235;
14949 : 24235;
14950 : 24267;
14951 : 24267;
14952 : 24267;
14953 : 24267;
14954 : 24235;
14955 : 24235;
14956 : 24267;
14957 : 24267;
14958 : 24267;
14959 : 24235;
14960 : 24235;
14961 : 24235;
14962 : 24235;
14963 : 24235;
14964 : 24234;
14965 : 24234;
14966 : 24234;
14967 : 24235;
14968 : 24235;
14969 : 24267;
14970 : 24235;
14971 : 24235;
14972 : 24235;
14973 : 24235;
14974 : 24235;
14975 : 24235;
14976 : 24235;
14977 : 24235;
14978 : 24235;
14979 : 24235;
14980 : 24235;
14981 : 24235;
14982 : 24235;
14983 : 24235;
14984 : 24235;
14985 : 24234;
14986 : 24234;
14987 : 24234;
14988 : 24234;
14989 : 22186;
14990 : 22186;
14991 : 22186;
14992 : 22187;
14993 : 22186;
14994 : 22186;
14995 : 22154;
14996 : 22154;
14997 : 22154;
14998 : 22154;
14999 : 20106;
15000 : 20106;
15001 : 20106;
15002 : 20106;
15003 : 20106;
15004 : 20106;
15005 : 22154;
15006 : 22154;
15007 : 20106;
15008 : 20106;
15009 : 20074;
15010 : 20074;
15011 : 20073;
15012 : 18025;
15013 : 18025;
15014 : 17993;
15015 : 17993;
15016 : 17993;
15017 : 18025;
15018 : 17993;
15019 : 17993;
15020 : 18025;
15021 : 17993;
15022 : 17993;
15023 : 17993;
15024 : 17993;
15025 : 17993;
15026 : 17993;
15027 : 17993;
15028 : 17961;
15029 : 17961;
15030 : 17961;
15031 : 17961;
15032 : 17993;
15033 : 17961;
15034 : 17961;
15035 : 17993;
15036 : 20074;
15037 : 11045;
15038 : 0;
15039 : 0;
15040 : 4322;
15041 : 11303;
15042 : 803;
15043 : 7045;
15044 : 707;
15045 : 708;
15046 : 708;
15047 : 739;
15048 : 5060;
15049 : 17898;
15050 : 15721;
15051 : 803;
15052 : 835;
15053 : 15753;
15054 : 20106;
15055 : 20074;
15056 : 20073;
15057 : 20073;
15058 : 20106;
15059 : 20106;
15060 : 20074;
15061 : 20074;
15062 : 20106;
15063 : 20074;
15064 : 20074;
15065 : 20074;
15066 : 20106;
15067 : 20106;
15068 : 20106;
15069 : 20105;
15070 : 20106;
15071 : 20106;
15072 : 20106;
15073 : 24235;
15074 : 24204;
15075 : 20043;
15076 : 20042;
15077 : 22156;
15078 : 24300;
15079 : 24300;
15080 : 24268;
15081 : 22155;
15082 : 20042;
15083 : 22122;
15084 : 24268;
15085 : 26348;
15086 : 24268;
15087 : 24268;
15088 : 24299;
15089 : 24267;
15090 : 24267;
15091 : 24299;
15092 : 24267;
15093 : 24267;
15094 : 24267;
15095 : 24267;
15096 : 24235;
15097 : 24235;
15098 : 24235;
15099 : 24235;
15100 : 24235;
15101 : 24235;
15102 : 24235;
15103 : 24235;
15104 : 24235;
15105 : 24267;
15106 : 24267;
15107 : 24267;
15108 : 24235;
15109 : 24235;
15110 : 24267;
15111 : 24267;
15112 : 24267;
15113 : 24267;
15114 : 24267;
15115 : 24267;
15116 : 24267;
15117 : 24267;
15118 : 24267;
15119 : 24267;
15120 : 24267;
15121 : 24267;
15122 : 24267;
15123 : 24267;
15124 : 24267;
15125 : 24267;
15126 : 24267;
15127 : 24267;
15128 : 24267;
15129 : 24267;
15130 : 24267;
15131 : 24235;
15132 : 24235;
15133 : 24267;
15134 : 24267;
15135 : 24235;
15136 : 24235;
15137 : 24235;
15138 : 24235;
15139 : 24235;
15140 : 24267;
15141 : 24235;
15142 : 22186;
15143 : 24235;
15144 : 24235;
15145 : 24234;
15146 : 24267;
15147 : 24267;
15148 : 24235;
15149 : 24235;
15150 : 24235;
15151 : 24235;
15152 : 24235;
15153 : 24235;
15154 : 22186;
15155 : 22187;
15156 : 22187;
15157 : 22186;
15158 : 22186;
15159 : 22186;
15160 : 22154;
15161 : 20106;
15162 : 20106;
15163 : 20106;
15164 : 22154;
15165 : 22186;
15166 : 22186;
15167 : 22154;
15168 : 22186;
15169 : 22154;
15170 : 22154;
15171 : 20106;
15172 : 20106;
15173 : 20106;
15174 : 20073;
15175 : 20074;
15176 : 20074;
15177 : 20074;
15178 : 20041;
15179 : 20041;
15180 : 18025;
15181 : 18025;
15182 : 17993;
15183 : 20073;
15184 : 20073;
15185 : 20041;
15186 : 17993;
15187 : 17993;
15188 : 17993;
15189 : 17993;
15190 : 17993;
15191 : 17993;
15192 : 17993;
15193 : 17993;
15194 : 17993;
15195 : 17993;
15196 : 20074;
15197 : 11045;
15198 : 0;
15199 : 0;
15200 : 128;
15201 : 2787;
15202 : 836;
15203 : 706;
15204 : 675;
15205 : 708;
15206 : 740;
15207 : 804;
15208 : 5093;
15209 : 17867;
15210 : 3012;
15211 : 771;
15212 : 5061;
15213 : 19978;
15214 : 17929;
15215 : 22155;
15216 : 20106;
15217 : 22186;
15218 : 22186;
15219 : 22187;
15220 : 22219;
15221 : 22218;
15222 : 20138;
15223 : 22155;
15224 : 13607;
15225 : 17897;
15226 : 22155;
15227 : 22187;
15228 : 22187;
15229 : 22187;
15230 : 22219;
15231 : 22251;
15232 : 20074;
15233 : 9447;
15234 : 7270;
15235 : 3077;
15236 : 3109;
15237 : 15721;
15238 : 17834;
15239 : 19947;
15240 : 9415;
15241 : 5190;
15242 : 1028;
15243 : 7270;
15244 : 17802;
15245 : 17866;
15246 : 19915;
15247 : 13608;
15248 : 22091;
15249 : 26349;
15250 : 26349;
15251 : 26349;
15252 : 24268;
15253 : 24267;
15254 : 24267;
15255 : 24268;
15256 : 24268;
15257 : 24267;
15258 : 24267;
15259 : 24267;
15260 : 24300;
15261 : 24267;
15262 : 26347;
15263 : 24299;
15264 : 26348;
15265 : 26347;
15266 : 26315;
15267 : 24267;
15268 : 26315;
15269 : 26315;
15270 : 24267;
15271 : 24267;
15272 : 24267;
15273 : 24235;
15274 : 24267;
15275 : 24267;
15276 : 24267;
15277 : 24267;
15278 : 24267;
15279 : 24267;
15280 : 24267;
15281 : 24267;
15282 : 24267;
15283 : 24267;
15284 : 24267;
15285 : 24267;
15286 : 24267;
15287 : 24267;
15288 : 24267;
15289 : 24267;
15290 : 24235;
15291 : 24235;
15292 : 24267;
15293 : 24267;
15294 : 24267;
15295 : 24235;
15296 : 24235;
15297 : 24235;
15298 : 24235;
15299 : 24235;
15300 : 24267;
15301 : 24267;
15302 : 24267;
15303 : 24235;
15304 : 24235;
15305 : 24235;
15306 : 24267;
15307 : 24267;
15308 : 24267;
15309 : 24267;
15310 : 24267;
15311 : 24235;
15312 : 24235;
15313 : 22187;
15314 : 22187;
15315 : 22187;
15316 : 22186;
15317 : 22186;
15318 : 22187;
15319 : 22186;
15320 : 22154;
15321 : 22186;
15322 : 22154;
15323 : 22154;
15324 : 22154;
15325 : 22186;
15326 : 22186;
15327 : 22186;
15328 : 22186;
15329 : 22154;
15330 : 22154;
15331 : 22154;
15332 : 22154;
15333 : 20106;
15334 : 20106;
15335 : 20106;
15336 : 20106;
15337 : 20074;
15338 : 20074;
15339 : 20074;
15340 : 18025;
15341 : 18025;
15342 : 17993;
15343 : 17993;
15344 : 20073;
15345 : 20073;
15346 : 20073;
15347 : 20073;
15348 : 20041;
15349 : 20041;
15350 : 17993;
15351 : 17993;
15352 : 17993;
15353 : 17993;
15354 : 17961;
15355 : 17993;
15356 : 20042;
15357 : 11013;
15358 : 0;
15359 : 0;
15360 : 128;
15361 : 2820;
15362 : 836;
15363 : 739;
15364 : 740;
15365 : 739;
15366 : 804;
15367 : 869;
15368 : 2981;
15369 : 3012;
15370 : 835;
15371 : 836;
15372 : 7207;
15373 : 11431;
15374 : 9415;
15375 : 15817;
15376 : 22188;
15377 : 22155;
15378 : 24236;
15379 : 20075;
15380 : 20171;
15381 : 20202;
15382 : 22219;
15383 : 15785;
15384 : 2916;
15385 : 7270;
15386 : 15721;
15387 : 17898;
15388 : 17930;
15389 : 17898;
15390 : 15816;
15391 : 24300;
15392 : 13705;
15393 : 835;
15394 : 837;
15395 : 869;
15396 : 869;
15397 : 836;
15398 : 803;
15399 : 803;
15400 : 804;
15401 : 837;
15402 : 901;
15403 : 869;
15404 : 836;
15405 : 803;
15406 : 2884;
15407 : 836;
15408 : 5061;
15409 : 11464;
15410 : 9383;
15411 : 13609;
15412 : 15721;
15413 : 19979;
15414 : 17866;
15415 : 9447;
15416 : 9479;
15417 : 20044;
15418 : 24269;
15419 : 26349;
15420 : 22123;
15421 : 24268;
15422 : 26381;
15423 : 26381;
15424 : 26381;
15425 : 26348;
15426 : 26348;
15427 : 26348;
15428 : 26348;
15429 : 26347;
15430 : 24267;
15431 : 24267;
15432 : 24299;
15433 : 24267;
15434 : 24268;
15435 : 24267;
15436 : 24267;
15437 : 24267;
15438 : 24267;
15439 : 24268;
15440 : 24268;
15441 : 24268;
15442 : 24268;
15443 : 24268;
15444 : 24268;
15445 : 24268;
15446 : 24267;
15447 : 24267;
15448 : 24267;
15449 : 24235;
15450 : 24235;
15451 : 24267;
15452 : 24267;
15453 : 24267;
15454 : 24267;
15455 : 24267;
15456 : 24235;
15457 : 24267;
15458 : 24267;
15459 : 24267;
15460 : 24267;
15461 : 24267;
15462 : 24267;
15463 : 24267;
15464 : 24235;
15465 : 24267;
15466 : 24235;
15467 : 24235;
15468 : 24267;
15469 : 24267;
15470 : 24267;
15471 : 24235;
15472 : 24235;
15473 : 24235;
15474 : 22187;
15475 : 22187;
15476 : 22186;
15477 : 22186;
15478 : 22187;
15479 : 24235;
15480 : 22186;
15481 : 22186;
15482 : 22154;
15483 : 22154;
15484 : 22154;
15485 : 22186;
15486 : 22154;
15487 : 22186;
15488 : 22186;
15489 : 22154;
15490 : 22154;
15491 : 22154;
15492 : 22154;
15493 : 22154;
15494 : 22154;
15495 : 20106;
15496 : 20106;
15497 : 20106;
15498 : 20074;
15499 : 20074;
15500 : 20073;
15501 : 20073;
15502 : 20073;
15503 : 20073;
15504 : 20073;
15505 : 20073;
15506 : 20073;
15507 : 20073;
15508 : 20041;
15509 : 17993;
15510 : 17993;
15511 : 17993;
15512 : 17993;
15513 : 17993;
15514 : 17993;
15515 : 17993;
15516 : 20074;
15517 : 11045;
15518 : 0;
15519 : 0;
15520 : 128;
15521 : 2788;
15522 : 804;
15523 : 771;
15524 : 740;
15525 : 772;
15526 : 901;
15527 : 901;
15528 : 804;
15529 : 803;
15530 : 868;
15531 : 869;
15532 : 5029;
15533 : 803;
15534 : 868;
15535 : 7238;
15536 : 13608;
15537 : 9447;
15538 : 13641;
15539 : 7269;
15540 : 17930;
15541 : 17994;
15542 : 22187;
15543 : 7270;
15544 : 804;
15545 : 869;
15546 : 9319;
15547 : 5125;
15548 : 11496;
15549 : 932;
15550 : 7302;
15551 : 9479;
15552 : 3077;
15553 : 837;
15554 : 806;
15555 : 805;
15556 : 805;
15557 : 773;
15558 : 740;
15559 : 740;
15560 : 805;
15561 : 805;
15562 : 805;
15563 : 804;
15564 : 772;
15565 : 740;
15566 : 740;
15567 : 773;
15568 : 837;
15569 : 869;
15570 : 836;
15571 : 868;
15572 : 868;
15573 : 868;
15574 : 868;
15575 : 900;
15576 : 933;
15577 : 7206;
15578 : 7206;
15579 : 9319;
15580 : 5125;
15581 : 9318;
15582 : 19947;
15583 : 20011;
15584 : 22059;
15585 : 26285;
15586 : 17898;
15587 : 17898;
15588 : 24236;
15589 : 26348;
15590 : 24267;
15591 : 24267;
15592 : 24268;
15593 : 24267;
15594 : 24267;
15595 : 24268;
15596 : 24268;
15597 : 24268;
15598 : 24268;
15599 : 24268;
15600 : 24268;
15601 : 26316;
15602 : 24268;
15603 : 24268;
15604 : 24268;
15605 : 24268;
15606 : 24268;
15607 : 26348;
15608 : 24268;
15609 : 24268;
15610 : 24268;
15611 : 24268;
15612 : 24267;
15613 : 24267;
15614 : 24267;
15615 : 24267;
15616 : 24267;
15617 : 24267;
15618 : 24267;
15619 : 24267;
15620 : 24267;
15621 : 24267;
15622 : 24267;
15623 : 24267;
15624 : 24235;
15625 : 24235;
15626 : 24235;
15627 : 24235;
15628 : 24235;
15629 : 24235;
15630 : 24235;
15631 : 24235;
15632 : 24235;
15633 : 24235;
15634 : 24235;
15635 : 24235;
15636 : 24235;
15637 : 24235;
15638 : 24235;
15639 : 24235;
15640 : 24235;
15641 : 22154;
15642 : 22154;
15643 : 22154;
15644 : 22154;
15645 : 22154;
15646 : 22154;
15647 : 22154;
15648 : 22154;
15649 : 22154;
15650 : 22154;
15651 : 22154;
15652 : 22154;
15653 : 22154;
15654 : 22186;
15655 : 22154;
15656 : 20106;
15657 : 20106;
15658 : 20106;
15659 : 20106;
15660 : 20106;
15661 : 20106;
15662 : 20106;
15663 : 20074;
15664 : 20074;
15665 : 20074;
15666 : 20073;
15667 : 20073;
15668 : 20041;
15669 : 20041;
15670 : 17993;
15671 : 17993;
15672 : 17993;
15673 : 17993;
15674 : 17993;
15675 : 17993;
15676 : 20074;
15677 : 11045;
15678 : 0;
15679 : 0;
15680 : 128;
15681 : 2788;
15682 : 804;
15683 : 772;
15684 : 740;
15685 : 804;
15686 : 933;
15687 : 901;
15688 : 836;
15689 : 837;
15690 : 869;
15691 : 869;
15692 : 804;
15693 : 836;
15694 : 2917;
15695 : 2981;
15696 : 900;
15697 : 11465;
15698 : 3013;
15699 : 868;
15700 : 3013;
15701 : 5189;
15702 : 9415;
15703 : 900;
15704 : 869;
15705 : 2918;
15706 : 836;
15707 : 2981;
15708 : 7271;
15709 : 869;
15710 : 901;
15711 : 868;
15712 : 901;
15713 : 837;
15714 : 805;
15715 : 805;
15716 : 805;
15717 : 805;
15718 : 805;
15719 : 805;
15720 : 805;
15721 : 805;
15722 : 805;
15723 : 805;
15724 : 805;
15725 : 805;
15726 : 773;
15727 : 805;
15728 : 837;
15729 : 837;
15730 : 805;
15731 : 805;
15732 : 805;
15733 : 838;
15734 : 838;
15735 : 837;
15736 : 837;
15737 : 772;
15738 : 740;
15739 : 708;
15740 : 773;
15741 : 804;
15742 : 2981;
15743 : 2949;
15744 : 5061;
15745 : 9351;
15746 : 11464;
15747 : 3044;
15748 : 9447;
15749 : 22124;
15750 : 24204;
15751 : 26317;
15752 : 26317;
15753 : 26316;
15754 : 26348;
15755 : 26349;
15756 : 26349;
15757 : 26316;
15758 : 24268;
15759 : 26316;
15760 : 26316;
15761 : 24268;
15762 : 24268;
15763 : 24268;
15764 : 24236;
15765 : 24236;
15766 : 24268;
15767 : 26316;
15768 : 24268;
15769 : 24300;
15770 : 24300;
15771 : 26348;
15772 : 24268;
15773 : 26348;
15774 : 24267;
15775 : 24267;
15776 : 24267;
15777 : 24267;
15778 : 24267;
15779 : 24267;
15780 : 24267;
15781 : 24299;
15782 : 24267;
15783 : 24267;
15784 : 24267;
15785 : 24267;
15786 : 24235;
15787 : 24235;
15788 : 24235;
15789 : 24235;
15790 : 24235;
15791 : 24235;
15792 : 22187;
15793 : 22187;
15794 : 22187;
15795 : 22187;
15796 : 24235;
15797 : 24235;
15798 : 24235;
15799 : 24235;
15800 : 24235;
15801 : 24235;
15802 : 24235;
15803 : 22154;
15804 : 22154;
15805 : 22186;
15806 : 22154;
15807 : 22154;
15808 : 22154;
15809 : 22154;
15810 : 22186;
15811 : 24234;
15812 : 22186;
15813 : 22186;
15814 : 22186;
15815 : 22186;
15816 : 22186;
15817 : 22154;
15818 : 20106;
15819 : 20106;
15820 : 20106;
15821 : 20106;
15822 : 20106;
15823 : 20106;
15824 : 20106;
15825 : 20074;
15826 : 20074;
15827 : 20074;
15828 : 20074;
15829 : 20042;
15830 : 20074;
15831 : 17993;
15832 : 17993;
15833 : 17993;
15834 : 17993;
15835 : 18025;
15836 : 20106;
15837 : 11045;
15838 : 0;
15839 : 0;
15840 : 128;
15841 : 2788;
15842 : 837;
15843 : 804;
15844 : 804;
15845 : 869;
15846 : 901;
15847 : 868;
15848 : 836;
15849 : 869;
15850 : 869;
15851 : 837;
15852 : 837;
15853 : 837;
15854 : 869;
15855 : 837;
15856 : 868;
15857 : 3078;
15858 : 965;
15859 : 934;
15860 : 836;
15861 : 2917;
15862 : 772;
15863 : 804;
15864 : 837;
15865 : 837;
15866 : 869;
15867 : 3014;
15868 : 3014;
15869 : 2982;
15870 : 869;
15871 : 804;
15872 : 869;
15873 : 838;
15874 : 869;
15875 : 805;
15876 : 805;
15877 : 805;
15878 : 805;
15879 : 805;
15880 : 805;
15881 : 805;
15882 : 805;
15883 : 805;
15884 : 805;
15885 : 805;
15886 : 804;
15887 : 804;
15888 : 804;
15889 : 805;
15890 : 773;
15891 : 773;
15892 : 805;
15893 : 805;
15894 : 805;
15895 : 805;
15896 : 805;
15897 : 772;
15898 : 773;
15899 : 773;
15900 : 773;
15901 : 805;
15902 : 869;
15903 : 837;
15904 : 805;
15905 : 804;
15906 : 868;
15907 : 901;
15908 : 932;
15909 : 5190;
15910 : 11463;
15911 : 13544;
15912 : 11496;
15913 : 19979;
15914 : 24204;
15915 : 24237;
15916 : 24269;
15917 : 26317;
15918 : 26316;
15919 : 24268;
15920 : 26316;
15921 : 26316;
15922 : 26316;
15923 : 26315;
15924 : 26283;
15925 : 26316;
15926 : 24203;
15927 : 24236;
15928 : 24268;
15929 : 24267;
15930 : 24268;
15931 : 24268;
15932 : 24268;
15933 : 24268;
15934 : 24267;
15935 : 24267;
15936 : 24267;
15937 : 24267;
15938 : 24267;
15939 : 24267;
15940 : 24267;
15941 : 24267;
15942 : 24299;
15943 : 24267;
15944 : 24267;
15945 : 24267;
15946 : 24267;
15947 : 24235;
15948 : 24235;
15949 : 24235;
15950 : 22187;
15951 : 22154;
15952 : 22154;
15953 : 22154;
15954 : 22154;
15955 : 22186;
15956 : 22186;
15957 : 22154;
15958 : 24235;
15959 : 24235;
15960 : 24235;
15961 : 24235;
15962 : 22154;
15963 : 22154;
15964 : 22154;
15965 : 24234;
15966 : 24235;
15967 : 22186;
15968 : 22154;
15969 : 22154;
15970 : 22154;
15971 : 22154;
15972 : 22186;
15973 : 22186;
15974 : 22186;
15975 : 22186;
15976 : 22154;
15977 : 22186;
15978 : 22186;
15979 : 22154;
15980 : 20106;
15981 : 20106;
15982 : 20106;
15983 : 20106;
15984 : 20074;
15985 : 20074;
15986 : 20074;
15987 : 20074;
15988 : 20074;
15989 : 20074;
15990 : 20074;
15991 : 18025;
15992 : 17993;
15993 : 17993;
15994 : 17993;
15995 : 17993;
15996 : 20106;
15997 : 11045;
15998 : 0;
15999 : 0;
16000 : 128;
16001 : 2820;
16002 : 869;
16003 : 836;
16004 : 836;
16005 : 901;
16006 : 901;
16007 : 836;
16008 : 836;
16009 : 869;
16010 : 837;
16011 : 837;
16012 : 837;
16013 : 837;
16014 : 869;
16015 : 869;
16016 : 901;
16017 : 966;
16018 : 934;
16019 : 901;
16020 : 804;
16021 : 740;
16022 : 709;
16023 : 773;
16024 : 837;
16025 : 869;
16026 : 901;
16027 : 869;
16028 : 901;
16029 : 869;
16030 : 837;
16031 : 836;
16032 : 837;
16033 : 837;
16034 : 837;
16035 : 869;
16036 : 869;
16037 : 901;
16038 : 901;
16039 : 902;
16040 : 901;
16041 : 869;
16042 : 837;
16043 : 837;
16044 : 869;
16045 : 901;
16046 : 901;
16047 : 901;
16048 : 870;
16049 : 869;
16050 : 869;
16051 : 837;
16052 : 837;
16053 : 869;
16054 : 869;
16055 : 869;
16056 : 902;
16057 : 901;
16058 : 901;
16059 : 869;
16060 : 837;
16061 : 837;
16062 : 837;
16063 : 805;
16064 : 805;
16065 : 805;
16066 : 838;
16067 : 870;
16068 : 869;
16069 : 901;
16070 : 2981;
16071 : 868;
16072 : 868;
16073 : 5125;
16074 : 11463;
16075 : 15689;
16076 : 11463;
16077 : 22092;
16078 : 26317;
16079 : 26316;
16080 : 26316;
16081 : 26348;
16082 : 26315;
16083 : 26315;
16084 : 24267;
16085 : 26348;
16086 : 17865;
16087 : 20010;
16088 : 26348;
16089 : 24267;
16090 : 24267;
16091 : 24267;
16092 : 24267;
16093 : 24267;
16094 : 24267;
16095 : 24267;
16096 : 24267;
16097 : 24267;
16098 : 24267;
16099 : 24267;
16100 : 24267;
16101 : 24267;
16102 : 24267;
16103 : 24267;
16104 : 24267;
16105 : 24267;
16106 : 24267;
16107 : 24267;
16108 : 24267;
16109 : 24235;
16110 : 24235;
16111 : 24235;
16112 : 22187;
16113 : 24235;
16114 : 22154;
16115 : 22186;
16116 : 22186;
16117 : 22154;
16118 : 22186;
16119 : 22186;
16120 : 22187;
16121 : 24235;
16122 : 24235;
16123 : 24235;
16124 : 22187;
16125 : 24235;
16126 : 22186;
16127 : 24234;
16128 : 24234;
16129 : 22154;
16130 : 22154;
16131 : 22154;
16132 : 22186;
16133 : 22186;
16134 : 24235;
16135 : 24235;
16136 : 24234;
16137 : 24235;
16138 : 22187;
16139 : 22154;
16140 : 22154;
16141 : 20106;
16142 : 20106;
16143 : 20074;
16144 : 20074;
16145 : 20074;
16146 : 20074;
16147 : 20074;
16148 : 20074;
16149 : 20074;
16150 : 20041;
16151 : 17993;
16152 : 20073;
16153 : 17993;
16154 : 17993;
16155 : 17993;
16156 : 20106;
16157 : 11045;
16158 : 0;
16159 : 0;
16160 : 128;
16161 : 2821;
16162 : 900;
16163 : 836;
16164 : 836;
16165 : 901;
16166 : 869;
16167 : 836;
16168 : 837;
16169 : 837;
16170 : 837;
16171 : 837;
16172 : 837;
16173 : 836;
16174 : 869;
16175 : 869;
16176 : 837;
16177 : 805;
16178 : 805;
16179 : 805;
16180 : 805;
16181 : 805;
16182 : 805;
16183 : 805;
16184 : 837;
16185 : 869;
16186 : 869;
16187 : 901;
16188 : 901;
16189 : 901;
16190 : 901;
16191 : 901;
16192 : 933;
16193 : 966;
16194 : 998;
16195 : 1062;
16196 : 1062;
16197 : 1062;
16198 : 1095;
16199 : 1094;
16200 : 1062;
16201 : 1062;
16202 : 1030;
16203 : 998;
16204 : 1030;
16205 : 1030;
16206 : 1062;
16207 : 1062;
16208 : 1063;
16209 : 1063;
16210 : 1030;
16211 : 966;
16212 : 998;
16213 : 1030;
16214 : 1030;
16215 : 1063;
16216 : 1063;
16217 : 1063;
16218 : 1062;
16219 : 1030;
16220 : 998;
16221 : 902;
16222 : 869;
16223 : 837;
16224 : 837;
16225 : 837;
16226 : 805;
16227 : 805;
16228 : 805;
16229 : 805;
16230 : 837;
16231 : 837;
16232 : 837;
16233 : 869;
16234 : 869;
16235 : 869;
16236 : 868;
16237 : 9287;
16238 : 15657;
16239 : 19881;
16240 : 24107;
16241 : 26284;
16242 : 26284;
16243 : 26284;
16244 : 24268;
16245 : 26316;
16246 : 22059;
16247 : 9382;
16248 : 22156;
16249 : 24267;
16250 : 24267;
16251 : 24235;
16252 : 24235;
16253 : 24235;
16254 : 24235;
16255 : 24267;
16256 : 24267;
16257 : 24267;
16258 : 24268;
16259 : 24268;
16260 : 24268;
16261 : 24268;
16262 : 24267;
16263 : 24267;
16264 : 24267;
16265 : 24267;
16266 : 24267;
16267 : 24267;
16268 : 24267;
16269 : 24267;
16270 : 24267;
16271 : 24235;
16272 : 24235;
16273 : 24235;
16274 : 22154;
16275 : 22186;
16276 : 22186;
16277 : 22186;
16278 : 22186;
16279 : 22186;
16280 : 22187;
16281 : 22187;
16282 : 24235;
16283 : 24235;
16284 : 22187;
16285 : 24235;
16286 : 24234;
16287 : 24234;
16288 : 24235;
16289 : 24235;
16290 : 24235;
16291 : 24235;
16292 : 22186;
16293 : 22154;
16294 : 22186;
16295 : 22186;
16296 : 22186;
16297 : 24234;
16298 : 24234;
16299 : 22186;
16300 : 22154;
16301 : 22154;
16302 : 20074;
16303 : 22154;
16304 : 20106;
16305 : 20106;
16306 : 20106;
16307 : 20106;
16308 : 20074;
16309 : 20074;
16310 : 20074;
16311 : 20074;
16312 : 20041;
16313 : 20074;
16314 : 20074;
16315 : 20073;
16316 : 22154;
16317 : 11045;
16318 : 0;
16319 : 0;
16320 : 128;
16321 : 2821;
16322 : 900;
16323 : 836;
16324 : 804;
16325 : 869;
16326 : 837;
16327 : 804;
16328 : 836;
16329 : 836;
16330 : 837;
16331 : 837;
16332 : 805;
16333 : 837;
16334 : 837;
16335 : 805;
16336 : 805;
16337 : 805;
16338 : 805;
16339 : 804;
16340 : 837;
16341 : 869;
16342 : 869;
16343 : 869;
16344 : 869;
16345 : 933;
16346 : 998;
16347 : 1031;
16348 : 1063;
16349 : 1062;
16350 : 1030;
16351 : 1062;
16352 : 1062;
16353 : 1094;
16354 : 1126;
16355 : 1158;
16356 : 1126;
16357 : 1126;
16358 : 1126;
16359 : 1126;
16360 : 1126;
16361 : 1126;
16362 : 1095;
16363 : 1095;
16364 : 1127;
16365 : 1095;
16366 : 1094;
16367 : 1094;
16368 : 1094;
16369 : 1095;
16370 : 1094;
16371 : 1062;
16372 : 1094;
16373 : 1126;
16374 : 1094;
16375 : 1094;
16376 : 1095;
16377 : 1094;
16378 : 1094;
16379 : 1094;
16380 : 1063;
16381 : 1030;
16382 : 966;
16383 : 933;
16384 : 901;
16385 : 901;
16386 : 869;
16387 : 837;
16388 : 837;
16389 : 837;
16390 : 837;
16391 : 805;
16392 : 804;
16393 : 837;
16394 : 869;
16395 : 837;
16396 : 836;
16397 : 804;
16398 : 836;
16399 : 2948;
16400 : 7238;
16401 : 15690;
16402 : 22027;
16403 : 26219;
16404 : 26283;
16405 : 26316;
16406 : 26253;
16407 : 5157;
16408 : 11527;
16409 : 26316;
16410 : 24267;
16411 : 24267;
16412 : 24267;
16413 : 24235;
16414 : 24235;
16415 : 24235;
16416 : 24267;
16417 : 24267;
16418 : 24268;
16419 : 24268;
16420 : 24268;
16421 : 24268;
16422 : 24268;
16423 : 24267;
16424 : 24267;
16425 : 24267;
16426 : 24267;
16427 : 24267;
16428 : 24267;
16429 : 26315;
16430 : 24267;
16431 : 24267;
16432 : 24235;
16433 : 24235;
16434 : 24235;
16435 : 24235;
16436 : 24235;
16437 : 22186;
16438 : 22186;
16439 : 22186;
16440 : 22186;
16441 : 22186;
16442 : 22186;
16443 : 22186;
16444 : 22187;
16445 : 24235;
16446 : 24235;
16447 : 24267;
16448 : 24267;
16449 : 24267;
16450 : 24235;
16451 : 24235;
16452 : 24235;
16453 : 24235;
16454 : 24235;
16455 : 24235;
16456 : 24235;
16457 : 24235;
16458 : 24234;
16459 : 24234;
16460 : 22154;
16461 : 22154;
16462 : 22154;
16463 : 22154;
16464 : 22154;
16465 : 20106;
16466 : 20106;
16467 : 20106;
16468 : 20106;
16469 : 20074;
16470 : 20074;
16471 : 20074;
16472 : 20074;
16473 : 20074;
16474 : 20074;
16475 : 20073;
16476 : 22154;
16477 : 11045;
16478 : 0;
16479 : 0;
16480 : 128;
16481 : 2821;
16482 : 869;
16483 : 837;
16484 : 836;
16485 : 837;
16486 : 805;
16487 : 804;
16488 : 805;
16489 : 805;
16490 : 805;
16491 : 805;
16492 : 805;
16493 : 805;
16494 : 805;
16495 : 805;
16496 : 837;
16497 : 837;
16498 : 901;
16499 : 933;
16500 : 998;
16501 : 998;
16502 : 998;
16503 : 998;
16504 : 998;
16505 : 1062;
16506 : 1094;
16507 : 1094;
16508 : 1094;
16509 : 1126;
16510 : 1126;
16511 : 1158;
16512 : 1190;
16513 : 1189;
16514 : 3303;
16515 : 3335;
16516 : 1222;
16517 : 3303;
16518 : 3303;
16519 : 3270;
16520 : 1222;
16521 : 1190;
16522 : 1158;
16523 : 1126;
16524 : 1158;
16525 : 1158;
16526 : 1126;
16527 : 1158;
16528 : 1158;
16529 : 1126;
16530 : 1126;
16531 : 1094;
16532 : 3239;
16533 : 1190;
16534 : 1158;
16535 : 1126;
16536 : 1126;
16537 : 1158;
16538 : 1158;
16539 : 1126;
16540 : 1126;
16541 : 1094;
16542 : 1062;
16543 : 1063;
16544 : 1030;
16545 : 1030;
16546 : 998;
16547 : 934;
16548 : 933;
16549 : 933;
16550 : 901;
16551 : 869;
16552 : 837;
16553 : 805;
16554 : 805;
16555 : 837;
16556 : 773;
16557 : 773;
16558 : 773;
16559 : 837;
16560 : 901;
16561 : 5094;
16562 : 7206;
16563 : 15592;
16564 : 19914;
16565 : 24171;
16566 : 26221;
16567 : 7206;
16568 : 3109;
16569 : 24236;
16570 : 24300;
16571 : 24300;
16572 : 24268;
16573 : 24267;
16574 : 24235;
16575 : 24267;
16576 : 24267;
16577 : 24267;
16578 : 24267;
16579 : 24267;
16580 : 24267;
16581 : 24267;
16582 : 24267;
16583 : 24267;
16584 : 26315;
16585 : 26315;
16586 : 26315;
16587 : 26315;
16588 : 26315;
16589 : 26315;
16590 : 24267;
16591 : 24267;
16592 : 24267;
16593 : 24267;
16594 : 24267;
16595 : 24267;
16596 : 24267;
16597 : 24235;
16598 : 24235;
16599 : 24235;
16600 : 22186;
16601 : 24235;
16602 : 24235;
16603 : 24235;
16604 : 24235;
16605 : 24235;
16606 : 24267;
16607 : 24267;
16608 : 24267;
16609 : 24267;
16610 : 24235;
16611 : 24235;
16612 : 24235;
16613 : 24235;
16614 : 24267;
16615 : 24267;
16616 : 24235;
16617 : 24235;
16618 : 24235;
16619 : 24235;
16620 : 24235;
16621 : 24235;
16622 : 22154;
16623 : 22154;
16624 : 20106;
16625 : 20106;
16626 : 20106;
16627 : 20106;
16628 : 20106;
16629 : 20106;
16630 : 20074;
16631 : 20074;
16632 : 20074;
16633 : 20074;
16634 : 20074;
16635 : 20074;
16636 : 22154;
16637 : 11045;
16638 : 0;
16639 : 0;
16640 : 128;
16641 : 2789;
16642 : 836;
16643 : 805;
16644 : 805;
16645 : 805;
16646 : 805;
16647 : 805;
16648 : 804;
16649 : 805;
16650 : 805;
16651 : 805;
16652 : 805;
16653 : 805;
16654 : 869;
16655 : 933;
16656 : 966;
16657 : 998;
16658 : 1030;
16659 : 1062;
16660 : 1062;
16661 : 1062;
16662 : 1062;
16663 : 1094;
16664 : 1094;
16665 : 1126;
16666 : 1126;
16667 : 1158;
16668 : 1190;
16669 : 3303;
16670 : 3303;
16671 : 3335;
16672 : 3367;
16673 : 3334;
16674 : 3366;
16675 : 3366;
16676 : 3367;
16677 : 3367;
16678 : 3366;
16679 : 3366;
16680 : 3334;
16681 : 3335;
16682 : 3303;
16683 : 3303;
16684 : 3303;
16685 : 3303;
16686 : 3303;
16687 : 3302;
16688 : 1222;
16689 : 1190;
16690 : 1158;
16691 : 1126;
16692 : 3271;
16693 : 3302;
16694 : 3271;
16695 : 3303;
16696 : 3303;
16697 : 3303;
16698 : 1222;
16699 : 1190;
16700 : 1158;
16701 : 1126;
16702 : 1094;
16703 : 1094;
16704 : 1094;
16705 : 1094;
16706 : 1094;
16707 : 1062;
16708 : 1062;
16709 : 1062;
16710 : 1062;
16711 : 1030;
16712 : 966;
16713 : 901;
16714 : 837;
16715 : 805;
16716 : 805;
16717 : 805;
16718 : 805;
16719 : 837;
16720 : 836;
16721 : 2949;
16722 : 804;
16723 : 2884;
16724 : 9255;
16725 : 15656;
16726 : 21996;
16727 : 9352;
16728 : 964;
16729 : 20043;
16730 : 26381;
16731 : 26349;
16732 : 24268;
16733 : 24268;
16734 : 24267;
16735 : 24267;
16736 : 24267;
16737 : 24267;
16738 : 24267;
16739 : 24267;
16740 : 24267;
16741 : 24267;
16742 : 24267;
16743 : 24267;
16744 : 26315;
16745 : 24267;
16746 : 24267;
16747 : 24267;
16748 : 26315;
16749 : 26315;
16750 : 24267;
16751 : 24235;
16752 : 24267;
16753 : 24267;
16754 : 24235;
16755 : 24267;
16756 : 24267;
16757 : 24267;
16758 : 24267;
16759 : 24267;
16760 : 24235;
16761 : 24235;
16762 : 24235;
16763 : 24235;
16764 : 24235;
16765 : 24267;
16766 : 24267;
16767 : 24267;
16768 : 24267;
16769 : 24267;
16770 : 24235;
16771 : 24235;
16772 : 24267;
16773 : 24267;
16774 : 24267;
16775 : 24267;
16776 : 24235;
16777 : 24235;
16778 : 24235;
16779 : 24235;
16780 : 24235;
16781 : 24235;
16782 : 24235;
16783 : 22186;
16784 : 22154;
16785 : 20106;
16786 : 20106;
16787 : 20106;
16788 : 22154;
16789 : 22154;
16790 : 22154;
16791 : 22154;
16792 : 20106;
16793 : 22154;
16794 : 20106;
16795 : 20074;
16796 : 22154;
16797 : 13094;
16798 : 0;
16799 : 0;
16800 : 128;
16801 : 2789;
16802 : 804;
16803 : 805;
16804 : 805;
16805 : 805;
16806 : 805;
16807 : 805;
16808 : 805;
16809 : 837;
16810 : 837;
16811 : 837;
16812 : 870;
16813 : 934;
16814 : 998;
16815 : 1062;
16816 : 1094;
16817 : 1094;
16818 : 1094;
16819 : 1126;
16820 : 1126;
16821 : 1158;
16822 : 1190;
16823 : 3270;
16824 : 3303;
16825 : 3302;
16826 : 3270;
16827 : 3302;
16828 : 3334;
16829 : 5382;
16830 : 3366;
16831 : 3366;
16832 : 3366;
16833 : 3366;
16834 : 3366;
16835 : 3366;
16836 : 3366;
16837 : 3366;
16838 : 3366;
16839 : 3398;
16840 : 3366;
16841 : 5415;
16842 : 5415;
16843 : 5414;
16844 : 5414;
16845 : 3367;
16846 : 3367;
16847 : 3366;
16848 : 3334;
16849 : 3335;
16850 : 3303;
16851 : 3270;
16852 : 3334;
16853 : 3366;
16854 : 3335;
16855 : 3335;
16856 : 3335;
16857 : 3335;
16858 : 3334;
16859 : 3334;
16860 : 3303;
16861 : 1223;
16862 : 1191;
16863 : 1191;
16864 : 1158;
16865 : 1126;
16866 : 1094;
16867 : 1094;
16868 : 1094;
16869 : 1094;
16870 : 1094;
16871 : 1094;
16872 : 1062;
16873 : 3111;
16874 : 966;
16875 : 901;
16876 : 837;
16877 : 837;
16878 : 837;
16879 : 805;
16880 : 804;
16881 : 837;
16882 : 772;
16883 : 708;
16884 : 2852;
16885 : 2884;
16886 : 9222;
16887 : 7174;
16888 : 868;
16889 : 13673;
16890 : 26349;
16891 : 26349;
16892 : 26348;
16893 : 24268;
16894 : 26315;
16895 : 24267;
16896 : 24267;
16897 : 24267;
16898 : 24267;
16899 : 24267;
16900 : 24267;
16901 : 24267;
16902 : 24267;
16903 : 24267;
16904 : 26316;
16905 : 26315;
16906 : 24267;
16907 : 24267;
16908 : 26315;
16909 : 26315;
16910 : 24267;
16911 : 24235;
16912 : 24267;
16913 : 24235;
16914 : 24235;
16915 : 24267;
16916 : 24267;
16917 : 24267;
16918 : 24267;
16919 : 24267;
16920 : 24267;
16921 : 24267;
16922 : 24267;
16923 : 24267;
16924 : 24235;
16925 : 24267;
16926 : 24267;
16927 : 24267;
16928 : 24267;
16929 : 24267;
16930 : 24267;
16931 : 24267;
16932 : 24267;
16933 : 24267;
16934 : 24267;
16935 : 24235;
16936 : 24234;
16937 : 24235;
16938 : 24235;
16939 : 24235;
16940 : 24235;
16941 : 24235;
16942 : 24235;
16943 : 22186;
16944 : 22186;
16945 : 20106;
16946 : 20106;
16947 : 20106;
16948 : 22154;
16949 : 22154;
16950 : 20106;
16951 : 20106;
16952 : 20106;
16953 : 20106;
16954 : 20074;
16955 : 20073;
16956 : 22154;
16957 : 11045;
16958 : 0;
16959 : 0;
16960 : 128;
16961 : 709;
16962 : 805;
16963 : 805;
16964 : 805;
16965 : 805;
16966 : 837;
16967 : 805;
16968 : 837;
16969 : 869;
16970 : 901;
16971 : 934;
16972 : 998;
16973 : 1062;
16974 : 1094;
16975 : 1094;
16976 : 1094;
16977 : 1126;
16978 : 1126;
16979 : 1158;
16980 : 1222;
16981 : 3303;
16982 : 3334;
16983 : 3334;
16984 : 3366;
16985 : 3366;
16986 : 3366;
16987 : 3366;
16988 : 3366;
16989 : 3366;
16990 : 5446;
16991 : 5478;
16992 : 3366;
16993 : 3366;
16994 : 5511;
16995 : 7558;
16996 : 5478;
16997 : 5446;
16998 : 5446;
16999 : 3398;
17000 : 3366;
17001 : 3366;
17002 : 5446;
17003 : 5446;
17004 : 5446;
17005 : 5414;
17006 : 3366;
17007 : 3366;
17008 : 3366;
17009 : 3366;
17010 : 3366;
17011 : 5414;
17012 : 5478;
17013 : 5478;
17014 : 5414;
17015 : 5382;
17016 : 3334;
17017 : 3334;
17018 : 3334;
17019 : 3366;
17020 : 3366;
17021 : 3367;
17022 : 3335;
17023 : 3303;
17024 : 1223;
17025 : 1191;
17026 : 1127;
17027 : 1094;
17028 : 1094;
17029 : 1126;
17030 : 1126;
17031 : 1158;
17032 : 1126;
17033 : 1126;
17034 : 1094;
17035 : 998;
17036 : 933;
17037 : 869;
17038 : 837;
17039 : 837;
17040 : 837;
17041 : 805;
17042 : 773;
17043 : 741;
17044 : 773;
17045 : 676;
17046 : 674;
17047 : 2852;
17048 : 836;
17049 : 5126;
17050 : 22059;
17051 : 26284;
17052 : 26316;
17053 : 26348;
17054 : 26348;
17055 : 26315;
17056 : 26315;
17057 : 26315;
17058 : 26315;
17059 : 26315;
17060 : 24267;
17061 : 24267;
17062 : 26315;
17063 : 26316;
17064 : 26316;
17065 : 26315;
17066 : 24267;
17067 : 24267;
17068 : 26315;
17069 : 26315;
17070 : 24267;
17071 : 26315;
17072 : 26315;
17073 : 24267;
17074 : 24235;
17075 : 24267;
17076 : 24267;
17077 : 24267;
17078 : 24267;
17079 : 24267;
17080 : 24267;
17081 : 24267;
17082 : 24235;
17083 : 24235;
17084 : 24235;
17085 : 24267;
17086 : 24235;
17087 : 24267;
17088 : 24267;
17089 : 24267;
17090 : 24235;
17091 : 24235;
17092 : 24235;
17093 : 24235;
17094 : 24235;
17095 : 24235;
17096 : 24235;
17097 : 24235;
17098 : 24235;
17099 : 24235;
17100 : 24234;
17101 : 24234;
17102 : 24267;
17103 : 24235;
17104 : 22187;
17105 : 22186;
17106 : 20106;
17107 : 20106;
17108 : 20106;
17109 : 20106;
17110 : 20106;
17111 : 20106;
17112 : 20074;
17113 : 20106;
17114 : 20106;
17115 : 20106;
17116 : 22187;
17117 : 13094;
17118 : 0;
17119 : 0;
17120 : 128;
17121 : 709;
17122 : 805;
17123 : 805;
17124 : 804;
17125 : 837;
17126 : 869;
17127 : 901;
17128 : 966;
17129 : 998;
17130 : 1030;
17131 : 1062;
17132 : 1094;
17133 : 1126;
17134 : 1158;
17135 : 3238;
17136 : 3270;
17137 : 3302;
17138 : 3302;
17139 : 3334;
17140 : 3334;
17141 : 3334;
17142 : 3366;
17143 : 3366;
17144 : 5446;
17145 : 5478;
17146 : 5478;
17147 : 7526;
17148 : 7526;
17149 : 5478;
17150 : 7526;
17151 : 7558;
17152 : 7526;
17153 : 7526;
17154 : 7558;
17155 : 7558;
17156 : 7558;
17157 : 7558;
17158 : 7526;
17159 : 5478;
17160 : 5478;
17161 : 5478;
17162 : 5478;
17163 : 7526;
17164 : 7558;
17165 : 7526;
17166 : 5478;
17167 : 5446;
17168 : 3397;
17169 : 5446;
17170 : 7462;
17171 : 7527;
17172 : 7558;
17173 : 7558;
17174 : 7526;
17175 : 7526;
17176 : 5478;
17177 : 5446;
17178 : 5414;
17179 : 5414;
17180 : 3366;
17181 : 3366;
17182 : 3366;
17183 : 3334;
17184 : 1254;
17185 : 1190;
17186 : 1158;
17187 : 1126;
17188 : 1159;
17189 : 3239;
17190 : 3270;
17191 : 3270;
17192 : 1222;
17193 : 1191;
17194 : 1158;
17195 : 1094;
17196 : 1030;
17197 : 965;
17198 : 901;
17199 : 837;
17200 : 837;
17201 : 806;
17202 : 805;
17203 : 773;
17204 : 773;
17205 : 740;
17206 : 708;
17207 : 2788;
17208 : 772;
17209 : 2949;
17210 : 11400;
17211 : 21963;
17212 : 24203;
17213 : 26348;
17214 : 26348;
17215 : 26348;
17216 : 26348;
17217 : 26316;
17218 : 26316;
17219 : 24268;
17220 : 24267;
17221 : 24267;
17222 : 26348;
17223 : 26348;
17224 : 26348;
17225 : 26315;
17226 : 26315;
17227 : 26315;
17228 : 26315;
17229 : 26315;
17230 : 26315;
17231 : 26315;
17232 : 26315;
17233 : 24267;
17234 : 24267;
17235 : 24267;
17236 : 24267;
17237 : 24235;
17238 : 24235;
17239 : 24235;
17240 : 24235;
17241 : 24235;
17242 : 24267;
17243 : 24235;
17244 : 24235;
17245 : 24235;
17246 : 24235;
17247 : 24235;
17248 : 24235;
17249 : 22187;
17250 : 24235;
17251 : 24235;
17252 : 24235;
17253 : 24235;
17254 : 24235;
17255 : 24235;
17256 : 24235;
17257 : 24235;
17258 : 24235;
17259 : 24235;
17260 : 24235;
17261 : 24235;
17262 : 24235;
17263 : 24235;
17264 : 22186;
17265 : 22186;
17266 : 20106;
17267 : 20106;
17268 : 20106;
17269 : 20106;
17270 : 20106;
17271 : 20106;
17272 : 20106;
17273 : 20074;
17274 : 20074;
17275 : 20106;
17276 : 22187;
17277 : 11046;
17278 : 0;
17279 : 0;
17280 : 128;
17281 : 2789;
17282 : 837;
17283 : 805;
17284 : 901;
17285 : 966;
17286 : 1030;
17287 : 1063;
17288 : 1062;
17289 : 1094;
17290 : 1126;
17291 : 1158;
17292 : 3271;
17293 : 3303;
17294 : 3303;
17295 : 5382;
17296 : 5414;
17297 : 5414;
17298 : 7494;
17299 : 7494;
17300 : 7494;
17301 : 7526;
17302 : 5478;
17303 : 5478;
17304 : 7558;
17305 : 7558;
17306 : 5510;
17307 : 9671;
17308 : 9639;
17309 : 7558;
17310 : 7558;
17311 : 7558;
17312 : 9639;
17313 : 9639;
17314 : 9606;
17315 : 9638;
17316 : 9670;
17317 : 11719;
17318 : 9671;
17319 : 9638;
17320 : 7590;
17321 : 9638;
17322 : 7558;
17323 : 7558;
17324 : 7558;
17325 : 7590;
17326 : 7558;
17327 : 7558;
17328 : 7558;
17329 : 7526;
17330 : 7526;
17331 : 7526;
17332 : 7558;
17333 : 7558;
17334 : 7558;
17335 : 7558;
17336 : 7558;
17337 : 7558;
17338 : 7526;
17339 : 5478;
17340 : 5478;
17341 : 5478;
17342 : 5446;
17343 : 3366;
17344 : 3334;
17345 : 3335;
17346 : 3303;
17347 : 3302;
17348 : 3270;
17349 : 3302;
17350 : 3302;
17351 : 3302;
17352 : 3302;
17353 : 3271;
17354 : 3239;
17355 : 1127;
17356 : 1094;
17357 : 1062;
17358 : 1030;
17359 : 998;
17360 : 934;
17361 : 869;
17362 : 837;
17363 : 805;
17364 : 805;
17365 : 773;
17366 : 708;
17367 : 2820;
17368 : 772;
17369 : 837;
17370 : 2917;
17371 : 11367;
17372 : 15657;
17373 : 22092;
17374 : 26317;
17375 : 26348;
17376 : 26348;
17377 : 26348;
17378 : 26348;
17379 : 26348;
17380 : 26348;
17381 : 26348;
17382 : 26348;
17383 : 26348;
17384 : 26348;
17385 : 26348;
17386 : 26348;
17387 : 26315;
17388 : 26315;
17389 : 24267;
17390 : 26315;
17391 : 26315;
17392 : 26315;
17393 : 24267;
17394 : 24267;
17395 : 24267;
17396 : 24267;
17397 : 24267;
17398 : 24235;
17399 : 24235;
17400 : 24235;
17401 : 24235;
17402 : 24235;
17403 : 24235;
17404 : 24235;
17405 : 24267;
17406 : 24235;
17407 : 24235;
17408 : 24235;
17409 : 22186;
17410 : 22154;
17411 : 24202;
17412 : 24235;
17413 : 24235;
17414 : 24235;
17415 : 24235;
17416 : 24235;
17417 : 24235;
17418 : 24235;
17419 : 24235;
17420 : 24235;
17421 : 24235;
17422 : 22186;
17423 : 22187;
17424 : 22186;
17425 : 22186;
17426 : 20106;
17427 : 20106;
17428 : 20106;
17429 : 20106;
17430 : 20106;
17431 : 20074;
17432 : 20074;
17433 : 20074;
17434 : 20074;
17435 : 20074;
17436 : 22187;
17437 : 11046;
17438 : 0;
17439 : 0;
17440 : 128;
17441 : 2821;
17442 : 901;
17443 : 966;
17444 : 3111;
17445 : 1095;
17446 : 1095;
17447 : 1094;
17448 : 1126;
17449 : 1190;
17450 : 3302;
17451 : 3334;
17452 : 3366;
17453 : 5414;
17454 : 5414;
17455 : 7494;
17456 : 9606;
17457 : 11719;
17458 : 11751;
17459 : 13800;
17460 : 11719;
17461 : 9639;
17462 : 7558;
17463 : 7558;
17464 : 7558;
17465 : 7558;
17466 : 5509;
17467 : 7590;
17468 : 9606;
17469 : 7558;
17470 : 9671;
17471 : 9671;
17472 : 13831;
17473 : 13832;
17474 : 11751;
17475 : 11719;
17476 : 11751;
17477 : 11783;
17478 : 13864;
17479 : 13863;
17480 : 13864;
17481 : 13832;
17482 : 13832;
17483 : 13831;
17484 : 11783;
17485 : 13831;
17486 : 13831;
17487 : 11783;
17488 : 9671;
17489 : 9638;
17490 : 7558;
17491 : 7558;
17492 : 7558;
17493 : 7558;
17494 : 9606;
17495 : 9638;
17496 : 9671;
17497 : 9671;
17498 : 9670;
17499 : 9638;
17500 : 7558;
17501 : 7558;
17502 : 7526;
17503 : 5446;
17504 : 5446;
17505 : 5414;
17506 : 3366;
17507 : 3366;
17508 : 3334;
17509 : 3366;
17510 : 3334;
17511 : 3334;
17512 : 3302;
17513 : 3302;
17514 : 3239;
17515 : 1159;
17516 : 1126;
17517 : 1126;
17518 : 1094;
17519 : 1095;
17520 : 1030;
17521 : 933;
17522 : 837;
17523 : 837;
17524 : 837;
17525 : 805;
17526 : 773;
17527 : 773;
17528 : 805;
17529 : 869;
17530 : 772;
17531 : 2819;
17532 : 2916;
17533 : 13512;
17534 : 22027;
17535 : 24203;
17536 : 26348;
17537 : 26348;
17538 : 26347;
17539 : 26347;
17540 : 26348;
17541 : 26348;
17542 : 26348;
17543 : 26348;
17544 : 26315;
17545 : 24267;
17546 : 26315;
17547 : 24267;
17548 : 24267;
17549 : 24267;
17550 : 24267;
17551 : 24267;
17552 : 24267;
17553 : 24267;
17554 : 24267;
17555 : 24267;
17556 : 24267;
17557 : 24267;
17558 : 26315;
17559 : 24267;
17560 : 24267;
17561 : 24267;
17562 : 24267;
17563 : 24267;
17564 : 24267;
17565 : 24235;
17566 : 24267;
17567 : 24235;
17568 : 24235;
17569 : 24235;
17570 : 24235;
17571 : 24235;
17572 : 24235;
17573 : 22154;
17574 : 22154;
17575 : 22154;
17576 : 22154;
17577 : 24235;
17578 : 24235;
17579 : 22154;
17580 : 22187;
17581 : 22187;
17582 : 22155;
17583 : 22154;
17584 : 20106;
17585 : 20106;
17586 : 20106;
17587 : 20106;
17588 : 20138;
17589 : 20106;
17590 : 20106;
17591 : 20074;
17592 : 20074;
17593 : 20074;
17594 : 20074;
17595 : 20074;
17596 : 22187;
17597 : 11046;
17598 : 0;
17599 : 0;
17600 : 128;
17601 : 2853;
17602 : 1062;
17603 : 3175;
17604 : 1126;
17605 : 1094;
17606 : 1126;
17607 : 1126;
17608 : 1190;
17609 : 3303;
17610 : 3366;
17611 : 3366;
17612 : 5446;
17613 : 5478;
17614 : 7558;
17615 : 11719;
17616 : 13864;
17617 : 15912;
17618 : 13832;
17619 : 11719;
17620 : 9639;
17621 : 9606;
17622 : 7558;
17623 : 7558;
17624 : 7558;
17625 : 7590;
17626 : 7590;
17627 : 11751;
17628 : 11719;
17629 : 11719;
17630 : 11751;
17631 : 13864;
17632 : 13831;
17633 : 13831;
17634 : 11719;
17635 : 9670;
17636 : 9638;
17637 : 11718;
17638 : 11751;
17639 : 11718;
17640 : 11751;
17641 : 13799;
17642 : 11751;
17643 : 13864;
17644 : 13896;
17645 : 15944;
17646 : 15944;
17647 : 13864;
17648 : 13832;
17649 : 11784;
17650 : 9670;
17651 : 11751;
17652 : 11719;
17653 : 11719;
17654 : 11752;
17655 : 13831;
17656 : 13864;
17657 : 13864;
17658 : 13863;
17659 : 13831;
17660 : 11751;
17661 : 9671;
17662 : 7558;
17663 : 7526;
17664 : 7526;
17665 : 5478;
17666 : 5446;
17667 : 3366;
17668 : 5414;
17669 : 3366;
17670 : 5414;
17671 : 3366;
17672 : 3334;
17673 : 3302;
17674 : 3238;
17675 : 1126;
17676 : 1126;
17677 : 1126;
17678 : 1094;
17679 : 1094;
17680 : 1030;
17681 : 933;
17682 : 869;
17683 : 837;
17684 : 837;
17685 : 837;
17686 : 805;
17687 : 773;
17688 : 805;
17689 : 869;
17690 : 2885;
17691 : 771;
17692 : 2884;
17693 : 4997;
17694 : 15592;
17695 : 19914;
17696 : 24172;
17697 : 26316;
17698 : 26347;
17699 : 26315;
17700 : 24267;
17701 : 24267;
17702 : 24267;
17703 : 26315;
17704 : 24267;
17705 : 24267;
17706 : 24267;
17707 : 24267;
17708 : 24267;
17709 : 24267;
17710 : 24267;
17711 : 24267;
17712 : 24267;
17713 : 26315;
17714 : 24267;
17715 : 24267;
17716 : 24267;
17717 : 24267;
17718 : 26315;
17719 : 26315;
17720 : 26315;
17721 : 24267;
17722 : 24267;
17723 : 24235;
17724 : 24267;
17725 : 24267;
17726 : 24235;
17727 : 24235;
17728 : 24235;
17729 : 24235;
17730 : 24235;
17731 : 24235;
17732 : 24235;
17733 : 24235;
17734 : 24235;
17735 : 24235;
17736 : 22154;
17737 : 22154;
17738 : 22154;
17739 : 22154;
17740 : 22155;
17741 : 22187;
17742 : 22187;
17743 : 22154;
17744 : 20138;
17745 : 20106;
17746 : 20138;
17747 : 22186;
17748 : 22187;
17749 : 20138;
17750 : 22154;
17751 : 20106;
17752 : 20074;
17753 : 20074;
17754 : 20106;
17755 : 20106;
17756 : 22187;
17757 : 11078;
17758 : 0;
17759 : 0;
17760 : 161;
17761 : 2982;
17762 : 1126;
17763 : 1126;
17764 : 1157;
17765 : 1158;
17766 : 1158;
17767 : 1158;
17768 : 3270;
17769 : 5414;
17770 : 5446;
17771 : 5446;
17772 : 5478;
17773 : 7558;
17774 : 9671;
17775 : 11751;
17776 : 13831;
17777 : 11719;
17778 : 11718;
17779 : 9639;
17780 : 9638;
17781 : 9639;
17782 : 7590;
17783 : 9638;
17784 : 11751;
17785 : 13831;
17786 : 11783;
17787 : 13831;
17788 : 13831;
17789 : 13831;
17790 : 11751;
17791 : 13831;
17792 : 13831;
17793 : 13831;
17794 : 13799;
17795 : 11751;
17796 : 13799;
17797 : 13831;
17798 : 13831;
17799 : 13831;
17800 : 11751;
17801 : 11719;
17802 : 11719;
17803 : 11751;
17804 : 13831;
17805 : 13831;
17806 : 13831;
17807 : 11719;
17808 : 11687;
17809 : 9639;
17810 : 11751;
17811 : 13831;
17812 : 13799;
17813 : 11719;
17814 : 11719;
17815 : 13799;
17816 : 13831;
17817 : 13831;
17818 : 13831;
17819 : 13831;
17820 : 13831;
17821 : 11719;
17822 : 7558;
17823 : 7558;
17824 : 7558;
17825 : 7558;
17826 : 5478;
17827 : 5446;
17828 : 5414;
17829 : 3366;
17830 : 5414;
17831 : 3366;
17832 : 3366;
17833 : 3334;
17834 : 3270;
17835 : 1158;
17836 : 1126;
17837 : 1126;
17838 : 1094;
17839 : 1094;
17840 : 1063;
17841 : 1031;
17842 : 998;
17843 : 934;
17844 : 869;
17845 : 837;
17846 : 837;
17847 : 805;
17848 : 805;
17849 : 869;
17850 : 869;
17851 : 804;
17852 : 2884;
17853 : 675;
17854 : 7045;
17855 : 13480;
17856 : 19882;
17857 : 24204;
17858 : 26316;
17859 : 26348;
17860 : 26348;
17861 : 24267;
17862 : 24267;
17863 : 26315;
17864 : 26315;
17865 : 24267;
17866 : 26315;
17867 : 24267;
17868 : 26315;
17869 : 26315;
17870 : 24267;
17871 : 24267;
17872 : 26315;
17873 : 26315;
17874 : 24267;
17875 : 26315;
17876 : 26315;
17877 : 24267;
17878 : 26315;
17879 : 26315;
17880 : 24267;
17881 : 26315;
17882 : 24267;
17883 : 24267;
17884 : 24267;
17885 : 24235;
17886 : 24235;
17887 : 24235;
17888 : 24235;
17889 : 22187;
17890 : 24235;
17891 : 24235;
17892 : 24235;
17893 : 24235;
17894 : 22154;
17895 : 22154;
17896 : 22154;
17897 : 22154;
17898 : 22154;
17899 : 22154;
17900 : 22154;
17901 : 22186;
17902 : 22154;
17903 : 22154;
17904 : 22154;
17905 : 20106;
17906 : 22154;
17907 : 22154;
17908 : 22154;
17909 : 22155;
17910 : 22154;
17911 : 20106;
17912 : 20106;
17913 : 20106;
17914 : 20106;
17915 : 20106;
17916 : 22187;
17917 : 11078;
17918 : 0;
17919 : 0;
17920 : 161;
17921 : 3047;
17922 : 1190;
17923 : 1191;
17924 : 3302;
17925 : 3302;
17926 : 3334;
17927 : 3334;
17928 : 5414;
17929 : 7526;
17930 : 7526;
17931 : 7526;
17932 : 7526;
17933 : 7558;
17934 : 9638;
17935 : 11751;
17936 : 11783;
17937 : 11718;
17938 : 11751;
17939 : 9671;
17940 : 7590;
17941 : 7590;
17942 : 9638;
17943 : 9670;
17944 : 13831;
17945 : 15912;
17946 : 13831;
17947 : 13831;
17948 : 13831;
17949 : 11783;
17950 : 11751;
17951 : 13831;
17952 : 13831;
17953 : 13831;
17954 : 13799;
17955 : 13799;
17956 : 15879;
17957 : 15912;
17958 : 15880;
17959 : 13799;
17960 : 13799;
17961 : 13799;
17962 : 13831;
17963 : 13831;
17964 : 13831;
17965 : 13831;
17966 : 13799;
17967 : 11719;
17968 : 11719;
17969 : 11719;
17970 : 11718;
17971 : 11718;
17972 : 11719;
17973 : 11719;
17974 : 9639;
17975 : 9639;
17976 : 11719;
17977 : 11718;
17978 : 11750;
17979 : 11751;
17980 : 9671;
17981 : 9639;
17982 : 7558;
17983 : 7558;
17984 : 7558;
17985 : 7526;
17986 : 7526;
17987 : 5446;
17988 : 5446;
17989 : 5414;
17990 : 5414;
17991 : 5414;
17992 : 3366;
17993 : 3366;
17994 : 3335;
17995 : 3271;
17996 : 1159;
17997 : 1126;
17998 : 1094;
17999 : 1094;
18000 : 1094;
18001 : 1094;
18002 : 1094;
18003 : 1030;
18004 : 966;
18005 : 868;
18006 : 837;
18007 : 837;
18008 : 805;
18009 : 837;
18010 : 869;
18011 : 901;
18012 : 2885;
18013 : 546;
18014 : 2691;
18015 : 7045;
18016 : 13512;
18017 : 22027;
18018 : 24203;
18019 : 26348;
18020 : 26348;
18021 : 24299;
18022 : 26315;
18023 : 26315;
18024 : 26316;
18025 : 26348;
18026 : 26315;
18027 : 26315;
18028 : 24267;
18029 : 24267;
18030 : 24267;
18031 : 24267;
18032 : 26315;
18033 : 26315;
18034 : 24267;
18035 : 26315;
18036 : 26315;
18037 : 24267;
18038 : 26315;
18039 : 26315;
18040 : 24267;
18041 : 24267;
18042 : 24267;
18043 : 24235;
18044 : 24235;
18045 : 24235;
18046 : 24235;
18047 : 24235;
18048 : 24235;
18049 : 24235;
18050 : 24235;
18051 : 24235;
18052 : 24235;
18053 : 24235;
18054 : 22154;
18055 : 22154;
18056 : 22154;
18057 : 22154;
18058 : 22154;
18059 : 22154;
18060 : 22186;
18061 : 22154;
18062 : 22154;
18063 : 22154;
18064 : 22154;
18065 : 22154;
18066 : 22154;
18067 : 22186;
18068 : 22187;
18069 : 22155;
18070 : 22187;
18071 : 22154;
18072 : 22154;
18073 : 22154;
18074 : 20106;
18075 : 20106;
18076 : 22187;
18077 : 11078;
18078 : 0;
18079 : 0;
18080 : 161;
18081 : 5159;
18082 : 1255;
18083 : 3334;
18084 : 3334;
18085 : 3366;
18086 : 3398;
18087 : 5446;
18088 : 5478;
18089 : 5478;
18090 : 5478;
18091 : 7558;
18092 : 9638;
18093 : 11718;
18094 : 13799;
18095 : 13831;
18096 : 11783;
18097 : 11719;
18098 : 9670;
18099 : 9638;
18100 : 9638;
18101 : 9670;
18102 : 9670;
18103 : 11751;
18104 : 15880;
18105 : 15912;
18106 : 13832;
18107 : 15880;
18108 : 15879;
18109 : 15879;
18110 : 20041;
18111 : 22122;
18112 : 24170;
18113 : 26283;
18114 : 26283;
18115 : 26283;
18116 : 26283;
18117 : 26315;
18118 : 26316;
18119 : 24170;
18120 : 20041;
18121 : 20073;
18122 : 17992;
18123 : 15912;
18124 : 13831;
18125 : 13831;
18126 : 11783;
18127 : 13799;
18128 : 13831;
18129 : 13832;
18130 : 11751;
18131 : 11751;
18132 : 11751;
18133 : 11719;
18134 : 9670;
18135 : 9639;
18136 : 9638;
18137 : 9670;
18138 : 9638;
18139 : 9638;
18140 : 7558;
18141 : 7558;
18142 : 7558;
18143 : 7558;
18144 : 7558;
18145 : 7558;
18146 : 7526;
18147 : 7526;
18148 : 7526;
18149 : 5446;
18150 : 5446;
18151 : 5446;
18152 : 5414;
18153 : 3367;
18154 : 3334;
18155 : 1222;
18156 : 1190;
18157 : 1158;
18158 : 1126;
18159 : 1094;
18160 : 1094;
18161 : 1094;
18162 : 1126;
18163 : 1094;
18164 : 1062;
18165 : 933;
18166 : 869;
18167 : 837;
18168 : 837;
18169 : 837;
18170 : 869;
18171 : 901;
18172 : 2852;
18173 : 514;
18174 : 514;
18175 : 643;
18176 : 9126;
18177 : 15624;
18178 : 19946;
18179 : 24203;
18180 : 26348;
18181 : 26348;
18182 : 26347;
18183 : 26316;
18184 : 26316;
18185 : 26316;
18186 : 24267;
18187 : 24267;
18188 : 24267;
18189 : 24267;
18190 : 24267;
18191 : 24267;
18192 : 24267;
18193 : 24267;
18194 : 24267;
18195 : 24267;
18196 : 24267;
18197 : 24267;
18198 : 24267;
18199 : 24267;
18200 : 24267;
18201 : 24267;
18202 : 24267;
18203 : 24235;
18204 : 24235;
18205 : 24235;
18206 : 24235;
18207 : 24235;
18208 : 22186;
18209 : 22186;
18210 : 22187;
18211 : 24235;
18212 : 24235;
18213 : 22186;
18214 : 22186;
18215 : 22186;
18216 : 22186;
18217 : 22186;
18218 : 22186;
18219 : 22186;
18220 : 22187;
18221 : 22154;
18222 : 22154;
18223 : 22154;
18224 : 22154;
18225 : 22154;
18226 : 22186;
18227 : 22186;
18228 : 22186;
18229 : 22187;
18230 : 22187;
18231 : 22187;
18232 : 22186;
18233 : 22186;
18234 : 22187;
18235 : 20107;
18236 : 22219;
18237 : 11078;
18238 : 0;
18239 : 0;
18240 : 193;
18241 : 7302;
18242 : 3366;
18243 : 3366;
18244 : 3398;
18245 : 5446;
18246 : 7526;
18247 : 7526;
18248 : 7525;
18249 : 7557;
18250 : 9606;
18251 : 11751;
18252 : 13832;
18253 : 13831;
18254 : 11751;
18255 : 9638;
18256 : 9638;
18257 : 9638;
18258 : 9638;
18259 : 11719;
18260 : 11751;
18261 : 11783;
18262 : 13863;
18263 : 15880;
18264 : 15880;
18265 : 17928;
18266 : 17928;
18267 : 24170;
18268 : 26283;
18269 : 28363;
18270 : 30444;
18271 : 30412;
18272 : 30412;
18273 : 30412;
18274 : 30412;
18275 : 30412;
18276 : 30412;
18277 : 30412;
18278 : 30412;
18279 : 30412;
18280 : 30412;
18281 : 30412;
18282 : 28364;
18283 : 26315;
18284 : 22122;
18285 : 15880;
18286 : 13766;
18287 : 11718;
18288 : 11750;
18289 : 13831;
18290 : 13863;
18291 : 13831;
18292 : 13831;
18293 : 13831;
18294 : 13799;
18295 : 11719;
18296 : 11719;
18297 : 11751;
18298 : 11751;
18299 : 11751;
18300 : 9639;
18301 : 9638;
18302 : 9606;
18303 : 7558;
18304 : 7558;
18305 : 7558;
18306 : 7558;
18307 : 7558;
18308 : 7526;
18309 : 7526;
18310 : 7526;
18311 : 5478;
18312 : 5446;
18313 : 5414;
18314 : 5382;
18315 : 3302;
18316 : 3238;
18317 : 3238;
18318 : 1126;
18319 : 1094;
18320 : 1094;
18321 : 1094;
18322 : 1094;
18323 : 1094;
18324 : 1062;
18325 : 1030;
18326 : 902;
18327 : 837;
18328 : 837;
18329 : 837;
18330 : 837;
18331 : 869;
18332 : 2885;
18333 : 611;
18334 : 482;
18335 : 514;
18336 : 2723;
18337 : 9222;
18338 : 15624;
18339 : 19978;
18340 : 24235;
18341 : 26347;
18342 : 24299;
18343 : 24299;
18344 : 26315;
18345 : 24267;
18346 : 24267;
18347 : 24267;
18348 : 24267;
18349 : 24267;
18350 : 24267;
18351 : 24267;
18352 : 24267;
18353 : 24267;
18354 : 24267;
18355 : 24267;
18356 : 24267;
18357 : 24267;
18358 : 24267;
18359 : 24267;
18360 : 24267;
18361 : 24267;
18362 : 24267;
18363 : 24267;
18364 : 24235;
18365 : 24235;
18366 : 24235;
18367 : 24235;
18368 : 22186;
18369 : 22186;
18370 : 22186;
18371 : 22186;
18372 : 22186;
18373 : 22186;
18374 : 22186;
18375 : 22186;
18376 : 22154;
18377 : 22154;
18378 : 22154;
18379 : 22154;
18380 : 22186;
18381 : 22154;
18382 : 22186;
18383 : 22154;
18384 : 22186;
18385 : 22187;
18386 : 22186;
18387 : 22186;
18388 : 22154;
18389 : 22186;
18390 : 22187;
18391 : 22187;
18392 : 22186;
18393 : 22186;
18394 : 22186;
18395 : 22154;
18396 : 22218;
18397 : 13126;
18398 : 0;
18399 : 0;
18400 : 193;
18401 : 7335;
18402 : 5446;
18403 : 7494;
18404 : 5510;
18405 : 7558;
18406 : 7558;
18407 : 7558;
18408 : 7590;
18409 : 11751;
18410 : 13800;
18411 : 13800;
18412 : 11719;
18413 : 9638;
18414 : 7590;
18415 : 9638;
18416 : 9638;
18417 : 11719;
18418 : 11719;
18419 : 13831;
18420 : 13832;
18421 : 15912;
18422 : 15912;
18423 : 17960;
18424 : 19977;
18425 : 24170;
18426 : 28332;
18427 : 30412;
18428 : 30412;
18429 : 30412;
18430 : 30412;
18431 : 30412;
18432 : 30412;
18433 : 30412;
18434 : 30412;
18435 : 30412;
18436 : 30412;
18437 : 30412;
18438 : 30412;
18439 : 30412;
18440 : 30380;
18441 : 30380;
18442 : 30380;
18443 : 30412;
18444 : 30412;
18445 : 28364;
18446 : 24170;
18447 : 17928;
18448 : 13799;
18449 : 11783;
18450 : 13831;
18451 : 13831;
18452 : 13831;
18453 : 13831;
18454 : 11751;
18455 : 11751;
18456 : 13832;
18457 : 13864;
18458 : 13864;
18459 : 13864;
18460 : 13864;
18461 : 11751;
18462 : 11719;
18463 : 7558;
18464 : 7558;
18465 : 7558;
18466 : 7558;
18467 : 7558;
18468 : 7558;
18469 : 7558;
18470 : 5478;
18471 : 5478;
18472 : 5446;
18473 : 5414;
18474 : 3366;
18475 : 3334;
18476 : 3302;
18477 : 3303;
18478 : 1191;
18479 : 1159;
18480 : 1094;
18481 : 1094;
18482 : 1094;
18483 : 1094;
18484 : 1094;
18485 : 1062;
18486 : 966;
18487 : 869;
18488 : 837;
18489 : 837;
18490 : 805;
18491 : 837;
18492 : 2886;
18493 : 644;
18494 : 482;
18495 : 482;
18496 : 579;
18497 : 4901;
18498 : 9254;
18499 : 17736;
18500 : 22090;
18501 : 24235;
18502 : 24267;
18503 : 24299;
18504 : 24267;
18505 : 26315;
18506 : 26315;
18507 : 26315;
18508 : 26315;
18509 : 26315;
18510 : 26315;
18511 : 26315;
18512 : 26315;
18513 : 26315;
18514 : 24235;
18515 : 24235;
18516 : 24235;
18517 : 26315;
18518 : 26315;
18519 : 26316;
18520 : 26316;
18521 : 26316;
18522 : 26315;
18523 : 24235;
18524 : 24235;
18525 : 24203;
18526 : 24235;
18527 : 24235;
18528 : 24235;
18529 : 24235;
18530 : 24235;
18531 : 24235;
18532 : 24235;
18533 : 24235;
18534 : 24235;
18535 : 24235;
18536 : 22187;
18537 : 22187;
18538 : 22154;
18539 : 22154;
18540 : 22154;
18541 : 22155;
18542 : 22155;
18543 : 22187;
18544 : 22154;
18545 : 22186;
18546 : 22187;
18547 : 22187;
18548 : 24235;
18549 : 22155;
18550 : 22155;
18551 : 22155;
18552 : 22186;
18553 : 22154;
18554 : 22154;
18555 : 22186;
18556 : 24267;
18557 : 13094;
18558 : 0;
18559 : 0;
18560 : 2241;
18561 : 7366;
18562 : 5510;
18563 : 7557;
18564 : 7590;
18565 : 7558;
18566 : 7558;
18567 : 7558;
18568 : 9671;
18569 : 11783;
18570 : 9670;
18571 : 9638;
18572 : 9638;
18573 : 7558;
18574 : 9638;
18575 : 9670;
18576 : 11751;
18577 : 13799;
18578 : 15880;
18579 : 15880;
18580 : 15880;
18581 : 20041;
18582 : 22121;
18583 : 26283;
18584 : 28363;
18585 : 28396;
18586 : 30412;
18587 : 30412;
18588 : 30412;
18589 : 30412;
18590 : 30412;
18591 : 30412;
18592 : 30412;
18593 : 30412;
18594 : 30412;
18595 : 30412;
18596 : 30412;
18597 : 30412;
18598 : 30412;
18599 : 30412;
18600 : 30412;
18601 : 30412;
18602 : 30412;
18603 : 30412;
18604 : 30412;
18605 : 30412;
18606 : 30412;
18607 : 28396;
18608 : 22154;
18609 : 15879;
18610 : 15911;
18611 : 15911;
18612 : 13831;
18613 : 11750;
18614 : 11718;
18615 : 11750;
18616 : 13831;
18617 : 13863;
18618 : 13863;
18619 : 13863;
18620 : 15911;
18621 : 13863;
18622 : 11783;
18623 : 9670;
18624 : 7590;
18625 : 7558;
18626 : 7558;
18627 : 7558;
18628 : 7558;
18629 : 7558;
18630 : 5478;
18631 : 5445;
18632 : 5446;
18633 : 3366;
18634 : 3366;
18635 : 3366;
18636 : 3334;
18637 : 3302;
18638 : 3302;
18639 : 1190;
18640 : 1158;
18641 : 1127;
18642 : 1127;
18643 : 1127;
18644 : 1094;
18645 : 1094;
18646 : 1062;
18647 : 933;
18648 : 869;
18649 : 837;
18650 : 837;
18651 : 837;
18652 : 837;
18653 : 611;
18654 : 482;
18655 : 482;
18656 : 514;
18657 : 2691;
18658 : 4964;
18659 : 13479;
18660 : 19978;
18661 : 22123;
18662 : 24235;
18663 : 24267;
18664 : 24267;
18665 : 24299;
18666 : 24299;
18667 : 24267;
18668 : 24267;
18669 : 24267;
18670 : 24267;
18671 : 24267;
18672 : 24267;
18673 : 24267;
18674 : 24267;
18675 : 24235;
18676 : 24267;
18677 : 24267;
18678 : 24267;
18679 : 24267;
18680 : 24267;
18681 : 24299;
18682 : 24267;
18683 : 24267;
18684 : 24267;
18685 : 24235;
18686 : 22186;
18687 : 22186;
18688 : 22187;
18689 : 22186;
18690 : 22186;
18691 : 22186;
18692 : 22186;
18693 : 22186;
18694 : 22186;
18695 : 22186;
18696 : 22186;
18697 : 22186;
18698 : 22186;
18699 : 22186;
18700 : 20138;
18701 : 20138;
18702 : 20138;
18703 : 20138;
18704 : 20106;
18705 : 22154;
18706 : 22186;
18707 : 22186;
18708 : 22186;
18709 : 22186;
18710 : 22186;
18711 : 22186;
18712 : 22186;
18713 : 22186;
18714 : 22186;
18715 : 20138;
18716 : 22219;
18717 : 13094;
18718 : 0;
18719 : 0;
18720 : 160;
18721 : 11496;
18722 : 11688;
18723 : 11687;
18724 : 11654;
18725 : 9574;
18726 : 9575;
18727 : 9575;
18728 : 9607;
18729 : 11687;
18730 : 11687;
18731 : 11687;
18732 : 13768;
18733 : 13768;
18734 : 13768;
18735 : 15848;
18736 : 17896;
18737 : 17929;
18738 : 19977;
18739 : 22058;
18740 : 24138;
18741 : 28300;
18742 : 30412;
18743 : 32461;
18744 : 32461;
18745 : 32429;
18746 : 32429;
18747 : 34477;
18748 : 32429;
18749 : 32429;
18750 : 32461;
18751 : 32461;
18752 : 32461;
18753 : 32461;
18754 : 30413;
18755 : 32461;
18756 : 32461;
18757 : 32461;
18758 : 32461;
18759 : 32461;
18760 : 32461;
18761 : 32461;
18762 : 32461;
18763 : 32461;
18764 : 32429;
18765 : 32461;
18766 : 32461;
18767 : 32461;
18768 : 30413;
18769 : 26218;
18770 : 20041;
18771 : 20041;
18772 : 17928;
18773 : 15880;
18774 : 15848;
18775 : 13799;
18776 : 13767;
18777 : 13799;
18778 : 13799;
18779 : 15880;
18780 : 15880;
18781 : 15880;
18782 : 13800;
18783 : 13767;
18784 : 9606;
18785 : 9575;
18786 : 7527;
18787 : 7527;
18788 : 7527;
18789 : 7526;
18790 : 7494;
18791 : 5414;
18792 : 5382;
18793 : 5382;
18794 : 5382;
18795 : 5382;
18796 : 5382;
18797 : 5351;
18798 : 3270;
18799 : 3270;
18800 : 3207;
18801 : 3207;
18802 : 3207;
18803 : 3207;
18804 : 3143;
18805 : 3111;
18806 : 3079;
18807 : 934;
18808 : 837;
18809 : 805;
18810 : 805;
18811 : 805;
18812 : 2854;
18813 : 579;
18814 : 449;
18815 : 450;
18816 : 450;
18817 : 514;
18818 : 2723;
18819 : 7077;
18820 : 15624;
18821 : 21994;
18822 : 26220;
18823 : 26284;
18824 : 26316;
18825 : 26316;
18826 : 26316;
18827 : 26316;
18828 : 26316;
18829 : 26316;
18830 : 26316;
18831 : 26316;
18832 : 26316;
18833 : 26284;
18834 : 26284;
18835 : 26284;
18836 : 26284;
18837 : 26284;
18838 : 26284;
18839 : 26316;
18840 : 26316;
18841 : 26316;
18842 : 26316;
18843 : 26316;
18844 : 26284;
18845 : 26284;
18846 : 24203;
18847 : 24203;
18848 : 24203;
18849 : 24203;
18850 : 24203;
18851 : 24203;
18852 : 24203;
18853 : 24203;
18854 : 24203;
18855 : 24203;
18856 : 24203;
18857 : 24203;
18858 : 24203;
18859 : 22155;
18860 : 22155;
18861 : 22155;
18862 : 24203;
18863 : 24203;
18864 : 24203;
18865 : 24203;
18866 : 24203;
18867 : 24203;
18868 : 24203;
18869 : 24203;
18870 : 24203;
18871 : 24203;
18872 : 24203;
18873 : 24203;
18874 : 24203;
18875 : 22123;
18876 : 26252;
18877 : 13062;
18878 : 0;
18879 : 0;
18880 : 25485;
18881 : 32079;
18882 : 32112;
18883 : 32112;
18884 : 30063;
18885 : 30031;
18886 : 30031;
18887 : 30031;
18888 : 30031;
18889 : 30031;
18890 : 32111;
18891 : 32144;
18892 : 32144;
18893 : 32144;
18894 : 34192;
18895 : 34192;
18896 : 34192;
18897 : 34192;
18898 : 34225;
18899 : 36273;
18900 : 36305;
18901 : 38386;
18902 : 38386;
18903 : 38386;
18904 : 38386;
18905 : 38386;
18906 : 40434;
18907 : 40434;
18908 : 40402;
18909 : 40434;
18910 : 38386;
18911 : 38386;
18912 : 38386;
18913 : 38386;
18914 : 38386;
18915 : 38386;
18916 : 38386;
18917 : 38386;
18918 : 38386;
18919 : 38386;
18920 : 38386;
18921 : 38386;
18922 : 38386;
18923 : 38386;
18924 : 38386;
18925 : 38386;
18926 : 38386;
18927 : 38386;
18928 : 38386;
18929 : 38386;
18930 : 36273;
18931 : 34225;
18932 : 34192;
18933 : 34192;
18934 : 34192;
18935 : 34192;
18936 : 32144;
18937 : 32112;
18938 : 32112;
18939 : 32144;
18940 : 32144;
18941 : 32144;
18942 : 32144;
18943 : 32112;
18944 : 30031;
18945 : 30031;
18946 : 30031;
18947 : 30031;
18948 : 30031;
18949 : 30031;
18950 : 30031;
18951 : 30031;
18952 : 29999;
18953 : 29999;
18954 : 29999;
18955 : 29999;
18956 : 27951;
18957 : 27919;
18958 : 27919;
18959 : 27919;
18960 : 27919;
18961 : 27920;
18962 : 27920;
18963 : 27888;
18964 : 27888;
18965 : 27856;
18966 : 27856;
18967 : 27824;
18968 : 25743;
18969 : 25711;
18970 : 25711;
18971 : 25711;
18972 : 27791;
18973 : 27694;
18974 : 25582;
18975 : 25582;
18976 : 25582;
18977 : 27662;
18978 : 27694;
18979 : 27758;
18980 : 31983;
18981 : 34161;
18982 : 36305;
18983 : 36337;
18984 : 38386;
18985 : 36338;
18986 : 36338;
18987 : 36338;
18988 : 36338;
18989 : 36338;
18990 : 36338;
18991 : 36337;
18992 : 36338;
18993 : 36306;
18994 : 36305;
18995 : 36305;
18996 : 36306;
18997 : 36305;
18998 : 36306;
18999 : 36338;
19000 : 36338;
19001 : 36338;
19002 : 36338;
19003 : 36338;
19004 : 36338;
19005 : 36306;
19006 : 36305;
19007 : 36305;
19008 : 36305;
19009 : 36305;
19010 : 36305;
19011 : 36305;
19012 : 36305;
19013 : 36305;
19014 : 36305;
19015 : 36305;
19016 : 36305;
19017 : 36305;
19018 : 36305;
19019 : 36273;
19020 : 36305;
19021 : 34257;
19022 : 36305;
19023 : 36305;
19024 : 36305;
19025 : 36305;
19026 : 36305;
19027 : 36305;
19028 : 36305;
19029 : 36305;
19030 : 36305;
19031 : 36305;
19032 : 36305;
19033 : 36305;
19034 : 36273;
19035 : 36273;
19036 : 36305;
19037 : 31855;
19038 : 25389;
19039 : 25420;
19040 : 10567;
19041 : 8517;
19042 : 10533;
19043 : 8485;
19044 : 8517;
19045 : 8517;
19046 : 8517;
19047 : 8517;
19048 : 8517;
19049 : 8517;
19050 : 8485;
19051 : 8485;
19052 : 8517;
19053 : 8485;
19054 : 8485;
19055 : 8517;
19056 : 8485;
19057 : 8485;
19058 : 8485;
19059 : 8485;
19060 : 8485;
19061 : 8485;
19062 : 8485;
19063 : 8485;
19064 : 8485;
19065 : 8485;
19066 : 8485;
19067 : 8485;
19068 : 8485;
19069 : 8485;
19070 : 8485;
19071 : 8485;
19072 : 8485;
19073 : 8485;
19074 : 8485;
19075 : 8485;
19076 : 8485;
19077 : 8485;
19078 : 8485;
19079 : 8485;
19080 : 8485;
19081 : 8485;
19082 : 8485;
19083 : 8485;
19084 : 8485;
19085 : 8485;
19086 : 8485;
19087 : 8485;
19088 : 8485;
19089 : 8485;
19090 : 8485;
19091 : 8485;
19092 : 8485;
19093 : 8485;
19094 : 8485;
19095 : 8485;
19096 : 8485;
19097 : 8485;
19098 : 8517;
19099 : 8485;
19100 : 8517;
19101 : 8485;
19102 : 8485;
19103 : 8485;
19104 : 8517;
19105 : 8517;
19106 : 8517;
19107 : 8517;
19108 : 8517;
19109 : 8517;
19110 : 8517;
19111 : 8517;
19112 : 8517;
19113 : 8517;
19114 : 8517;
19115 : 8517;
19116 : 8517;
19117 : 8517;
19118 : 8517;
19119 : 8517;
19120 : 8517;
19121 : 8517;
19122 : 8517;
19123 : 8517;
19124 : 8517;
19125 : 8517;
19126 : 8517;
19127 : 10565;
19128 : 10565;
19129 : 10566;
19130 : 10565;
19131 : 10565;
19132 : 10565;
19133 : 10566;
19134 : 10598;
19135 : 10598;
19136 : 10566;
19137 : 10565;
19138 : 10565;
19139 : 10565;
19140 : 10565;
19141 : 8485;
19142 : 8485;
19143 : 8485;
19144 : 8485;
19145 : 8485;
19146 : 8485;
19147 : 8485;
19148 : 8485;
19149 : 8485;
19150 : 8485;
19151 : 8485;
19152 : 8485;
19153 : 8485;
19154 : 8485;
19155 : 8485;
19156 : 8485;
19157 : 8485;
19158 : 8485;
19159 : 8485;
19160 : 8485;
19161 : 8485;
19162 : 8485;
19163 : 8485;
19164 : 8485;
19165 : 8485;
19166 : 8485;
19167 : 8485;
19168 : 8485;
19169 : 8485;
19170 : 8485;
19171 : 8485;
19172 : 8485;
19173 : 8485;
19174 : 8485;
19175 : 8485;
19176 : 8485;
19177 : 8485;
19178 : 8485;
19179 : 8485;
19180 : 8485;
19181 : 8485;
19182 : 8485;
19183 : 8485;
19184 : 8485;
19185 : 8485;
19186 : 8485;
19187 : 8485;
19188 : 8485;
19189 : 8485;
19190 : 8485;
19191 : 8485;
19192 : 8485;
19193 : 8485;
19194 : 8485;
19195 : 8485;
19196 : 8516;
19197 : 8517;
19198 : 10598;
19199 : 10598;
END;
