Analysis & Synthesis report for POKEMON
Tue Jun  2 18:17:09 2026
Quartus Prime Version 25.1std.0 Build 1129 10/21/2025 SC Lite Edition


---------------------
; Table of Contents ;
---------------------
  1. Legal Notice
  2. Analysis & Synthesis Summary
  3. Analysis & Synthesis Settings
  4. Parallel Compilation
  5. Analysis & Synthesis Source Files Read
  6. Analysis & Synthesis Resource Usage Summary
  7. Analysis & Synthesis Resource Utilization by Entity
  8. Analysis & Synthesis RAM Summary
  9. Analysis & Synthesis IP Cores Summary
 10. State Machine - |POKEMON|battle_engine:GAME_CONTROL|CURRENT_ST
 11. Registers Removed During Synthesis
 12. Removed Registers Triggering Further Register Optimizations
 13. General Register Statistics
 14. Inverted Register Statistics
 15. Multiplexer Restructuring Statistics (Restructuring Performed)
 16. Source assignments for VGA:IMAGE_CONTROL|pixel_generate:COLOR_BLOCK|pokemon_sel:PK_SEL|LEAFEON_ROM:LEAFEON_SP|altsyncram:altsyncram_component|altsyncram_5224:auto_generated
 17. Source assignments for VGA:IMAGE_CONTROL|pixel_generate:COLOR_BLOCK|pokemon_sel:PK_SEL|ZERAORA_ROM:ZERAORA_SP|altsyncram:altsyncram_component|altsyncram_v224:auto_generated
 18. Source assignments for VGA:IMAGE_CONTROL|pixel_generate:COLOR_BLOCK|pokemon_sel:PK_SEL|VAPOREON_ROM:VAPOREON_SP|altsyncram:altsyncram_component|altsyncram_l624:auto_generated
 19. Source assignments for VGA:IMAGE_CONTROL|pixel_generate:COLOR_BLOCK|pokemon_sel:PK_SEL|SANDSLASH_ROM:SANDSLASH_SP|altsyncram:altsyncram_component|altsyncram_c924:auto_generated
 20. Source assignments for VGA:IMAGE_CONTROL|pixel_generate:COLOR_BLOCK|pokemon_sel:PK_SEL|ODDISH_ROM:ODDISH_SP|altsyncram:altsyncram_component|altsyncram_6v14:auto_generated
 21. Source assignments for VGA:IMAGE_CONTROL|pixel_generate:COLOR_BLOCK|pokemon_sel:PK_SEL|LAPRAS_ROM:LAPRAS_SP|altsyncram:altsyncram_component|altsyncram_ev14:auto_generated
 22. Source assignments for VGA:IMAGE_CONTROL|pixel_generate:COLOR_BLOCK|pokemon_sel:PK_SEL|JOLTEON_ROM:JOLTEON_SP|altsyncram:altsyncram_component|altsyncram_6324:auto_generated
 23. Source assignments for VGA:IMAGE_CONTROL|pixel_generate:COLOR_BLOCK|pokemon_sel:PK_SEL|GARCHOMP_ROM:GARCHOMP_SP|altsyncram:altsyncram_component|altsyncram_s524:auto_generated
 24. Source assignments for VGA:IMAGE_CONTROL|pixel_generate:COLOR_BLOCK|pokemon_sel:PK_SEL|FLAREON_ROM:FLAREON_SP|altsyncram:altsyncram_component|altsyncram_i224:auto_generated
 25. Source assignments for VGA:IMAGE_CONTROL|pixel_generate:COLOR_BLOCK|pokemon_sel:PK_SEL|CHARIZARD_ROM:CHARIZARD_SP|altsyncram:altsyncram_component|altsyncram_3924:auto_generated
 26. Source assignments for VGA:IMAGE_CONTROL|pixel_generate:COLOR_BLOCK|pokemon_sel:PK_SEL|RANDOM_ROM:RANDOM_SP|altsyncram:altsyncram_component|altsyncram_cv14:auto_generated
 27. Source assignments for VGA:IMAGE_CONTROL|pixel_generate:COLOR_BLOCK|BACKGROUND_ROM:BACKGROUND_SP|altsyncram:altsyncram_component|altsyncram_cb34:auto_generated
 28. Parameter Settings for User Entity Instance: VGA:IMAGE_CONTROL|move_controller:MOVE_CONT|contador_uni:REFRESH_C0
 29. Parameter Settings for User Entity Instance: VGA:IMAGE_CONTROL|move_controller:MOVE_CONT|contador_uni:REFRESH_C1
 30. Parameter Settings for User Entity Instance: VGA:IMAGE_CONTROL|move_controller:MOVE_CONT|bitn_fullAdder:POS0_X_SUM
 31. Parameter Settings for User Entity Instance: VGA:IMAGE_CONTROL|move_controller:MOVE_CONT|bitn_fullAdder:POS0_Y_SUM
 32. Parameter Settings for User Entity Instance: VGA:IMAGE_CONTROL|move_controller:MOVE_CONT|bitn_fullAdder:POS1_X_SUM
 33. Parameter Settings for User Entity Instance: VGA:IMAGE_CONTROL|move_controller:MOVE_CONT|bitn_fullAdder:POS1_Y_SUM
 34. Parameter Settings for User Entity Instance: VGA:IMAGE_CONTROL|PLL_40MHz:CLOCK_BLOCK|PLL_40MHz_0002:pll_40mhz_inst|altera_pll:altera_pll_i
 35. Parameter Settings for User Entity Instance: VGA:IMAGE_CONTROL|image_sync:SYNC_BLOCK|contador_uni:H_COUNTER
 36. Parameter Settings for User Entity Instance: VGA:IMAGE_CONTROL|image_sync:SYNC_BLOCK|contador_uni:V_COUNTER
 37. Parameter Settings for User Entity Instance: VGA:IMAGE_CONTROL|pixel_generate:COLOR_BLOCK|pokemon_sel:PK_SEL|LEAFEON_ROM:LEAFEON_SP|altsyncram:altsyncram_component
 38. Parameter Settings for User Entity Instance: VGA:IMAGE_CONTROL|pixel_generate:COLOR_BLOCK|pokemon_sel:PK_SEL|ZERAORA_ROM:ZERAORA_SP|altsyncram:altsyncram_component
 39. Parameter Settings for User Entity Instance: VGA:IMAGE_CONTROL|pixel_generate:COLOR_BLOCK|pokemon_sel:PK_SEL|VAPOREON_ROM:VAPOREON_SP|altsyncram:altsyncram_component
 40. Parameter Settings for User Entity Instance: VGA:IMAGE_CONTROL|pixel_generate:COLOR_BLOCK|pokemon_sel:PK_SEL|SANDSLASH_ROM:SANDSLASH_SP|altsyncram:altsyncram_component
 41. Parameter Settings for User Entity Instance: VGA:IMAGE_CONTROL|pixel_generate:COLOR_BLOCK|pokemon_sel:PK_SEL|ODDISH_ROM:ODDISH_SP|altsyncram:altsyncram_component
 42. Parameter Settings for User Entity Instance: VGA:IMAGE_CONTROL|pixel_generate:COLOR_BLOCK|pokemon_sel:PK_SEL|LAPRAS_ROM:LAPRAS_SP|altsyncram:altsyncram_component
 43. Parameter Settings for User Entity Instance: VGA:IMAGE_CONTROL|pixel_generate:COLOR_BLOCK|pokemon_sel:PK_SEL|JOLTEON_ROM:JOLTEON_SP|altsyncram:altsyncram_component
 44. Parameter Settings for User Entity Instance: VGA:IMAGE_CONTROL|pixel_generate:COLOR_BLOCK|pokemon_sel:PK_SEL|GARCHOMP_ROM:GARCHOMP_SP|altsyncram:altsyncram_component
 45. Parameter Settings for User Entity Instance: VGA:IMAGE_CONTROL|pixel_generate:COLOR_BLOCK|pokemon_sel:PK_SEL|FLAREON_ROM:FLAREON_SP|altsyncram:altsyncram_component
 46. Parameter Settings for User Entity Instance: VGA:IMAGE_CONTROL|pixel_generate:COLOR_BLOCK|pokemon_sel:PK_SEL|CHARIZARD_ROM:CHARIZARD_SP|altsyncram:altsyncram_component
 47. Parameter Settings for User Entity Instance: VGA:IMAGE_CONTROL|pixel_generate:COLOR_BLOCK|pokemon_sel:PK_SEL|RANDOM_ROM:RANDOM_SP|altsyncram:altsyncram_component
 48. Parameter Settings for User Entity Instance: VGA:IMAGE_CONTROL|pixel_generate:COLOR_BLOCK|BACKGROUND_ROM:BACKGROUND_SP|altsyncram:altsyncram_component
 49. Parameter Settings for User Entity Instance: battle_engine:GAME_CONTROL|bitn_fullAdder:PK0_CURSOR_SUM
 50. Parameter Settings for User Entity Instance: battle_engine:GAME_CONTROL|bitn_fullAdder:PK1_CURSOR_SUM
 51. Parameter Settings for Inferred Entity Instance: VGA:IMAGE_CONTROL|pixel_generate:COLOR_BLOCK|lpm_divide:Div0
 52. Parameter Settings for Inferred Entity Instance: VGA:IMAGE_CONTROL|pixel_generate:COLOR_BLOCK|lpm_divide:Div1
 53. altsyncram Parameter Settings by Entity Instance
 54. Port Connectivity Checks: "battle_engine:GAME_CONTROL|bitn_fullAdder:PK1_CURSOR_SUM"
 55. Port Connectivity Checks: "battle_engine:GAME_CONTROL|bitn_fullAdder:PK0_CURSOR_SUM"
 56. Port Connectivity Checks: "battle_engine:GAME_CONTROL"
 57. Port Connectivity Checks: "VGA:IMAGE_CONTROL|image_sync:SYNC_BLOCK|contador_uni:V_COUNTER"
 58. Port Connectivity Checks: "VGA:IMAGE_CONTROL|image_sync:SYNC_BLOCK|contador_uni:H_COUNTER"
 59. Port Connectivity Checks: "VGA:IMAGE_CONTROL|move_controller:MOVE_CONT|bitn_fullAdder:POS1_Y_SUM"
 60. Port Connectivity Checks: "VGA:IMAGE_CONTROL|move_controller:MOVE_CONT|bitn_fullAdder:POS1_X_SUM"
 61. Port Connectivity Checks: "VGA:IMAGE_CONTROL|move_controller:MOVE_CONT|bitn_fullAdder:POS0_Y_SUM"
 62. Port Connectivity Checks: "VGA:IMAGE_CONTROL|move_controller:MOVE_CONT|bitn_fullAdder:POS0_X_SUM"
 63. Port Connectivity Checks: "VGA:IMAGE_CONTROL|move_controller:MOVE_CONT|contador_uni:REFRESH_C1"
 64. Port Connectivity Checks: "VGA:IMAGE_CONTROL|move_controller:MOVE_CONT|contador_uni:REFRESH_C0"
 65. Port Connectivity Checks: "VGA:IMAGE_CONTROL"
 66. Post-Synthesis Netlist Statistics for Top Partition
 67. Elapsed Time Per Partition
 68. Analysis & Synthesis Messages



----------------
; Legal Notice ;
----------------
Copyright (C) 2025  Altera Corporation. All rights reserved.
Your use of Altera Corporation's design tools, logic functions 
and other software and tools, and any partner logic 
functions, and any output files from any of the foregoing 
(including device programming or simulation files), and any 
associated documentation or information are expressly subject 
to the terms and conditions of the Altera Program License 
Subscription Agreement, the Altera Quartus Prime License Agreement,
the Altera IP License Agreement, or other applicable license
agreement, including, without limitation, that your use is for
the sole purpose of programming logic devices manufactured by
Altera and sold by Altera or its authorized distributors.  Please
refer to the Altera Software License Subscription Agreements 
on the Quartus Prime software download page.



+-----------------------------------------------------------------------------------+
; Analysis & Synthesis Summary                                                      ;
+---------------------------------+-------------------------------------------------+
; Analysis & Synthesis Status     ; Successful - Tue Jun  2 18:17:09 2026           ;
; Quartus Prime Version           ; 25.1std.0 Build 1129 10/21/2025 SC Lite Edition ;
; Revision Name                   ; POKEMON                                         ;
; Top-level Entity Name           ; POKEMON                                         ;
; Family                          ; Cyclone V                                       ;
; Logic utilization (in ALMs)     ; N/A                                             ;
; Total registers                 ; 553                                             ;
; Total pins                      ; 34                                              ;
; Total virtual pins              ; 0                                               ;
; Total block memory bits         ; 1,245,184                                       ;
; Total DSP Blocks                ; 0                                               ;
; Total HSSI RX PCSs              ; 0                                               ;
; Total HSSI PMA RX Deserializers ; 0                                               ;
; Total HSSI TX PCSs              ; 0                                               ;
; Total HSSI PMA TX Serializers   ; 0                                               ;
; Total PLLs                      ; 1                                               ;
; Total DLLs                      ; 0                                               ;
+---------------------------------+-------------------------------------------------+


+---------------------------------------------------------------------------------------------------------------------------+
; Analysis & Synthesis Settings                                                                                             ;
+---------------------------------------------------------------------------------+--------------------+--------------------+
; Option                                                                          ; Setting            ; Default Value      ;
+---------------------------------------------------------------------------------+--------------------+--------------------+
; Device                                                                          ; 5CSEMA5F31C6       ;                    ;
; Top-level entity name                                                           ; POKEMON            ; POKEMON            ;
; Family name                                                                     ; Cyclone V          ; Cyclone V          ;
; Use smart compilation                                                           ; Off                ; Off                ;
; Enable parallel Assembler and Timing Analyzer during compilation                ; On                 ; On                 ;
; Enable compact report table                                                     ; Off                ; Off                ;
; Restructure Multiplexers                                                        ; Auto               ; Auto               ;
; MLAB Add Timing Constraints For Mixed-Port Feed-Through Mode Setting Don't Care ; Off                ; Off                ;
; Create Debugging Nodes for IP Cores                                             ; Off                ; Off                ;
; Preserve fewer node names                                                       ; On                 ; On                 ;
; Intel FPGA IP Evaluation Mode                                                   ; Enable             ; Enable             ;
; Verilog Version                                                                 ; Verilog_2001       ; Verilog_2001       ;
; VHDL Version                                                                    ; VHDL_1993          ; VHDL_1993          ;
; State Machine Processing                                                        ; Auto               ; Auto               ;
; Safe State Machine                                                              ; Off                ; Off                ;
; Extract Verilog State Machines                                                  ; On                 ; On                 ;
; Extract VHDL State Machines                                                     ; On                 ; On                 ;
; Ignore Verilog initial constructs                                               ; Off                ; Off                ;
; Iteration limit for constant Verilog loops                                      ; 5000               ; 5000               ;
; Iteration limit for non-constant Verilog loops                                  ; 250                ; 250                ;
; Add Pass-Through Logic to Inferred RAMs                                         ; On                 ; On                 ;
; Infer RAMs from Raw Logic                                                       ; On                 ; On                 ;
; Parallel Synthesis                                                              ; On                 ; On                 ;
; DSP Block Balancing                                                             ; Auto               ; Auto               ;
; NOT Gate Push-Back                                                              ; On                 ; On                 ;
; Power-Up Don't Care                                                             ; On                 ; On                 ;
; Remove Redundant Logic Cells                                                    ; Off                ; Off                ;
; Remove Duplicate Registers                                                      ; On                 ; On                 ;
; Ignore CARRY Buffers                                                            ; Off                ; Off                ;
; Ignore CASCADE Buffers                                                          ; Off                ; Off                ;
; Ignore GLOBAL Buffers                                                           ; Off                ; Off                ;
; Ignore ROW GLOBAL Buffers                                                       ; Off                ; Off                ;
; Ignore LCELL Buffers                                                            ; Off                ; Off                ;
; Ignore SOFT Buffers                                                             ; On                 ; On                 ;
; Limit AHDL Integers to 32 Bits                                                  ; Off                ; Off                ;
; Optimization Technique                                                          ; Balanced           ; Balanced           ;
; Carry Chain Length                                                              ; 70                 ; 70                 ;
; Auto Carry Chains                                                               ; On                 ; On                 ;
; Auto Open-Drain Pins                                                            ; On                 ; On                 ;
; Perform WYSIWYG Primitive Resynthesis                                           ; Off                ; Off                ;
; Auto ROM Replacement                                                            ; On                 ; On                 ;
; Auto RAM Replacement                                                            ; On                 ; On                 ;
; Auto DSP Block Replacement                                                      ; On                 ; On                 ;
; Auto Shift Register Replacement                                                 ; Auto               ; Auto               ;
; Allow Shift Register Merging across Hierarchies                                 ; Auto               ; Auto               ;
; Auto Clock Enable Replacement                                                   ; On                 ; On                 ;
; Strict RAM Replacement                                                          ; Off                ; Off                ;
; Allow Synchronous Control Signals                                               ; On                 ; On                 ;
; Force Use of Synchronous Clear Signals                                          ; Off                ; Off                ;
; Auto Resource Sharing                                                           ; Off                ; Off                ;
; Allow Any RAM Size For Recognition                                              ; Off                ; Off                ;
; Allow Any ROM Size For Recognition                                              ; Off                ; Off                ;
; Allow Any Shift Register Size For Recognition                                   ; Off                ; Off                ;
; Use LogicLock Constraints during Resource Balancing                             ; On                 ; On                 ;
; Ignore translate_off and synthesis_off directives                               ; Off                ; Off                ;
; Timing-Driven Synthesis                                                         ; On                 ; On                 ;
; Report Parameter Settings                                                       ; On                 ; On                 ;
; Report Source Assignments                                                       ; On                 ; On                 ;
; Report Connectivity Checks                                                      ; On                 ; On                 ;
; Ignore Maximum Fan-Out Assignments                                              ; Off                ; Off                ;
; Synchronization Register Chain Length                                           ; 3                  ; 3                  ;
; Power Optimization During Synthesis                                             ; Normal compilation ; Normal compilation ;
; HDL message level                                                               ; Level2             ; Level2             ;
; Suppress Register Optimization Related Messages                                 ; Off                ; Off                ;
; Number of Removed Registers Reported in Synthesis Report                        ; 5000               ; 5000               ;
; Number of Swept Nodes Reported in Synthesis Report                              ; 5000               ; 5000               ;
; Number of Inverted Registers Reported in Synthesis Report                       ; 100                ; 100                ;
; Clock MUX Protection                                                            ; On                 ; On                 ;
; Auto Gated Clock Conversion                                                     ; Off                ; Off                ;
; Block Design Naming                                                             ; Auto               ; Auto               ;
; SDC constraint protection                                                       ; Off                ; Off                ;
; Synthesis Effort                                                                ; Auto               ; Auto               ;
; Shift Register Replacement - Allow Asynchronous Clear Signal                    ; On                 ; On                 ;
; Pre-Mapping Resynthesis Optimization                                            ; Off                ; Off                ;
; Analysis & Synthesis Message Level                                              ; Medium             ; Medium             ;
; Disable Register Merging Across Hierarchies                                     ; Auto               ; Auto               ;
; Resource Aware Inference For Block RAM                                          ; On                 ; On                 ;
; Automatic Parallel Synthesis                                                    ; On                 ; On                 ;
; Partial Reconfiguration Bitstream ID                                            ; Off                ; Off                ;
+---------------------------------------------------------------------------------+--------------------+--------------------+


+------------------------------------------+
; Parallel Compilation                     ;
+----------------------------+-------------+
; Processors                 ; Number      ;
+----------------------------+-------------+
; Number detected on machine ; 8           ;
; Maximum allowed            ; 4           ;
;                            ;             ;
; Average used               ; 1.00        ;
; Maximum used               ; 4           ;
;                            ;             ;
; Usage by Processor         ; % Time Used ;
;     Processor 1            ; 100.0%      ;
;     Processor 2            ;   0.1%      ;
;     Processor 3            ;   0.0%      ;
;     Processor 4            ;   0.0%      ;
+----------------------------+-------------+


+------------------------------------------------------------------------------------------------------------------------------------------------------------------------------------------------------------+
; Analysis & Synthesis Source Files Read                                                                                                                                                                     ;
+----------------------------------+-----------------+----------------------------------------+--------------------------------------------------------------------------------------------------+-----------+
; File Name with User-Entered Path ; Used in Netlist ; File Type                              ; File Name with Absolute Path                                                                     ; Library   ;
+----------------------------------+-----------------+----------------------------------------+--------------------------------------------------------------------------------------------------+-----------+
; POKEMON.vhd                      ; yes             ; User VHDL File                         ; /home/griznu1_/Nextcloud/ERR/UNI/5semestre/digitales/2proyecto/codigo/POKEMON.vhd                ;           ;
; battle_engine.vhd                ; yes             ; User VHDL File                         ; /home/griznu1_/Nextcloud/ERR/UNI/5semestre/digitales/2proyecto/codigo/battle_engine.vhd          ;           ;
; BACKGROUND_ROM.vhd               ; yes             ; User Wizard-Generated File             ; /home/griznu1_/Nextcloud/ERR/UNI/5semestre/digitales/2proyecto/codigo/BACKGROUND_ROM.vhd         ;           ;
; CHARIZARD_ROM.vhd                ; yes             ; User Wizard-Generated File             ; /home/griznu1_/Nextcloud/ERR/UNI/5semestre/digitales/2proyecto/codigo/CHARIZARD_ROM.vhd          ;           ;
; FLAREON_ROM.vhd                  ; yes             ; User Wizard-Generated File             ; /home/griznu1_/Nextcloud/ERR/UNI/5semestre/digitales/2proyecto/codigo/FLAREON_ROM.vhd            ;           ;
; GARCHOMP_ROM.vhd                 ; yes             ; User Wizard-Generated File             ; /home/griznu1_/Nextcloud/ERR/UNI/5semestre/digitales/2proyecto/codigo/GARCHOMP_ROM.vhd           ;           ;
; JOLTEON_ROM.vhd                  ; yes             ; User Wizard-Generated File             ; /home/griznu1_/Nextcloud/ERR/UNI/5semestre/digitales/2proyecto/codigo/JOLTEON_ROM.vhd            ;           ;
; LAPRAS_ROM.vhd                   ; yes             ; User Wizard-Generated File             ; /home/griznu1_/Nextcloud/ERR/UNI/5semestre/digitales/2proyecto/codigo/LAPRAS_ROM.vhd             ;           ;
; LEAFEON_ROM.vhd                  ; yes             ; User Wizard-Generated File             ; /home/griznu1_/Nextcloud/ERR/UNI/5semestre/digitales/2proyecto/codigo/LEAFEON_ROM.vhd            ;           ;
; ODDISH_ROM.vhd                   ; yes             ; User Wizard-Generated File             ; /home/griznu1_/Nextcloud/ERR/UNI/5semestre/digitales/2proyecto/codigo/ODDISH_ROM.vhd             ;           ;
; PLL_40MHz.vhd                    ; yes             ; User Wizard-Generated File             ; /home/griznu1_/Nextcloud/ERR/UNI/5semestre/digitales/2proyecto/codigo/PLL_40MHz.vhd              ; PLL_40MHz ;
; PLL_40MHz/PLL_40MHz_0002.v       ; yes             ; User Verilog HDL File                  ; /home/griznu1_/Nextcloud/ERR/UNI/5semestre/digitales/2proyecto/codigo/PLL_40MHz/PLL_40MHz_0002.v ; PLL_40MHz ;
; RANDOM_ROM.vhd                   ; yes             ; User Wizard-Generated File             ; /home/griznu1_/Nextcloud/ERR/UNI/5semestre/digitales/2proyecto/codigo/RANDOM_ROM.vhd             ;           ;
; SANDSLASH_ROM.vhd                ; yes             ; User Wizard-Generated File             ; /home/griznu1_/Nextcloud/ERR/UNI/5semestre/digitales/2proyecto/codigo/SANDSLASH_ROM.vhd          ;           ;
; VAPOREON_ROM.vhd                 ; yes             ; User Wizard-Generated File             ; /home/griznu1_/Nextcloud/ERR/UNI/5semestre/digitales/2proyecto/codigo/VAPOREON_ROM.vhd           ;           ;
; ZERAORA_ROM.vhd                  ; yes             ; User Wizard-Generated File             ; /home/griznu1_/Nextcloud/ERR/UNI/5semestre/digitales/2proyecto/codigo/ZERAORA_ROM.vhd            ;           ;
; VGA.vhd                          ; yes             ; User VHDL File                         ; /home/griznu1_/Nextcloud/ERR/UNI/5semestre/digitales/2proyecto/codigo/VGA.vhd                    ;           ;
; VGA_package.vhd                  ; yes             ; User VHDL File                         ; /home/griznu1_/Nextcloud/ERR/UNI/5semestre/digitales/2proyecto/codigo/VGA_package.vhd            ;           ;
; basic_package.vhd                ; yes             ; User VHDL File                         ; /home/griznu1_/Nextcloud/ERR/UNI/5semestre/digitales/2proyecto/codigo/basic_package.vhd          ;           ;
; bit1_fullAdder.vhd               ; yes             ; User VHDL File                         ; /home/griznu1_/Nextcloud/ERR/UNI/5semestre/digitales/2proyecto/codigo/bit1_fullAdder.vhd         ;           ;
; bitn_fullAdder.vhd               ; yes             ; User VHDL File                         ; /home/griznu1_/Nextcloud/ERR/UNI/5semestre/digitales/2proyecto/codigo/bitn_fullAdder.vhd         ;           ;
; contador_uni.vhd                 ; yes             ; User VHDL File                         ; /home/griznu1_/Nextcloud/ERR/UNI/5semestre/digitales/2proyecto/codigo/contador_uni.vhd           ;           ;
; image_sync.vhd                   ; yes             ; User VHDL File                         ; /home/griznu1_/Nextcloud/ERR/UNI/5semestre/digitales/2proyecto/codigo/image_sync.vhd             ;           ;
; move_controller.vhd              ; yes             ; User VHDL File                         ; /home/griznu1_/Nextcloud/ERR/UNI/5semestre/digitales/2proyecto/codigo/move_controller.vhd        ;           ;
; pixel_generate.vhd               ; yes             ; User VHDL File                         ; /home/griznu1_/Nextcloud/ERR/UNI/5semestre/digitales/2proyecto/codigo/pixel_generate.vhd         ;           ;
; pokemon_sel.vhd                  ; yes             ; User VHDL File                         ; /home/griznu1_/Nextcloud/ERR/UNI/5semestre/digitales/2proyecto/codigo/pokemon_sel.vhd            ;           ;
; altera_pll.v                     ; yes             ; Megafunction                           ; /opt/intelFPGA/25.1/quartus/libraries/megafunctions/altera_pll.v                                 ;           ;
; altsyncram.tdf                   ; yes             ; Megafunction                           ; /opt/intelFPGA/25.1/quartus/libraries/megafunctions/altsyncram.tdf                               ;           ;
; stratix_ram_block.inc            ; yes             ; Megafunction                           ; /opt/intelFPGA/25.1/quartus/libraries/megafunctions/stratix_ram_block.inc                        ;           ;
; lpm_mux.inc                      ; yes             ; Megafunction                           ; /opt/intelFPGA/25.1/quartus/libraries/megafunctions/lpm_mux.inc                                  ;           ;
; lpm_decode.inc                   ; yes             ; Megafunction                           ; /opt/intelFPGA/25.1/quartus/libraries/megafunctions/lpm_decode.inc                               ;           ;
; aglobal251.inc                   ; yes             ; Megafunction                           ; /opt/intelFPGA/25.1/quartus/libraries/megafunctions/aglobal251.inc                               ;           ;
; a_rdenreg.inc                    ; yes             ; Megafunction                           ; /opt/intelFPGA/25.1/quartus/libraries/megafunctions/a_rdenreg.inc                                ;           ;
; altrom.inc                       ; yes             ; Megafunction                           ; /opt/intelFPGA/25.1/quartus/libraries/megafunctions/altrom.inc                                   ;           ;
; altram.inc                       ; yes             ; Megafunction                           ; /opt/intelFPGA/25.1/quartus/libraries/megafunctions/altram.inc                                   ;           ;
; altdpram.inc                     ; yes             ; Megafunction                           ; /opt/intelFPGA/25.1/quartus/libraries/megafunctions/altdpram.inc                                 ;           ;
; db/altsyncram_5224.tdf           ; yes             ; Auto-Generated Megafunction            ; /home/griznu1_/Nextcloud/ERR/UNI/5semestre/digitales/2proyecto/codigo/db/altsyncram_5224.tdf     ;           ;
; sprite_mifs/leafeon.mif          ; yes             ; Auto-Found Memory Initialization File  ; /home/griznu1_/Nextcloud/ERR/UNI/5semestre/digitales/2proyecto/codigo/sprite_mifs/leafeon.mif    ;           ;
; db/altsyncram_v224.tdf           ; yes             ; Auto-Generated Megafunction            ; /home/griznu1_/Nextcloud/ERR/UNI/5semestre/digitales/2proyecto/codigo/db/altsyncram_v224.tdf     ;           ;
; sprite_mifs/zeraora.mif          ; yes             ; Auto-Found Memory Initialization File  ; /home/griznu1_/Nextcloud/ERR/UNI/5semestre/digitales/2proyecto/codigo/sprite_mifs/zeraora.mif    ;           ;
; db/altsyncram_l624.tdf           ; yes             ; Auto-Generated Megafunction            ; /home/griznu1_/Nextcloud/ERR/UNI/5semestre/digitales/2proyecto/codigo/db/altsyncram_l624.tdf     ;           ;
; sprite_mifs/vaporeon.mif         ; yes             ; Auto-Found Memory Initialization File  ; /home/griznu1_/Nextcloud/ERR/UNI/5semestre/digitales/2proyecto/codigo/sprite_mifs/vaporeon.mif   ;           ;
; db/altsyncram_c924.tdf           ; yes             ; Auto-Generated Megafunction            ; /home/griznu1_/Nextcloud/ERR/UNI/5semestre/digitales/2proyecto/codigo/db/altsyncram_c924.tdf     ;           ;
; sprite_mifs/sandslash.mif        ; yes             ; Auto-Found Memory Initialization File  ; /home/griznu1_/Nextcloud/ERR/UNI/5semestre/digitales/2proyecto/codigo/sprite_mifs/sandslash.mif  ;           ;
; db/altsyncram_6v14.tdf           ; yes             ; Auto-Generated Megafunction            ; /home/griznu1_/Nextcloud/ERR/UNI/5semestre/digitales/2proyecto/codigo/db/altsyncram_6v14.tdf     ;           ;
; sprite_mifs/oddish.mif           ; yes             ; Auto-Found Memory Initialization File  ; /home/griznu1_/Nextcloud/ERR/UNI/5semestre/digitales/2proyecto/codigo/sprite_mifs/oddish.mif     ;           ;
; db/altsyncram_ev14.tdf           ; yes             ; Auto-Generated Megafunction            ; /home/griznu1_/Nextcloud/ERR/UNI/5semestre/digitales/2proyecto/codigo/db/altsyncram_ev14.tdf     ;           ;
; sprite_mifs/lapras.mif           ; yes             ; Auto-Found Memory Initialization File  ; /home/griznu1_/Nextcloud/ERR/UNI/5semestre/digitales/2proyecto/codigo/sprite_mifs/lapras.mif     ;           ;
; db/altsyncram_6324.tdf           ; yes             ; Auto-Generated Megafunction            ; /home/griznu1_/Nextcloud/ERR/UNI/5semestre/digitales/2proyecto/codigo/db/altsyncram_6324.tdf     ;           ;
; sprite_mifs/jolteon.mif          ; yes             ; Auto-Found Memory Initialization File  ; /home/griznu1_/Nextcloud/ERR/UNI/5semestre/digitales/2proyecto/codigo/sprite_mifs/jolteon.mif    ;           ;
; db/altsyncram_s524.tdf           ; yes             ; Auto-Generated Megafunction            ; /home/griznu1_/Nextcloud/ERR/UNI/5semestre/digitales/2proyecto/codigo/db/altsyncram_s524.tdf     ;           ;
; sprite_mifs/garchomp.mif         ; yes             ; Auto-Found Memory Initialization File  ; /home/griznu1_/Nextcloud/ERR/UNI/5semestre/digitales/2proyecto/codigo/sprite_mifs/garchomp.mif   ;           ;
; db/altsyncram_i224.tdf           ; yes             ; Auto-Generated Megafunction            ; /home/griznu1_/Nextcloud/ERR/UNI/5semestre/digitales/2proyecto/codigo/db/altsyncram_i224.tdf     ;           ;
; sprite_mifs/flareon.mif          ; yes             ; Auto-Found Memory Initialization File  ; /home/griznu1_/Nextcloud/ERR/UNI/5semestre/digitales/2proyecto/codigo/sprite_mifs/flareon.mif    ;           ;
; db/altsyncram_3924.tdf           ; yes             ; Auto-Generated Megafunction            ; /home/griznu1_/Nextcloud/ERR/UNI/5semestre/digitales/2proyecto/codigo/db/altsyncram_3924.tdf     ;           ;
; sprite_mifs/charizard.mif        ; yes             ; Auto-Found Memory Initialization File  ; /home/griznu1_/Nextcloud/ERR/UNI/5semestre/digitales/2proyecto/codigo/sprite_mifs/charizard.mif  ;           ;
; db/altsyncram_cv14.tdf           ; yes             ; Auto-Generated Megafunction            ; /home/griznu1_/Nextcloud/ERR/UNI/5semestre/digitales/2proyecto/codigo/db/altsyncram_cv14.tdf     ;           ;
; sprite_mifs/random.mif           ; yes             ; Auto-Found Memory Initialization File  ; /home/griznu1_/Nextcloud/ERR/UNI/5semestre/digitales/2proyecto/codigo/sprite_mifs/random.mif     ;           ;
; db/altsyncram_cb34.tdf           ; yes             ; Auto-Generated Megafunction            ; /home/griznu1_/Nextcloud/ERR/UNI/5semestre/digitales/2proyecto/codigo/db/altsyncram_cb34.tdf     ;           ;
; sprite_mifs/background.mif       ; yes             ; Auto-Found Memory Initialization File  ; /home/griznu1_/Nextcloud/ERR/UNI/5semestre/digitales/2proyecto/codigo/sprite_mifs/background.mif ;           ;
; db/decode_11a.tdf                ; yes             ; Auto-Generated Megafunction            ; /home/griznu1_/Nextcloud/ERR/UNI/5semestre/digitales/2proyecto/codigo/db/decode_11a.tdf          ;           ;
; db/mux_7hb.tdf                   ; yes             ; Auto-Generated Megafunction            ; /home/griznu1_/Nextcloud/ERR/UNI/5semestre/digitales/2proyecto/codigo/db/mux_7hb.tdf             ;           ;
; lpm_divide.tdf                   ; yes             ; Megafunction                           ; /opt/intelFPGA/25.1/quartus/libraries/megafunctions/lpm_divide.tdf                               ;           ;
; abs_divider.inc                  ; yes             ; Megafunction                           ; /opt/intelFPGA/25.1/quartus/libraries/megafunctions/abs_divider.inc                              ;           ;
; sign_div_unsign.inc              ; yes             ; Megafunction                           ; /opt/intelFPGA/25.1/quartus/libraries/megafunctions/sign_div_unsign.inc                          ;           ;
; db/lpm_divide_apo.tdf            ; yes             ; Auto-Generated Megafunction            ; /home/griznu1_/Nextcloud/ERR/UNI/5semestre/digitales/2proyecto/codigo/db/lpm_divide_apo.tdf      ;           ;
; db/abs_divider_jbg.tdf           ; yes             ; Auto-Generated Megafunction            ; /home/griznu1_/Nextcloud/ERR/UNI/5semestre/digitales/2proyecto/codigo/db/abs_divider_jbg.tdf     ;           ;
; db/alt_u_div_mve.tdf             ; yes             ; Auto-Generated Megafunction            ; /home/griznu1_/Nextcloud/ERR/UNI/5semestre/digitales/2proyecto/codigo/db/alt_u_div_mve.tdf       ;           ;
; db/lpm_abs_jn9.tdf               ; yes             ; Auto-Generated Megafunction            ; /home/griznu1_/Nextcloud/ERR/UNI/5semestre/digitales/2proyecto/codigo/db/lpm_abs_jn9.tdf         ;           ;
; db/lpm_abs_4p9.tdf               ; yes             ; Auto-Generated Megafunction            ; /home/griznu1_/Nextcloud/ERR/UNI/5semestre/digitales/2proyecto/codigo/db/lpm_abs_4p9.tdf         ;           ;
+----------------------------------+-----------------+----------------------------------------+--------------------------------------------------------------------------------------------------+-----------+


+------------------------------------------------------------------------------------------------------------------------------------------------------------+
; Analysis & Synthesis Resource Usage Summary                                                                                                                ;
+---------------------------------------------+--------------------------------------------------------------------------------------------------------------+
; Resource                                    ; Usage                                                                                                        ;
+---------------------------------------------+--------------------------------------------------------------------------------------------------------------+
; Estimate of Logic utilization (ALMs needed) ; 870                                                                                                          ;
;                                             ;                                                                                                              ;
; Combinational ALUT usage for logic          ; 1560                                                                                                         ;
;     -- 7 input functions                    ; 0                                                                                                            ;
;     -- 6 input functions                    ; 133                                                                                                          ;
;     -- 5 input functions                    ; 344                                                                                                          ;
;     -- 4 input functions                    ; 292                                                                                                          ;
;     -- <=3 input functions                  ; 791                                                                                                          ;
;                                             ;                                                                                                              ;
; Dedicated logic registers                   ; 553                                                                                                          ;
;                                             ;                                                                                                              ;
; I/O pins                                    ; 34                                                                                                           ;
; Total MLAB memory bits                      ; 0                                                                                                            ;
; Total block memory bits                     ; 1245184                                                                                                      ;
;                                             ;                                                                                                              ;
; Total DSP Blocks                            ; 0                                                                                                            ;
;                                             ;                                                                                                              ;
; Total PLLs                                  ; 1                                                                                                            ;
;     -- PLLs                                 ; 1                                                                                                            ;
;                                             ;                                                                                                              ;
; Maximum fan-out node                        ; VGA:IMAGE_CONTROL|PLL_40MHz:CLOCK_BLOCK|PLL_40MHz_0002:pll_40mhz_inst|altera_pll:altera_pll_i|outclk_wire[0] ;
; Maximum fan-out                             ; 819                                                                                                          ;
; Total fan-out                               ; 12318                                                                                                        ;
; Average fan-out                             ; 5.09                                                                                                         ;
+---------------------------------------------+--------------------------------------------------------------------------------------------------------------+


+---------------------------------------------------------------------------------------------------------------------------------------------------------------------------------------------------------------------------------------------------------------------------------------------------------------------------------------------------------------------------------+
; Analysis & Synthesis Resource Utilization by Entity                                                                                                                                                                                                                                                                                                                             ;
+------------------------------------------------------------+---------------------+---------------------------+-------------------+------------+------+--------------+--------------------------------------------------------------------------------------------------------------------------------------------------------------------------+-----------------+--------------+
; Compilation Hierarchy Node                                 ; Combinational ALUTs ; Dedicated Logic Registers ; Block Memory Bits ; DSP Blocks ; Pins ; Virtual Pins ; Full Hierarchy Name                                                                                                                                                      ; Entity Name     ; Library Name ;
+------------------------------------------------------------+---------------------+---------------------------+-------------------+------------+------+--------------+--------------------------------------------------------------------------------------------------------------------------------------------------------------------------+-----------------+--------------+
; |POKEMON                                                   ; 1560 (1)            ; 553 (0)                   ; 1245184           ; 0          ; 34   ; 0            ; |POKEMON                                                                                                                                                                 ; POKEMON         ; work         ;
;    |VGA:IMAGE_CONTROL|                                     ; 1525 (1)            ; 524 (0)                   ; 1245184           ; 0          ; 0    ; 0            ; |POKEMON|VGA:IMAGE_CONTROL                                                                                                                                               ; VGA             ; work         ;
;       |PLL_40MHz:CLOCK_BLOCK|                              ; 0 (0)               ; 0 (0)                     ; 0                 ; 0          ; 0    ; 0            ; |POKEMON|VGA:IMAGE_CONTROL|PLL_40MHz:CLOCK_BLOCK                                                                                                                         ; PLL_40MHz       ; pll_40mhz    ;
;          |PLL_40MHz_0002:pll_40mhz_inst|                   ; 0 (0)               ; 0 (0)                     ; 0                 ; 0          ; 0    ; 0            ; |POKEMON|VGA:IMAGE_CONTROL|PLL_40MHz:CLOCK_BLOCK|PLL_40MHz_0002:pll_40mhz_inst                                                                                           ; PLL_40MHz_0002  ; PLL_40MHz    ;
;             |altera_pll:altera_pll_i|                      ; 0 (0)               ; 0 (0)                     ; 0                 ; 0          ; 0    ; 0            ; |POKEMON|VGA:IMAGE_CONTROL|PLL_40MHz:CLOCK_BLOCK|PLL_40MHz_0002:pll_40mhz_inst|altera_pll:altera_pll_i                                                                   ; altera_pll      ; work         ;
;       |image_sync:SYNC_BLOCK|                              ; 35 (8)              ; 22 (0)                    ; 0                 ; 0          ; 0    ; 0            ; |POKEMON|VGA:IMAGE_CONTROL|image_sync:SYNC_BLOCK                                                                                                                         ; image_sync      ; work         ;
;          |contador_uni:H_COUNTER|                          ; 14 (14)             ; 11 (11)                   ; 0                 ; 0          ; 0    ; 0            ; |POKEMON|VGA:IMAGE_CONTROL|image_sync:SYNC_BLOCK|contador_uni:H_COUNTER                                                                                                  ; contador_uni    ; work         ;
;          |contador_uni:V_COUNTER|                          ; 13 (13)             ; 11 (11)                   ; 0                 ; 0          ; 0    ; 0            ; |POKEMON|VGA:IMAGE_CONTROL|image_sync:SYNC_BLOCK|contador_uni:V_COUNTER                                                                                                  ; contador_uni    ; work         ;
;       |move_controller:MOVE_CONT|                          ; 85 (36)             ; 49 (27)                   ; 0                 ; 0          ; 0    ; 0            ; |POKEMON|VGA:IMAGE_CONTROL|move_controller:MOVE_CONT                                                                                                                     ; move_controller ; work         ;
;          |bitn_fullAdder:POS0_Y_SUM|                       ; 11 (0)              ; 0 (0)                     ; 0                 ; 0          ; 0    ; 0            ; |POKEMON|VGA:IMAGE_CONTROL|move_controller:MOVE_CONT|bitn_fullAdder:POS0_Y_SUM                                                                                           ; bitn_fullAdder  ; work         ;
;             |bit1_fullAdder:\fullAdderLoop:10:fullAdder_i| ; 1 (1)               ; 0 (0)                     ; 0                 ; 0          ; 0    ; 0            ; |POKEMON|VGA:IMAGE_CONTROL|move_controller:MOVE_CONT|bitn_fullAdder:POS0_Y_SUM|bit1_fullAdder:\fullAdderLoop:10:fullAdder_i                                              ; bit1_fullAdder  ; work         ;
;             |bit1_fullAdder:\fullAdderLoop:2:fullAdder_i|  ; 1 (1)               ; 0 (0)                     ; 0                 ; 0          ; 0    ; 0            ; |POKEMON|VGA:IMAGE_CONTROL|move_controller:MOVE_CONT|bitn_fullAdder:POS0_Y_SUM|bit1_fullAdder:\fullAdderLoop:2:fullAdder_i                                               ; bit1_fullAdder  ; work         ;
;             |bit1_fullAdder:\fullAdderLoop:3:fullAdder_i|  ; 1 (1)               ; 0 (0)                     ; 0                 ; 0          ; 0    ; 0            ; |POKEMON|VGA:IMAGE_CONTROL|move_controller:MOVE_CONT|bitn_fullAdder:POS0_Y_SUM|bit1_fullAdder:\fullAdderLoop:3:fullAdder_i                                               ; bit1_fullAdder  ; work         ;
;             |bit1_fullAdder:\fullAdderLoop:4:fullAdder_i|  ; 2 (2)               ; 0 (0)                     ; 0                 ; 0          ; 0    ; 0            ; |POKEMON|VGA:IMAGE_CONTROL|move_controller:MOVE_CONT|bitn_fullAdder:POS0_Y_SUM|bit1_fullAdder:\fullAdderLoop:4:fullAdder_i                                               ; bit1_fullAdder  ; work         ;
;             |bit1_fullAdder:\fullAdderLoop:5:fullAdder_i|  ; 1 (1)               ; 0 (0)                     ; 0                 ; 0          ; 0    ; 0            ; |POKEMON|VGA:IMAGE_CONTROL|move_controller:MOVE_CONT|bitn_fullAdder:POS0_Y_SUM|bit1_fullAdder:\fullAdderLoop:5:fullAdder_i                                               ; bit1_fullAdder  ; work         ;
;             |bit1_fullAdder:\fullAdderLoop:6:fullAdder_i|  ; 2 (2)               ; 0 (0)                     ; 0                 ; 0          ; 0    ; 0            ; |POKEMON|VGA:IMAGE_CONTROL|move_controller:MOVE_CONT|bitn_fullAdder:POS0_Y_SUM|bit1_fullAdder:\fullAdderLoop:6:fullAdder_i                                               ; bit1_fullAdder  ; work         ;
;             |bit1_fullAdder:\fullAdderLoop:7:fullAdder_i|  ; 1 (1)               ; 0 (0)                     ; 0                 ; 0          ; 0    ; 0            ; |POKEMON|VGA:IMAGE_CONTROL|move_controller:MOVE_CONT|bitn_fullAdder:POS0_Y_SUM|bit1_fullAdder:\fullAdderLoop:7:fullAdder_i                                               ; bit1_fullAdder  ; work         ;
;             |bit1_fullAdder:\fullAdderLoop:8:fullAdder_i|  ; 1 (1)               ; 0 (0)                     ; 0                 ; 0          ; 0    ; 0            ; |POKEMON|VGA:IMAGE_CONTROL|move_controller:MOVE_CONT|bitn_fullAdder:POS0_Y_SUM|bit1_fullAdder:\fullAdderLoop:8:fullAdder_i                                               ; bit1_fullAdder  ; work         ;
;             |bit1_fullAdder:\fullAdderLoop:9:fullAdder_i|  ; 1 (1)               ; 0 (0)                     ; 0                 ; 0          ; 0    ; 0            ; |POKEMON|VGA:IMAGE_CONTROL|move_controller:MOVE_CONT|bitn_fullAdder:POS0_Y_SUM|bit1_fullAdder:\fullAdderLoop:9:fullAdder_i                                               ; bit1_fullAdder  ; work         ;
;          |bitn_fullAdder:POS1_Y_SUM|                       ; 11 (0)              ; 0 (0)                     ; 0                 ; 0          ; 0    ; 0            ; |POKEMON|VGA:IMAGE_CONTROL|move_controller:MOVE_CONT|bitn_fullAdder:POS1_Y_SUM                                                                                           ; bitn_fullAdder  ; work         ;
;             |bit1_fullAdder:\fullAdderLoop:10:fullAdder_i| ; 1 (1)               ; 0 (0)                     ; 0                 ; 0          ; 0    ; 0            ; |POKEMON|VGA:IMAGE_CONTROL|move_controller:MOVE_CONT|bitn_fullAdder:POS1_Y_SUM|bit1_fullAdder:\fullAdderLoop:10:fullAdder_i                                              ; bit1_fullAdder  ; work         ;
;             |bit1_fullAdder:\fullAdderLoop:2:fullAdder_i|  ; 1 (1)               ; 0 (0)                     ; 0                 ; 0          ; 0    ; 0            ; |POKEMON|VGA:IMAGE_CONTROL|move_controller:MOVE_CONT|bitn_fullAdder:POS1_Y_SUM|bit1_fullAdder:\fullAdderLoop:2:fullAdder_i                                               ; bit1_fullAdder  ; work         ;
;             |bit1_fullAdder:\fullAdderLoop:3:fullAdder_i|  ; 1 (1)               ; 0 (0)                     ; 0                 ; 0          ; 0    ; 0            ; |POKEMON|VGA:IMAGE_CONTROL|move_controller:MOVE_CONT|bitn_fullAdder:POS1_Y_SUM|bit1_fullAdder:\fullAdderLoop:3:fullAdder_i                                               ; bit1_fullAdder  ; work         ;
;             |bit1_fullAdder:\fullAdderLoop:4:fullAdder_i|  ; 2 (2)               ; 0 (0)                     ; 0                 ; 0          ; 0    ; 0            ; |POKEMON|VGA:IMAGE_CONTROL|move_controller:MOVE_CONT|bitn_fullAdder:POS1_Y_SUM|bit1_fullAdder:\fullAdderLoop:4:fullAdder_i                                               ; bit1_fullAdder  ; work         ;
;             |bit1_fullAdder:\fullAdderLoop:5:fullAdder_i|  ; 1 (1)               ; 0 (0)                     ; 0                 ; 0          ; 0    ; 0            ; |POKEMON|VGA:IMAGE_CONTROL|move_controller:MOVE_CONT|bitn_fullAdder:POS1_Y_SUM|bit1_fullAdder:\fullAdderLoop:5:fullAdder_i                                               ; bit1_fullAdder  ; work         ;
;             |bit1_fullAdder:\fullAdderLoop:6:fullAdder_i|  ; 2 (2)               ; 0 (0)                     ; 0                 ; 0          ; 0    ; 0            ; |POKEMON|VGA:IMAGE_CONTROL|move_controller:MOVE_CONT|bitn_fullAdder:POS1_Y_SUM|bit1_fullAdder:\fullAdderLoop:6:fullAdder_i                                               ; bit1_fullAdder  ; work         ;
;             |bit1_fullAdder:\fullAdderLoop:7:fullAdder_i|  ; 1 (1)               ; 0 (0)                     ; 0                 ; 0          ; 0    ; 0            ; |POKEMON|VGA:IMAGE_CONTROL|move_controller:MOVE_CONT|bitn_fullAdder:POS1_Y_SUM|bit1_fullAdder:\fullAdderLoop:7:fullAdder_i                                               ; bit1_fullAdder  ; work         ;
;             |bit1_fullAdder:\fullAdderLoop:8:fullAdder_i|  ; 1 (1)               ; 0 (0)                     ; 0                 ; 0          ; 0    ; 0            ; |POKEMON|VGA:IMAGE_CONTROL|move_controller:MOVE_CONT|bitn_fullAdder:POS1_Y_SUM|bit1_fullAdder:\fullAdderLoop:8:fullAdder_i                                               ; bit1_fullAdder  ; work         ;
;             |bit1_fullAdder:\fullAdderLoop:9:fullAdder_i|  ; 1 (1)               ; 0 (0)                     ; 0                 ; 0          ; 0    ; 0            ; |POKEMON|VGA:IMAGE_CONTROL|move_controller:MOVE_CONT|bitn_fullAdder:POS1_Y_SUM|bit1_fullAdder:\fullAdderLoop:9:fullAdder_i                                               ; bit1_fullAdder  ; work         ;
;          |contador_uni:REFRESH_C0|                         ; 22 (22)             ; 22 (22)                   ; 0                 ; 0          ; 0    ; 0            ; |POKEMON|VGA:IMAGE_CONTROL|move_controller:MOVE_CONT|contador_uni:REFRESH_C0                                                                                             ; contador_uni    ; work         ;
;          |contador_uni:REFRESH_C1|                         ; 5 (5)               ; 0 (0)                     ; 0                 ; 0          ; 0    ; 0            ; |POKEMON|VGA:IMAGE_CONTROL|move_controller:MOVE_CONT|contador_uni:REFRESH_C1                                                                                             ; contador_uni    ; work         ;
;       |pixel_generate:COLOR_BLOCK|                         ; 1404 (278)          ; 453 (449)                 ; 1245184           ; 0          ; 0    ; 0            ; |POKEMON|VGA:IMAGE_CONTROL|pixel_generate:COLOR_BLOCK                                                                                                                    ; pixel_generate  ; work         ;
;          |BACKGROUND_ROM:BACKGROUND_SP|                    ; 4 (0)               ; 4 (0)                     ; 524288            ; 0          ; 0    ; 0            ; |POKEMON|VGA:IMAGE_CONTROL|pixel_generate:COLOR_BLOCK|BACKGROUND_ROM:BACKGROUND_SP                                                                                       ; BACKGROUND_ROM  ; work         ;
;             |altsyncram:altsyncram_component|              ; 4 (0)               ; 4 (0)                     ; 524288            ; 0          ; 0    ; 0            ; |POKEMON|VGA:IMAGE_CONTROL|pixel_generate:COLOR_BLOCK|BACKGROUND_ROM:BACKGROUND_SP|altsyncram:altsyncram_component                                                       ; altsyncram      ; work         ;
;                |altsyncram_cb34:auto_generated|            ; 4 (0)               ; 4 (4)                     ; 524288            ; 0          ; 0    ; 0            ; |POKEMON|VGA:IMAGE_CONTROL|pixel_generate:COLOR_BLOCK|BACKGROUND_ROM:BACKGROUND_SP|altsyncram:altsyncram_component|altsyncram_cb34:auto_generated                        ; altsyncram_cb34 ; work         ;
;                   |decode_11a:rden_decode|                 ; 4 (4)               ; 0 (0)                     ; 0                 ; 0          ; 0    ; 0            ; |POKEMON|VGA:IMAGE_CONTROL|pixel_generate:COLOR_BLOCK|BACKGROUND_ROM:BACKGROUND_SP|altsyncram:altsyncram_component|altsyncram_cb34:auto_generated|decode_11a:rden_decode ; decode_11a      ; work         ;
;          |lpm_divide:Div0|                                 ; 365 (0)             ; 0 (0)                     ; 0                 ; 0          ; 0    ; 0            ; |POKEMON|VGA:IMAGE_CONTROL|pixel_generate:COLOR_BLOCK|lpm_divide:Div0                                                                                                    ; lpm_divide      ; work         ;
;             |lpm_divide_apo:auto_generated|                ; 365 (0)             ; 0 (0)                     ; 0                 ; 0          ; 0    ; 0            ; |POKEMON|VGA:IMAGE_CONTROL|pixel_generate:COLOR_BLOCK|lpm_divide:Div0|lpm_divide_apo:auto_generated                                                                      ; lpm_divide_apo  ; work         ;
;                |abs_divider_jbg:divider|                   ; 365 (8)             ; 0 (0)                     ; 0                 ; 0          ; 0    ; 0            ; |POKEMON|VGA:IMAGE_CONTROL|pixel_generate:COLOR_BLOCK|lpm_divide:Div0|lpm_divide_apo:auto_generated|abs_divider_jbg:divider                                              ; abs_divider_jbg ; work         ;
;                   |alt_u_div_mve:divider|                  ; 325 (325)           ; 0 (0)                     ; 0                 ; 0          ; 0    ; 0            ; |POKEMON|VGA:IMAGE_CONTROL|pixel_generate:COLOR_BLOCK|lpm_divide:Div0|lpm_divide_apo:auto_generated|abs_divider_jbg:divider|alt_u_div_mve:divider                        ; alt_u_div_mve   ; work         ;
;                   |lpm_abs_4p9:my_abs_num|                 ; 32 (32)             ; 0 (0)                     ; 0                 ; 0          ; 0    ; 0            ; |POKEMON|VGA:IMAGE_CONTROL|pixel_generate:COLOR_BLOCK|lpm_divide:Div0|lpm_divide_apo:auto_generated|abs_divider_jbg:divider|lpm_abs_4p9:my_abs_num                       ; lpm_abs_4p9     ; work         ;
;          |lpm_divide:Div1|                                 ; 363 (0)             ; 0 (0)                     ; 0                 ; 0          ; 0    ; 0            ; |POKEMON|VGA:IMAGE_CONTROL|pixel_generate:COLOR_BLOCK|lpm_divide:Div1                                                                                                    ; lpm_divide      ; work         ;
;             |lpm_divide_apo:auto_generated|                ; 363 (0)             ; 0 (0)                     ; 0                 ; 0          ; 0    ; 0            ; |POKEMON|VGA:IMAGE_CONTROL|pixel_generate:COLOR_BLOCK|lpm_divide:Div1|lpm_divide_apo:auto_generated                                                                      ; lpm_divide_apo  ; work         ;
;                |abs_divider_jbg:divider|                   ; 363 (7)             ; 0 (0)                     ; 0                 ; 0          ; 0    ; 0            ; |POKEMON|VGA:IMAGE_CONTROL|pixel_generate:COLOR_BLOCK|lpm_divide:Div1|lpm_divide_apo:auto_generated|abs_divider_jbg:divider                                              ; abs_divider_jbg ; work         ;
;                   |alt_u_div_mve:divider|                  ; 324 (324)           ; 0 (0)                     ; 0                 ; 0          ; 0    ; 0            ; |POKEMON|VGA:IMAGE_CONTROL|pixel_generate:COLOR_BLOCK|lpm_divide:Div1|lpm_divide_apo:auto_generated|abs_divider_jbg:divider|alt_u_div_mve:divider                        ; alt_u_div_mve   ; work         ;
;                   |lpm_abs_4p9:my_abs_num|                 ; 32 (32)             ; 0 (0)                     ; 0                 ; 0          ; 0    ; 0            ; |POKEMON|VGA:IMAGE_CONTROL|pixel_generate:COLOR_BLOCK|lpm_divide:Div1|lpm_divide_apo:auto_generated|abs_divider_jbg:divider|lpm_abs_4p9:my_abs_num                       ; lpm_abs_4p9     ; work         ;
;          |pokemon_sel:PK_SEL|                              ; 394 (394)           ; 0 (0)                     ; 720896            ; 0          ; 0    ; 0            ; |POKEMON|VGA:IMAGE_CONTROL|pixel_generate:COLOR_BLOCK|pokemon_sel:PK_SEL                                                                                                 ; pokemon_sel     ; work         ;
;             |CHARIZARD_ROM:CHARIZARD_SP|                   ; 0 (0)               ; 0 (0)                     ; 65536             ; 0          ; 0    ; 0            ; |POKEMON|VGA:IMAGE_CONTROL|pixel_generate:COLOR_BLOCK|pokemon_sel:PK_SEL|CHARIZARD_ROM:CHARIZARD_SP                                                                      ; CHARIZARD_ROM   ; work         ;
;                |altsyncram:altsyncram_component|           ; 0 (0)               ; 0 (0)                     ; 65536             ; 0          ; 0    ; 0            ; |POKEMON|VGA:IMAGE_CONTROL|pixel_generate:COLOR_BLOCK|pokemon_sel:PK_SEL|CHARIZARD_ROM:CHARIZARD_SP|altsyncram:altsyncram_component                                      ; altsyncram      ; work         ;
;                   |altsyncram_3924:auto_generated|         ; 0 (0)               ; 0 (0)                     ; 65536             ; 0          ; 0    ; 0            ; |POKEMON|VGA:IMAGE_CONTROL|pixel_generate:COLOR_BLOCK|pokemon_sel:PK_SEL|CHARIZARD_ROM:CHARIZARD_SP|altsyncram:altsyncram_component|altsyncram_3924:auto_generated       ; altsyncram_3924 ; work         ;
;             |FLAREON_ROM:FLAREON_SP|                       ; 0 (0)               ; 0 (0)                     ; 65536             ; 0          ; 0    ; 0            ; |POKEMON|VGA:IMAGE_CONTROL|pixel_generate:COLOR_BLOCK|pokemon_sel:PK_SEL|FLAREON_ROM:FLAREON_SP                                                                          ; FLAREON_ROM     ; work         ;
;                |altsyncram:altsyncram_component|           ; 0 (0)               ; 0 (0)                     ; 65536             ; 0          ; 0    ; 0            ; |POKEMON|VGA:IMAGE_CONTROL|pixel_generate:COLOR_BLOCK|pokemon_sel:PK_SEL|FLAREON_ROM:FLAREON_SP|altsyncram:altsyncram_component                                          ; altsyncram      ; work         ;
;                   |altsyncram_i224:auto_generated|         ; 0 (0)               ; 0 (0)                     ; 65536             ; 0          ; 0    ; 0            ; |POKEMON|VGA:IMAGE_CONTROL|pixel_generate:COLOR_BLOCK|pokemon_sel:PK_SEL|FLAREON_ROM:FLAREON_SP|altsyncram:altsyncram_component|altsyncram_i224:auto_generated           ; altsyncram_i224 ; work         ;
;             |GARCHOMP_ROM:GARCHOMP_SP|                     ; 0 (0)               ; 0 (0)                     ; 65536             ; 0          ; 0    ; 0            ; |POKEMON|VGA:IMAGE_CONTROL|pixel_generate:COLOR_BLOCK|pokemon_sel:PK_SEL|GARCHOMP_ROM:GARCHOMP_SP                                                                        ; GARCHOMP_ROM    ; work         ;
;                |altsyncram:altsyncram_component|           ; 0 (0)               ; 0 (0)                     ; 65536             ; 0          ; 0    ; 0            ; |POKEMON|VGA:IMAGE_CONTROL|pixel_generate:COLOR_BLOCK|pokemon_sel:PK_SEL|GARCHOMP_ROM:GARCHOMP_SP|altsyncram:altsyncram_component                                        ; altsyncram      ; work         ;
;                   |altsyncram_s524:auto_generated|         ; 0 (0)               ; 0 (0)                     ; 65536             ; 0          ; 0    ; 0            ; |POKEMON|VGA:IMAGE_CONTROL|pixel_generate:COLOR_BLOCK|pokemon_sel:PK_SEL|GARCHOMP_ROM:GARCHOMP_SP|altsyncram:altsyncram_component|altsyncram_s524:auto_generated         ; altsyncram_s524 ; work         ;
;             |JOLTEON_ROM:JOLTEON_SP|                       ; 0 (0)               ; 0 (0)                     ; 65536             ; 0          ; 0    ; 0            ; |POKEMON|VGA:IMAGE_CONTROL|pixel_generate:COLOR_BLOCK|pokemon_sel:PK_SEL|JOLTEON_ROM:JOLTEON_SP                                                                          ; JOLTEON_ROM     ; work         ;
;                |altsyncram:altsyncram_component|           ; 0 (0)               ; 0 (0)                     ; 65536             ; 0          ; 0    ; 0            ; |POKEMON|VGA:IMAGE_CONTROL|pixel_generate:COLOR_BLOCK|pokemon_sel:PK_SEL|JOLTEON_ROM:JOLTEON_SP|altsyncram:altsyncram_component                                          ; altsyncram      ; work         ;
;                   |altsyncram_6324:auto_generated|         ; 0 (0)               ; 0 (0)                     ; 65536             ; 0          ; 0    ; 0            ; |POKEMON|VGA:IMAGE_CONTROL|pixel_generate:COLOR_BLOCK|pokemon_sel:PK_SEL|JOLTEON_ROM:JOLTEON_SP|altsyncram:altsyncram_component|altsyncram_6324:auto_generated           ; altsyncram_6324 ; work         ;
;             |LAPRAS_ROM:LAPRAS_SP|                         ; 0 (0)               ; 0 (0)                     ; 65536             ; 0          ; 0    ; 0            ; |POKEMON|VGA:IMAGE_CONTROL|pixel_generate:COLOR_BLOCK|pokemon_sel:PK_SEL|LAPRAS_ROM:LAPRAS_SP                                                                            ; LAPRAS_ROM      ; work         ;
;                |altsyncram:altsyncram_component|           ; 0 (0)               ; 0 (0)                     ; 65536             ; 0          ; 0    ; 0            ; |POKEMON|VGA:IMAGE_CONTROL|pixel_generate:COLOR_BLOCK|pokemon_sel:PK_SEL|LAPRAS_ROM:LAPRAS_SP|altsyncram:altsyncram_component                                            ; altsyncram      ; work         ;
;                   |altsyncram_ev14:auto_generated|         ; 0 (0)               ; 0 (0)                     ; 65536             ; 0          ; 0    ; 0            ; |POKEMON|VGA:IMAGE_CONTROL|pixel_generate:COLOR_BLOCK|pokemon_sel:PK_SEL|LAPRAS_ROM:LAPRAS_SP|altsyncram:altsyncram_component|altsyncram_ev14:auto_generated             ; altsyncram_ev14 ; work         ;
;             |LEAFEON_ROM:LEAFEON_SP|                       ; 0 (0)               ; 0 (0)                     ; 65536             ; 0          ; 0    ; 0            ; |POKEMON|VGA:IMAGE_CONTROL|pixel_generate:COLOR_BLOCK|pokemon_sel:PK_SEL|LEAFEON_ROM:LEAFEON_SP                                                                          ; LEAFEON_ROM     ; work         ;
;                |altsyncram:altsyncram_component|           ; 0 (0)               ; 0 (0)                     ; 65536             ; 0          ; 0    ; 0            ; |POKEMON|VGA:IMAGE_CONTROL|pixel_generate:COLOR_BLOCK|pokemon_sel:PK_SEL|LEAFEON_ROM:LEAFEON_SP|altsyncram:altsyncram_component                                          ; altsyncram      ; work         ;
;                   |altsyncram_5224:auto_generated|         ; 0 (0)               ; 0 (0)                     ; 65536             ; 0          ; 0    ; 0            ; |POKEMON|VGA:IMAGE_CONTROL|pixel_generate:COLOR_BLOCK|pokemon_sel:PK_SEL|LEAFEON_ROM:LEAFEON_SP|altsyncram:altsyncram_component|altsyncram_5224:auto_generated           ; altsyncram_5224 ; work         ;
;             |ODDISH_ROM:ODDISH_SP|                         ; 0 (0)               ; 0 (0)                     ; 65536             ; 0          ; 0    ; 0            ; |POKEMON|VGA:IMAGE_CONTROL|pixel_generate:COLOR_BLOCK|pokemon_sel:PK_SEL|ODDISH_ROM:ODDISH_SP                                                                            ; ODDISH_ROM      ; work         ;
;                |altsyncram:altsyncram_component|           ; 0 (0)               ; 0 (0)                     ; 65536             ; 0          ; 0    ; 0            ; |POKEMON|VGA:IMAGE_CONTROL|pixel_generate:COLOR_BLOCK|pokemon_sel:PK_SEL|ODDISH_ROM:ODDISH_SP|altsyncram:altsyncram_component                                            ; altsyncram      ; work         ;
;                   |altsyncram_6v14:auto_generated|         ; 0 (0)               ; 0 (0)                     ; 65536             ; 0          ; 0    ; 0            ; |POKEMON|VGA:IMAGE_CONTROL|pixel_generate:COLOR_BLOCK|pokemon_sel:PK_SEL|ODDISH_ROM:ODDISH_SP|altsyncram:altsyncram_component|altsyncram_6v14:auto_generated             ; altsyncram_6v14 ; work         ;
;             |RANDOM_ROM:RANDOM_SP|                         ; 0 (0)               ; 0 (0)                     ; 65536             ; 0          ; 0    ; 0            ; |POKEMON|VGA:IMAGE_CONTROL|pixel_generate:COLOR_BLOCK|pokemon_sel:PK_SEL|RANDOM_ROM:RANDOM_SP                                                                            ; RANDOM_ROM      ; work         ;
;                |altsyncram:altsyncram_component|           ; 0 (0)               ; 0 (0)                     ; 65536             ; 0          ; 0    ; 0            ; |POKEMON|VGA:IMAGE_CONTROL|pixel_generate:COLOR_BLOCK|pokemon_sel:PK_SEL|RANDOM_ROM:RANDOM_SP|altsyncram:altsyncram_component                                            ; altsyncram      ; work         ;
;                   |altsyncram_cv14:auto_generated|         ; 0 (0)               ; 0 (0)                     ; 65536             ; 0          ; 0    ; 0            ; |POKEMON|VGA:IMAGE_CONTROL|pixel_generate:COLOR_BLOCK|pokemon_sel:PK_SEL|RANDOM_ROM:RANDOM_SP|altsyncram:altsyncram_component|altsyncram_cv14:auto_generated             ; altsyncram_cv14 ; work         ;
;             |SANDSLASH_ROM:SANDSLASH_SP|                   ; 0 (0)               ; 0 (0)                     ; 65536             ; 0          ; 0    ; 0            ; |POKEMON|VGA:IMAGE_CONTROL|pixel_generate:COLOR_BLOCK|pokemon_sel:PK_SEL|SANDSLASH_ROM:SANDSLASH_SP                                                                      ; SANDSLASH_ROM   ; work         ;
;                |altsyncram:altsyncram_component|           ; 0 (0)               ; 0 (0)                     ; 65536             ; 0          ; 0    ; 0            ; |POKEMON|VGA:IMAGE_CONTROL|pixel_generate:COLOR_BLOCK|pokemon_sel:PK_SEL|SANDSLASH_ROM:SANDSLASH_SP|altsyncram:altsyncram_component                                      ; altsyncram      ; work         ;
;                   |altsyncram_c924:auto_generated|         ; 0 (0)               ; 0 (0)                     ; 65536             ; 0          ; 0    ; 0            ; |POKEMON|VGA:IMAGE_CONTROL|pixel_generate:COLOR_BLOCK|pokemon_sel:PK_SEL|SANDSLASH_ROM:SANDSLASH_SP|altsyncram:altsyncram_component|altsyncram_c924:auto_generated       ; altsyncram_c924 ; work         ;
;             |VAPOREON_ROM:VAPOREON_SP|                     ; 0 (0)               ; 0 (0)                     ; 65536             ; 0          ; 0    ; 0            ; |POKEMON|VGA:IMAGE_CONTROL|pixel_generate:COLOR_BLOCK|pokemon_sel:PK_SEL|VAPOREON_ROM:VAPOREON_SP                                                                        ; VAPOREON_ROM    ; work         ;
;                |altsyncram:altsyncram_component|           ; 0 (0)               ; 0 (0)                     ; 65536             ; 0          ; 0    ; 0            ; |POKEMON|VGA:IMAGE_CONTROL|pixel_generate:COLOR_BLOCK|pokemon_sel:PK_SEL|VAPOREON_ROM:VAPOREON_SP|altsyncram:altsyncram_component                                        ; altsyncram      ; work         ;
;                   |altsyncram_l624:auto_generated|         ; 0 (0)               ; 0 (0)                     ; 65536             ; 0          ; 0    ; 0            ; |POKEMON|VGA:IMAGE_CONTROL|pixel_generate:COLOR_BLOCK|pokemon_sel:PK_SEL|VAPOREON_ROM:VAPOREON_SP|altsyncram:altsyncram_component|altsyncram_l624:auto_generated         ; altsyncram_l624 ; work         ;
;             |ZERAORA_ROM:ZERAORA_SP|                       ; 0 (0)               ; 0 (0)                     ; 65536             ; 0          ; 0    ; 0            ; |POKEMON|VGA:IMAGE_CONTROL|pixel_generate:COLOR_BLOCK|pokemon_sel:PK_SEL|ZERAORA_ROM:ZERAORA_SP                                                                          ; ZERAORA_ROM     ; work         ;
;                |altsyncram:altsyncram_component|           ; 0 (0)               ; 0 (0)                     ; 65536             ; 0          ; 0    ; 0            ; |POKEMON|VGA:IMAGE_CONTROL|pixel_generate:COLOR_BLOCK|pokemon_sel:PK_SEL|ZERAORA_ROM:ZERAORA_SP|altsyncram:altsyncram_component                                          ; altsyncram      ; work         ;
;                   |altsyncram_v224:auto_generated|         ; 0 (0)               ; 0 (0)                     ; 65536             ; 0          ; 0    ; 0            ; |POKEMON|VGA:IMAGE_CONTROL|pixel_generate:COLOR_BLOCK|pokemon_sel:PK_SEL|ZERAORA_ROM:ZERAORA_SP|altsyncram:altsyncram_component|altsyncram_v224:auto_generated           ; altsyncram_v224 ; work         ;
;    |battle_engine:GAME_CONTROL|                            ; 34 (32)             ; 29 (29)                   ; 0                 ; 0          ; 0    ; 0            ; |POKEMON|battle_engine:GAME_CONTROL                                                                                                                                      ; battle_engine   ; work         ;
;       |bitn_fullAdder:PK0_CURSOR_SUM|                      ; 1 (0)               ; 0 (0)                     ; 0                 ; 0          ; 0    ; 0            ; |POKEMON|battle_engine:GAME_CONTROL|bitn_fullAdder:PK0_CURSOR_SUM                                                                                                        ; bitn_fullAdder  ; work         ;
;          |bit1_fullAdder:fullAdder0|                       ; 1 (1)               ; 0 (0)                     ; 0                 ; 0          ; 0    ; 0            ; |POKEMON|battle_engine:GAME_CONTROL|bitn_fullAdder:PK0_CURSOR_SUM|bit1_fullAdder:fullAdder0                                                                              ; bit1_fullAdder  ; work         ;
;       |bitn_fullAdder:PK1_CURSOR_SUM|                      ; 1 (0)               ; 0 (0)                     ; 0                 ; 0          ; 0    ; 0            ; |POKEMON|battle_engine:GAME_CONTROL|bitn_fullAdder:PK1_CURSOR_SUM                                                                                                        ; bitn_fullAdder  ; work         ;
;          |bit1_fullAdder:fullAdder0|                       ; 1 (1)               ; 0 (0)                     ; 0                 ; 0          ; 0    ; 0            ; |POKEMON|battle_engine:GAME_CONTROL|bitn_fullAdder:PK1_CURSOR_SUM|bit1_fullAdder:fullAdder0                                                                              ; bit1_fullAdder  ; work         ;
+------------------------------------------------------------+---------------------+---------------------------+-------------------+------------+------+--------------+--------------------------------------------------------------------------------------------------------------------------------------------------------------------------+-----------------+--------------+
Note: For table entries with two numbers listed, the numbers in parentheses indicate the number of resources of the given type used by the specific entity alone. The numbers listed outside of parentheses indicate the total resources of the given type used by the specific entity and all of its sub-entities in the hierarchy.


+---------------------------------------------------------------------------------------------------------------------------------------------------------------------------------------------------------------------------------------------------------------------------------------------------+
; Analysis & Synthesis RAM Summary                                                                                                                                                                                                                                                                  ;
+----------------------------------------------------------------------------------------------------------------------------------------------------------------------+------+----------------+--------------+--------------+--------------+--------------+--------+-------------------------------+
; Name                                                                                                                                                                 ; Type ; Mode           ; Port A Depth ; Port A Width ; Port B Depth ; Port B Width ; Size   ; MIF                           ;
+----------------------------------------------------------------------------------------------------------------------------------------------------------------------+------+----------------+--------------+--------------+--------------+--------------+--------+-------------------------------+
; VGA:IMAGE_CONTROL|pixel_generate:COLOR_BLOCK|BACKGROUND_ROM:BACKGROUND_SP|altsyncram:altsyncram_component|altsyncram_cb34:auto_generated|ALTSYNCRAM                  ; AUTO ; ROM            ; 32768        ; 16           ; --           ; --           ; 524288 ; ../sprite_mifs/background.mif ;
; VGA:IMAGE_CONTROL|pixel_generate:COLOR_BLOCK|pokemon_sel:PK_SEL|CHARIZARD_ROM:CHARIZARD_SP|altsyncram:altsyncram_component|altsyncram_3924:auto_generated|ALTSYNCRAM ; AUTO ; True Dual Port ; 4096         ; 16           ; 4096         ; 16           ; 65536  ; ../sprite_mifs/charizard.mif  ;
; VGA:IMAGE_CONTROL|pixel_generate:COLOR_BLOCK|pokemon_sel:PK_SEL|FLAREON_ROM:FLAREON_SP|altsyncram:altsyncram_component|altsyncram_i224:auto_generated|ALTSYNCRAM     ; AUTO ; True Dual Port ; 4096         ; 16           ; 4096         ; 16           ; 65536  ; ../sprite_mifs/flareon.mif    ;
; VGA:IMAGE_CONTROL|pixel_generate:COLOR_BLOCK|pokemon_sel:PK_SEL|GARCHOMP_ROM:GARCHOMP_SP|altsyncram:altsyncram_component|altsyncram_s524:auto_generated|ALTSYNCRAM   ; AUTO ; True Dual Port ; 4096         ; 16           ; 4096         ; 16           ; 65536  ; ../sprite_mifs/garchomp.mif   ;
; VGA:IMAGE_CONTROL|pixel_generate:COLOR_BLOCK|pokemon_sel:PK_SEL|JOLTEON_ROM:JOLTEON_SP|altsyncram:altsyncram_component|altsyncram_6324:auto_generated|ALTSYNCRAM     ; AUTO ; True Dual Port ; 4096         ; 16           ; 4096         ; 16           ; 65536  ; ../sprite_mifs/jolteon.mif    ;
; VGA:IMAGE_CONTROL|pixel_generate:COLOR_BLOCK|pokemon_sel:PK_SEL|LAPRAS_ROM:LAPRAS_SP|altsyncram:altsyncram_component|altsyncram_ev14:auto_generated|ALTSYNCRAM       ; AUTO ; True Dual Port ; 4096         ; 16           ; 4096         ; 16           ; 65536  ; ../sprite_mifs/lapras.mif     ;
; VGA:IMAGE_CONTROL|pixel_generate:COLOR_BLOCK|pokemon_sel:PK_SEL|LEAFEON_ROM:LEAFEON_SP|altsyncram:altsyncram_component|altsyncram_5224:auto_generated|ALTSYNCRAM     ; AUTO ; True Dual Port ; 4096         ; 16           ; 4096         ; 16           ; 65536  ; ../sprite_mifs/leafeon.mif    ;
; VGA:IMAGE_CONTROL|pixel_generate:COLOR_BLOCK|pokemon_sel:PK_SEL|ODDISH_ROM:ODDISH_SP|altsyncram:altsyncram_component|altsyncram_6v14:auto_generated|ALTSYNCRAM       ; AUTO ; True Dual Port ; 4096         ; 16           ; 4096         ; 16           ; 65536  ; ../sprite_mifs/oddish.mif     ;
; VGA:IMAGE_CONTROL|pixel_generate:COLOR_BLOCK|pokemon_sel:PK_SEL|RANDOM_ROM:RANDOM_SP|altsyncram:altsyncram_component|altsyncram_cv14:auto_generated|ALTSYNCRAM       ; AUTO ; True Dual Port ; 4096         ; 16           ; 4096         ; 16           ; 65536  ; ../sprite_mifs/random.mif     ;
; VGA:IMAGE_CONTROL|pixel_generate:COLOR_BLOCK|pokemon_sel:PK_SEL|SANDSLASH_ROM:SANDSLASH_SP|altsyncram:altsyncram_component|altsyncram_c924:auto_generated|ALTSYNCRAM ; AUTO ; True Dual Port ; 4096         ; 16           ; 4096         ; 16           ; 65536  ; ../sprite_mifs/sandslash.mif  ;
; VGA:IMAGE_CONTROL|pixel_generate:COLOR_BLOCK|pokemon_sel:PK_SEL|VAPOREON_ROM:VAPOREON_SP|altsyncram:altsyncram_component|altsyncram_l624:auto_generated|ALTSYNCRAM   ; AUTO ; True Dual Port ; 4096         ; 16           ; 4096         ; 16           ; 65536  ; ../sprite_mifs/vaporeon.mif   ;
; VGA:IMAGE_CONTROL|pixel_generate:COLOR_BLOCK|pokemon_sel:PK_SEL|ZERAORA_ROM:ZERAORA_SP|altsyncram:altsyncram_component|altsyncram_v224:auto_generated|ALTSYNCRAM     ; AUTO ; True Dual Port ; 4096         ; 16           ; 4096         ; 16           ; 65536  ; ../sprite_mifs/zeraora.mif    ;
+----------------------------------------------------------------------------------------------------------------------------------------------------------------------+------+----------------+--------------+--------------+--------------+--------------+--------+-------------------------------+


+------------------------------------------------------------------------------------------------------------------------------------------------------------------------------------------+
; Analysis & Synthesis IP Cores Summary                                                                                                                                                    ;
+--------+--------------+---------+--------------+--------------+-----------------------------------------------------------------------------------------------------+--------------------+
; Vendor ; IP Core Name ; Version ; Release Date ; License Type ; Entity Instance                                                                                     ; IP Include File    ;
+--------+--------------+---------+--------------+--------------+-----------------------------------------------------------------------------------------------------+--------------------+
; Altera ; altera_pll   ; 25.1    ; N/A          ; N/A          ; |POKEMON|VGA:IMAGE_CONTROL|PLL_40MHz:CLOCK_BLOCK                                                    ; PLL_40MHz.vhd      ;
; Altera ; ROM: 1-PORT  ; 25.1    ; N/A          ; N/A          ; |POKEMON|VGA:IMAGE_CONTROL|pixel_generate:COLOR_BLOCK|BACKGROUND_ROM:BACKGROUND_SP                  ; BACKGROUND_ROM.vhd ;
; Altera ; ROM: 2-PORT  ; 25.1    ; N/A          ; N/A          ; |POKEMON|VGA:IMAGE_CONTROL|pixel_generate:COLOR_BLOCK|pokemon_sel:PK_SEL|CHARIZARD_ROM:CHARIZARD_SP ; CHARIZARD_ROM.vhd  ;
; Altera ; ROM: 2-PORT  ; 25.1    ; N/A          ; N/A          ; |POKEMON|VGA:IMAGE_CONTROL|pixel_generate:COLOR_BLOCK|pokemon_sel:PK_SEL|FLAREON_ROM:FLAREON_SP     ; FLAREON_ROM.vhd    ;
; Altera ; ROM: 2-PORT  ; 25.1    ; N/A          ; N/A          ; |POKEMON|VGA:IMAGE_CONTROL|pixel_generate:COLOR_BLOCK|pokemon_sel:PK_SEL|GARCHOMP_ROM:GARCHOMP_SP   ; GARCHOMP_ROM.vhd   ;
; Altera ; ROM: 2-PORT  ; 25.1    ; N/A          ; N/A          ; |POKEMON|VGA:IMAGE_CONTROL|pixel_generate:COLOR_BLOCK|pokemon_sel:PK_SEL|JOLTEON_ROM:JOLTEON_SP     ; JOLTEON_ROM.vhd    ;
; Altera ; ROM: 2-PORT  ; 25.1    ; N/A          ; N/A          ; |POKEMON|VGA:IMAGE_CONTROL|pixel_generate:COLOR_BLOCK|pokemon_sel:PK_SEL|LAPRAS_ROM:LAPRAS_SP       ; LAPRAS_ROM.vhd     ;
; Altera ; ROM: 2-PORT  ; 25.1    ; N/A          ; N/A          ; |POKEMON|VGA:IMAGE_CONTROL|pixel_generate:COLOR_BLOCK|pokemon_sel:PK_SEL|LEAFEON_ROM:LEAFEON_SP     ; LEAFEON_ROM.vhd    ;
; Altera ; ROM: 2-PORT  ; 25.1    ; N/A          ; N/A          ; |POKEMON|VGA:IMAGE_CONTROL|pixel_generate:COLOR_BLOCK|pokemon_sel:PK_SEL|ODDISH_ROM:ODDISH_SP       ; ODDISH_ROM.vhd     ;
; Altera ; ROM: 2-PORT  ; 25.1    ; N/A          ; N/A          ; |POKEMON|VGA:IMAGE_CONTROL|pixel_generate:COLOR_BLOCK|pokemon_sel:PK_SEL|RANDOM_ROM:RANDOM_SP       ; RANDOM_ROM.vhd     ;
; Altera ; ROM: 2-PORT  ; 25.1    ; N/A          ; N/A          ; |POKEMON|VGA:IMAGE_CONTROL|pixel_generate:COLOR_BLOCK|pokemon_sel:PK_SEL|SANDSLASH_ROM:SANDSLASH_SP ; SANDSLASH_ROM.vhd  ;
; Altera ; ROM: 2-PORT  ; 25.1    ; N/A          ; N/A          ; |POKEMON|VGA:IMAGE_CONTROL|pixel_generate:COLOR_BLOCK|pokemon_sel:PK_SEL|VAPOREON_ROM:VAPOREON_SP   ; VAPOREON_ROM.vhd   ;
+--------+--------------+---------+--------------+--------------+-----------------------------------------------------------------------------------------------------+--------------------+


Encoding Type:  One-Hot
+--------------------------------------------------------------------------------------------------------------------------------------------+
; State Machine - |POKEMON|battle_engine:GAME_CONTROL|CURRENT_ST                                                                             ;
+-----------------------+----------------------+-----------------------+----------------------+-----------------------+----------------------+
; Name                  ; CURRENT_ST.ST_BATTLE ; CURRENT_ST.ST_WAIT_P1 ; CURRENT_ST.ST_SEL_P1 ; CURRENT_ST.ST_WAIT_P0 ; CURRENT_ST.ST_SEL_P0 ;
+-----------------------+----------------------+-----------------------+----------------------+-----------------------+----------------------+
; CURRENT_ST.ST_SEL_P0  ; 0                    ; 0                     ; 0                    ; 0                     ; 0                    ;
; CURRENT_ST.ST_WAIT_P0 ; 0                    ; 0                     ; 0                    ; 1                     ; 1                    ;
; CURRENT_ST.ST_SEL_P1  ; 0                    ; 0                     ; 1                    ; 0                     ; 1                    ;
; CURRENT_ST.ST_WAIT_P1 ; 0                    ; 1                     ; 0                    ; 0                     ; 1                    ;
; CURRENT_ST.ST_BATTLE  ; 1                    ; 0                     ; 0                    ; 0                     ; 1                    ;
+-----------------------+----------------------+-----------------------+----------------------+-----------------------+----------------------+


+-------------------------------------------------------------------------------------------------------------------------------------------------------------------------+
; Registers Removed During Synthesis                                                                                                                                      ;
+------------------------------------------------------------------------------+------------------------------------------------------------------------------------------+
; Register name                                                                ; Reason for Removal                                                                       ;
+------------------------------------------------------------------------------+------------------------------------------------------------------------------------------+
; VGA:IMAGE_CONTROL|pixel_generate:COLOR_BLOCK|R[0..2]                         ; Stuck at GND due to stuck port data_in                                                   ;
; VGA:IMAGE_CONTROL|pixel_generate:COLOR_BLOCK|G[0,1]                          ; Stuck at GND due to stuck port data_in                                                   ;
; VGA:IMAGE_CONTROL|pixel_generate:COLOR_BLOCK|B[0..2]                         ; Stuck at GND due to stuck port data_in                                                   ;
; VGA:IMAGE_CONTROL|pixel_generate:COLOR_BLOCK|Y_REG[11..30]                   ; Stuck at GND due to stuck port data_in                                                   ;
; VGA:IMAGE_CONTROL|pixel_generate:COLOR_BLOCK|X_REG[11..30]                   ; Stuck at GND due to stuck port data_in                                                   ;
; VGA:IMAGE_CONTROL|move_controller:MOVE_CONT|MV1_X[0,1]                       ; Stuck at GND due to stuck port clock_enable                                              ;
; VGA:IMAGE_CONTROL|move_controller:MOVE_CONT|R_RATE1[0..6,8..11,16,18]        ; Stuck at GND due to stuck port data_in                                                   ;
; VGA:IMAGE_CONTROL|move_controller:MOVE_CONT|MV0_X[0,1]                       ; Stuck at GND due to stuck port clock_enable                                              ;
; VGA:IMAGE_CONTROL|move_controller:MOVE_CONT|R_RATE0[0..6,8..11,16,18]        ; Stuck at GND due to stuck port data_in                                                   ;
; VGA:IMAGE_CONTROL|pixel_generate:COLOR_BLOCK|X_REG[31]                       ; Merged with VGA:IMAGE_CONTROL|pixel_generate:COLOR_BLOCK|Y_REG[31]                       ;
; VGA:IMAGE_CONTROL|move_controller:MOVE_CONT|POS1_X_RST                       ; Merged with VGA:IMAGE_CONTROL|move_controller:MOVE_CONT|R_RATE1[7]                       ;
; VGA:IMAGE_CONTROL|move_controller:MOVE_CONT|R_RATE1[7]                       ; Merged with VGA:IMAGE_CONTROL|move_controller:MOVE_CONT|R_RATE1[12]                      ;
; VGA:IMAGE_CONTROL|move_controller:MOVE_CONT|R_RATE1[12]                      ; Merged with VGA:IMAGE_CONTROL|move_controller:MOVE_CONT|R_RATE1[13]                      ;
; VGA:IMAGE_CONTROL|move_controller:MOVE_CONT|R_RATE1[13]                      ; Merged with VGA:IMAGE_CONTROL|move_controller:MOVE_CONT|R_RATE1[14]                      ;
; VGA:IMAGE_CONTROL|move_controller:MOVE_CONT|R_RATE1[14]                      ; Merged with VGA:IMAGE_CONTROL|move_controller:MOVE_CONT|R_RATE1[15]                      ;
; VGA:IMAGE_CONTROL|move_controller:MOVE_CONT|R_RATE1[15]                      ; Merged with VGA:IMAGE_CONTROL|move_controller:MOVE_CONT|R_RATE1[17]                      ;
; VGA:IMAGE_CONTROL|move_controller:MOVE_CONT|R_RATE1[17]                      ; Merged with VGA:IMAGE_CONTROL|move_controller:MOVE_CONT|R_RATE1[19]                      ;
; VGA:IMAGE_CONTROL|move_controller:MOVE_CONT|R_RATE1[19]                      ; Merged with VGA:IMAGE_CONTROL|move_controller:MOVE_CONT|R_RATE1[20]                      ;
; VGA:IMAGE_CONTROL|move_controller:MOVE_CONT|R_RATE1[20]                      ; Merged with VGA:IMAGE_CONTROL|move_controller:MOVE_CONT|POS0_X_RST                       ;
; VGA:IMAGE_CONTROL|move_controller:MOVE_CONT|POS0_X_RST                       ; Merged with VGA:IMAGE_CONTROL|move_controller:MOVE_CONT|R_RATE0[7]                       ;
; VGA:IMAGE_CONTROL|move_controller:MOVE_CONT|R_RATE0[7]                       ; Merged with VGA:IMAGE_CONTROL|move_controller:MOVE_CONT|R_RATE0[12]                      ;
; VGA:IMAGE_CONTROL|move_controller:MOVE_CONT|R_RATE0[12]                      ; Merged with VGA:IMAGE_CONTROL|move_controller:MOVE_CONT|R_RATE0[13]                      ;
; VGA:IMAGE_CONTROL|move_controller:MOVE_CONT|R_RATE0[13]                      ; Merged with VGA:IMAGE_CONTROL|move_controller:MOVE_CONT|R_RATE0[14]                      ;
; VGA:IMAGE_CONTROL|move_controller:MOVE_CONT|R_RATE0[14]                      ; Merged with VGA:IMAGE_CONTROL|move_controller:MOVE_CONT|R_RATE0[15]                      ;
; VGA:IMAGE_CONTROL|move_controller:MOVE_CONT|R_RATE0[15]                      ; Merged with VGA:IMAGE_CONTROL|move_controller:MOVE_CONT|R_RATE0[17]                      ;
; VGA:IMAGE_CONTROL|move_controller:MOVE_CONT|R_RATE0[17]                      ; Merged with VGA:IMAGE_CONTROL|move_controller:MOVE_CONT|R_RATE0[19]                      ;
; VGA:IMAGE_CONTROL|move_controller:MOVE_CONT|R_RATE0[19]                      ; Merged with VGA:IMAGE_CONTROL|move_controller:MOVE_CONT|R_RATE0[20]                      ;
; VGA:IMAGE_CONTROL|move_controller:MOVE_CONT|R_RATE0[20]                      ; Merged with VGA:IMAGE_CONTROL|move_controller:MOVE_CONT|R_RATE0[21]                      ;
; VGA:IMAGE_CONTROL|move_controller:MOVE_CONT|R_RATE0[21]                      ; Merged with VGA:IMAGE_CONTROL|move_controller:MOVE_CONT|R_RATE1[21]                      ;
; VGA:IMAGE_CONTROL|move_controller:MOVE_CONT|VARP1_X[0]                       ; Merged with VGA:IMAGE_CONTROL|move_controller:MOVE_CONT|VARP0_X[0]                       ;
; VGA:IMAGE_CONTROL|move_controller:MOVE_CONT|VARP1_Y[0]                       ; Merged with VGA:IMAGE_CONTROL|move_controller:MOVE_CONT|VARP0_Y[0]                       ;
; VGA:IMAGE_CONTROL|move_controller:MOVE_CONT|contador_uni:REFRESH_C1|temp[21] ; Merged with VGA:IMAGE_CONTROL|move_controller:MOVE_CONT|contador_uni:REFRESH_C0|temp[21] ;
; VGA:IMAGE_CONTROL|move_controller:MOVE_CONT|contador_uni:REFRESH_C1|temp[20] ; Merged with VGA:IMAGE_CONTROL|move_controller:MOVE_CONT|contador_uni:REFRESH_C0|temp[20] ;
; VGA:IMAGE_CONTROL|move_controller:MOVE_CONT|contador_uni:REFRESH_C1|temp[19] ; Merged with VGA:IMAGE_CONTROL|move_controller:MOVE_CONT|contador_uni:REFRESH_C0|temp[19] ;
; VGA:IMAGE_CONTROL|move_controller:MOVE_CONT|contador_uni:REFRESH_C1|temp[18] ; Merged with VGA:IMAGE_CONTROL|move_controller:MOVE_CONT|contador_uni:REFRESH_C0|temp[18] ;
; VGA:IMAGE_CONTROL|move_controller:MOVE_CONT|contador_uni:REFRESH_C1|temp[17] ; Merged with VGA:IMAGE_CONTROL|move_controller:MOVE_CONT|contador_uni:REFRESH_C0|temp[17] ;
; VGA:IMAGE_CONTROL|move_controller:MOVE_CONT|contador_uni:REFRESH_C1|temp[16] ; Merged with VGA:IMAGE_CONTROL|move_controller:MOVE_CONT|contador_uni:REFRESH_C0|temp[16] ;
; VGA:IMAGE_CONTROL|move_controller:MOVE_CONT|contador_uni:REFRESH_C1|temp[15] ; Merged with VGA:IMAGE_CONTROL|move_controller:MOVE_CONT|contador_uni:REFRESH_C0|temp[15] ;
; VGA:IMAGE_CONTROL|move_controller:MOVE_CONT|contador_uni:REFRESH_C1|temp[14] ; Merged with VGA:IMAGE_CONTROL|move_controller:MOVE_CONT|contador_uni:REFRESH_C0|temp[14] ;
; VGA:IMAGE_CONTROL|move_controller:MOVE_CONT|contador_uni:REFRESH_C1|temp[13] ; Merged with VGA:IMAGE_CONTROL|move_controller:MOVE_CONT|contador_uni:REFRESH_C0|temp[13] ;
; VGA:IMAGE_CONTROL|move_controller:MOVE_CONT|contador_uni:REFRESH_C1|temp[12] ; Merged with VGA:IMAGE_CONTROL|move_controller:MOVE_CONT|contador_uni:REFRESH_C0|temp[12] ;
; VGA:IMAGE_CONTROL|move_controller:MOVE_CONT|contador_uni:REFRESH_C1|temp[11] ; Merged with VGA:IMAGE_CONTROL|move_controller:MOVE_CONT|contador_uni:REFRESH_C0|temp[11] ;
; VGA:IMAGE_CONTROL|move_controller:MOVE_CONT|contador_uni:REFRESH_C1|temp[10] ; Merged with VGA:IMAGE_CONTROL|move_controller:MOVE_CONT|contador_uni:REFRESH_C0|temp[10] ;
; VGA:IMAGE_CONTROL|move_controller:MOVE_CONT|contador_uni:REFRESH_C1|temp[9]  ; Merged with VGA:IMAGE_CONTROL|move_controller:MOVE_CONT|contador_uni:REFRESH_C0|temp[9]  ;
; VGA:IMAGE_CONTROL|move_controller:MOVE_CONT|contador_uni:REFRESH_C1|temp[8]  ; Merged with VGA:IMAGE_CONTROL|move_controller:MOVE_CONT|contador_uni:REFRESH_C0|temp[8]  ;
; VGA:IMAGE_CONTROL|move_controller:MOVE_CONT|contador_uni:REFRESH_C1|temp[7]  ; Merged with VGA:IMAGE_CONTROL|move_controller:MOVE_CONT|contador_uni:REFRESH_C0|temp[7]  ;
; VGA:IMAGE_CONTROL|move_controller:MOVE_CONT|contador_uni:REFRESH_C1|temp[6]  ; Merged with VGA:IMAGE_CONTROL|move_controller:MOVE_CONT|contador_uni:REFRESH_C0|temp[6]  ;
; VGA:IMAGE_CONTROL|move_controller:MOVE_CONT|contador_uni:REFRESH_C1|temp[5]  ; Merged with VGA:IMAGE_CONTROL|move_controller:MOVE_CONT|contador_uni:REFRESH_C0|temp[5]  ;
; VGA:IMAGE_CONTROL|move_controller:MOVE_CONT|contador_uni:REFRESH_C1|temp[4]  ; Merged with VGA:IMAGE_CONTROL|move_controller:MOVE_CONT|contador_uni:REFRESH_C0|temp[4]  ;
; VGA:IMAGE_CONTROL|move_controller:MOVE_CONT|contador_uni:REFRESH_C1|temp[3]  ; Merged with VGA:IMAGE_CONTROL|move_controller:MOVE_CONT|contador_uni:REFRESH_C0|temp[3]  ;
; VGA:IMAGE_CONTROL|move_controller:MOVE_CONT|contador_uni:REFRESH_C1|temp[2]  ; Merged with VGA:IMAGE_CONTROL|move_controller:MOVE_CONT|contador_uni:REFRESH_C0|temp[2]  ;
; VGA:IMAGE_CONTROL|move_controller:MOVE_CONT|contador_uni:REFRESH_C1|temp[1]  ; Merged with VGA:IMAGE_CONTROL|move_controller:MOVE_CONT|contador_uni:REFRESH_C0|temp[1]  ;
; VGA:IMAGE_CONTROL|move_controller:MOVE_CONT|contador_uni:REFRESH_C1|temp[0]  ; Merged with VGA:IMAGE_CONTROL|move_controller:MOVE_CONT|contador_uni:REFRESH_C0|temp[0]  ;
; VGA:IMAGE_CONTROL|move_controller:MOVE_CONT|MV1_Y[1]                         ; Merged with VGA:IMAGE_CONTROL|move_controller:MOVE_CONT|MV0_Y[1]                         ;
; VGA:IMAGE_CONTROL|move_controller:MOVE_CONT|POS1_Y_RST                       ; Merged with VGA:IMAGE_CONTROL|move_controller:MOVE_CONT|POS0_Y_RST                       ;
; VGA:IMAGE_CONTROL|move_controller:MOVE_CONT|MV1_Y[0]                         ; Merged with VGA:IMAGE_CONTROL|move_controller:MOVE_CONT|MV0_Y[0]                         ;
; VGA:IMAGE_CONTROL|move_controller:MOVE_CONT|VARP1_X[10]                      ; Stuck at GND due to stuck port data_in                                                   ;
; VGA:IMAGE_CONTROL|move_controller:MOVE_CONT|VARP1_X[9]                       ; Stuck at VCC due to stuck port data_in                                                   ;
; VGA:IMAGE_CONTROL|move_controller:MOVE_CONT|VARP1_X[6..8]                    ; Stuck at GND due to stuck port data_in                                                   ;
; VGA:IMAGE_CONTROL|move_controller:MOVE_CONT|VARP1_X[2]                       ; Stuck at VCC due to stuck port data_in                                                   ;
; VGA:IMAGE_CONTROL|move_controller:MOVE_CONT|VARP0_X[0]                       ; Stuck at GND due to stuck port data_in                                                   ;
; VGA:IMAGE_CONTROL|move_controller:MOVE_CONT|VARP0_Y[0]                       ; Stuck at GND due to stuck port data_in                                                   ;
; VGA:IMAGE_CONTROL|move_controller:MOVE_CONT|VARP0_X[1,2]                     ; Stuck at VCC due to stuck port data_in                                                   ;
; VGA:IMAGE_CONTROL|move_controller:MOVE_CONT|VARP0_X[3]                       ; Stuck at GND due to stuck port data_in                                                   ;
; VGA:IMAGE_CONTROL|move_controller:MOVE_CONT|VARP0_X[4]                       ; Stuck at VCC due to stuck port data_in                                                   ;
; VGA:IMAGE_CONTROL|move_controller:MOVE_CONT|VARP0_X[5,6]                     ; Stuck at GND due to stuck port data_in                                                   ;
; VGA:IMAGE_CONTROL|move_controller:MOVE_CONT|VARP0_X[7]                       ; Stuck at VCC due to stuck port data_in                                                   ;
; VGA:IMAGE_CONTROL|move_controller:MOVE_CONT|VARP0_X[8..10]                   ; Stuck at GND due to stuck port data_in                                                   ;
; VGA:IMAGE_CONTROL|pixel_generate:COLOR_BLOCK|LOCAL_X_REG2_PK1[0..6]          ; Lost fanout                                                                              ;
; VGA:IMAGE_CONTROL|pixel_generate:COLOR_BLOCK|LOCAL_Y_REG2_PK1[0..6]          ; Lost fanout                                                                              ;
; VGA:IMAGE_CONTROL|pixel_generate:COLOR_BLOCK|LOCAL_X_REG2_PK0[0..6]          ; Lost fanout                                                                              ;
; VGA:IMAGE_CONTROL|pixel_generate:COLOR_BLOCK|LOCAL_Y_REG2_PK0[0..6]          ; Lost fanout                                                                              ;
; VGA:IMAGE_CONTROL|move_controller:MOVE_CONT|POS0_Y_RST                       ; Stuck at GND due to stuck port data_in                                                   ;
; VGA:IMAGE_CONTROL|move_controller:MOVE_CONT|VARP1_X[5]                       ; Merged with VGA:IMAGE_CONTROL|move_controller:MOVE_CONT|VARP1_X[1]                       ;
; VGA:IMAGE_CONTROL|move_controller:MOVE_CONT|VARP1_X[4]                       ; Merged with VGA:IMAGE_CONTROL|move_controller:MOVE_CONT|VARP1_X[3]                       ;
; Total Number of Removed Registers = 174                                      ;                                                                                          ;
+------------------------------------------------------------------------------+------------------------------------------------------------------------------------------+


+----------------------------------------------------------------------------------------------------------------------------------------------------+
; Removed Registers Triggering Further Register Optimizations                                                                                        ;
+--------------------------------------------------------+--------------------------------+----------------------------------------------------------+
; Register name                                          ; Reason for Removal             ; Registers Removed due to This Register                   ;
+--------------------------------------------------------+--------------------------------+----------------------------------------------------------+
; VGA:IMAGE_CONTROL|move_controller:MOVE_CONT|MV0_X[0]   ; Stuck at GND                   ; VGA:IMAGE_CONTROL|move_controller:MOVE_CONT|VARP0_X[1],  ;
;                                                        ; due to stuck port clock_enable ; VGA:IMAGE_CONTROL|move_controller:MOVE_CONT|VARP0_X[2],  ;
;                                                        ;                                ; VGA:IMAGE_CONTROL|move_controller:MOVE_CONT|VARP0_X[3],  ;
;                                                        ;                                ; VGA:IMAGE_CONTROL|move_controller:MOVE_CONT|VARP0_X[4],  ;
;                                                        ;                                ; VGA:IMAGE_CONTROL|move_controller:MOVE_CONT|VARP0_X[5],  ;
;                                                        ;                                ; VGA:IMAGE_CONTROL|move_controller:MOVE_CONT|VARP0_X[6],  ;
;                                                        ;                                ; VGA:IMAGE_CONTROL|move_controller:MOVE_CONT|VARP0_X[7],  ;
;                                                        ;                                ; VGA:IMAGE_CONTROL|move_controller:MOVE_CONT|VARP0_X[8],  ;
;                                                        ;                                ; VGA:IMAGE_CONTROL|move_controller:MOVE_CONT|VARP0_X[9],  ;
;                                                        ;                                ; VGA:IMAGE_CONTROL|move_controller:MOVE_CONT|VARP0_X[10]  ;
; VGA:IMAGE_CONTROL|move_controller:MOVE_CONT|MV1_X[0]   ; Stuck at GND                   ; VGA:IMAGE_CONTROL|move_controller:MOVE_CONT|VARP1_X[10], ;
;                                                        ; due to stuck port clock_enable ; VGA:IMAGE_CONTROL|move_controller:MOVE_CONT|VARP1_X[9],  ;
;                                                        ;                                ; VGA:IMAGE_CONTROL|move_controller:MOVE_CONT|VARP1_X[8],  ;
;                                                        ;                                ; VGA:IMAGE_CONTROL|move_controller:MOVE_CONT|VARP1_X[7],  ;
;                                                        ;                                ; VGA:IMAGE_CONTROL|move_controller:MOVE_CONT|VARP1_X[6],  ;
;                                                        ;                                ; VGA:IMAGE_CONTROL|move_controller:MOVE_CONT|VARP1_X[2]   ;
; VGA:IMAGE_CONTROL|move_controller:MOVE_CONT|R_RATE0[0] ; Stuck at GND                   ; VGA:IMAGE_CONTROL|move_controller:MOVE_CONT|VARP0_X[0],  ;
;                                                        ; due to stuck port data_in      ; VGA:IMAGE_CONTROL|move_controller:MOVE_CONT|VARP0_Y[0],  ;
;                                                        ;                                ; VGA:IMAGE_CONTROL|move_controller:MOVE_CONT|POS0_Y_RST   ;
+--------------------------------------------------------+--------------------------------+----------------------------------------------------------+


+------------------------------------------------------+
; General Register Statistics                          ;
+----------------------------------------------+-------+
; Statistic                                    ; Value ;
+----------------------------------------------+-------+
; Total registers                              ; 553   ;
; Number of registers using Synchronous Clear  ; 95    ;
; Number of registers using Synchronous Load   ; 15    ;
; Number of registers using Asynchronous Clear ; 63    ;
; Number of registers using Asynchronous Load  ; 0     ;
; Number of registers using Clock Enable       ; 57    ;
; Number of registers using Preset             ; 0     ;
+----------------------------------------------+-------+


+-----------------------------------------------------------------------------+
; Inverted Register Statistics                                                ;
+-------------------------------------------------------------------+---------+
; Inverted Register                                                 ; Fan out ;
+-------------------------------------------------------------------+---------+
; VGA:IMAGE_CONTROL|pixel_generate:COLOR_BLOCK|LOCAL_Y_REG2_PK0[31] ; 1       ;
; VGA:IMAGE_CONTROL|pixel_generate:COLOR_BLOCK|LOCAL_X_REG2_PK0[31] ; 1       ;
; VGA:IMAGE_CONTROL|pixel_generate:COLOR_BLOCK|LOCAL_Y_REG2_PK1[31] ; 1       ;
; VGA:IMAGE_CONTROL|pixel_generate:COLOR_BLOCK|LOCAL_X_REG2_PK1[31] ; 1       ;
; VGA:IMAGE_CONTROL|pixel_generate:COLOR_BLOCK|LOCAL_Y_REG_PK0[31]  ; 3       ;
; VGA:IMAGE_CONTROL|pixel_generate:COLOR_BLOCK|LOCAL_X_REG_PK0[31]  ; 3       ;
; VGA:IMAGE_CONTROL|pixel_generate:COLOR_BLOCK|LOCAL_Y_REG_PK1[31]  ; 3       ;
; VGA:IMAGE_CONTROL|pixel_generate:COLOR_BLOCK|LOCAL_X_REG_PK1[31]  ; 3       ;
; VGA:IMAGE_CONTROL|pixel_generate:COLOR_BLOCK|LOCAL_Y_PK0[31]      ; 1       ;
; VGA:IMAGE_CONTROL|pixel_generate:COLOR_BLOCK|LOCAL_X_PK0[31]      ; 1       ;
; VGA:IMAGE_CONTROL|pixel_generate:COLOR_BLOCK|LOCAL_Y_PK1[31]      ; 1       ;
; VGA:IMAGE_CONTROL|pixel_generate:COLOR_BLOCK|LOCAL_X_PK1[31]      ; 1       ;
; VGA:IMAGE_CONTROL|pixel_generate:COLOR_BLOCK|Y_REG[31]            ; 81      ;
; VGA:IMAGE_CONTROL|pixel_generate:COLOR_BLOCK|LOCAL_X_REG_PK0[0]   ; 1       ;
; VGA:IMAGE_CONTROL|pixel_generate:COLOR_BLOCK|LOCAL_X_REG_PK1[0]   ; 1       ;
; VGA:IMAGE_CONTROL|pixel_generate:COLOR_BLOCK|LOCAL_X_PK0[0]       ; 1       ;
; VGA:IMAGE_CONTROL|pixel_generate:COLOR_BLOCK|LOCAL_Y_REG_PK0[0]   ; 1       ;
; VGA:IMAGE_CONTROL|pixel_generate:COLOR_BLOCK|LOCAL_X_PK1[0]       ; 1       ;
; VGA:IMAGE_CONTROL|pixel_generate:COLOR_BLOCK|LOCAL_Y_REG_PK1[0]   ; 1       ;
; VGA:IMAGE_CONTROL|pixel_generate:COLOR_BLOCK|LOCAL_Y_PK0[0]       ; 1       ;
; VGA:IMAGE_CONTROL|pixel_generate:COLOR_BLOCK|LOCAL_Y_PK1[0]       ; 1       ;
; VGA:IMAGE_CONTROL|pixel_generate:COLOR_BLOCK|X_REG[0]             ; 3       ;
; VGA:IMAGE_CONTROL|pixel_generate:COLOR_BLOCK|Y_REG[0]             ; 3       ;
; Total number of inverted registers = 23                           ;         ;
+-------------------------------------------------------------------+---------+


+-----------------------------------------------------------------------------------------------------------------------------------------------------------------------------------------------+
; Multiplexer Restructuring Statistics (Restructuring Performed)                                                                                                                                ;
+--------------------+-----------+---------------+----------------------+------------------------+------------+---------------------------------------------------------------------------------+
; Multiplexer Inputs ; Bus Width ; Baseline Area ; Area if Restructured ; Saving if Restructured ; Registered ; Example Multiplexer Output                                                      ;
+--------------------+-----------+---------------+----------------------+------------------------+------------+---------------------------------------------------------------------------------+
; 3:1                ; 11 bits   ; 22 LEs        ; 0 LEs                ; 22 LEs                 ; Yes        ; |POKEMON|VGA:IMAGE_CONTROL|image_sync:SYNC_BLOCK|contador_uni:V_COUNTER|temp[0] ;
; 7:1                ; 16 bits   ; 64 LEs        ; 64 LEs               ; 0 LEs                  ; Yes        ; |POKEMON|VGA:IMAGE_CONTROL|pixel_generate:COLOR_BLOCK|G[7]                      ;
; 8:1                ; 12 bits   ; 60 LEs        ; 24 LEs               ; 36 LEs                 ; No         ; |POKEMON|VGA:IMAGE_CONTROL|pixel_generate:COLOR_BLOCK|pokemon_sel:PK_SEL|Mux268 ;
; 8:1                ; 12 bits   ; 60 LEs        ; 24 LEs               ; 36 LEs                 ; No         ; |POKEMON|VGA:IMAGE_CONTROL|pixel_generate:COLOR_BLOCK|pokemon_sel:PK_SEL|Mux129 ;
; 16:1               ; 16 bits   ; 160 LEs       ; 112 LEs              ; 48 LEs                 ; No         ; |POKEMON|VGA:IMAGE_CONTROL|pixel_generate:COLOR_BLOCK|pokemon_sel:PK_SEL|Mux289 ;
; 16:1               ; 16 bits   ; 160 LEs       ; 112 LEs              ; 48 LEs                 ; No         ; |POKEMON|VGA:IMAGE_CONTROL|pixel_generate:COLOR_BLOCK|pokemon_sel:PK_SEL|Mux141 ;
; 7:1                ; 2 bits    ; 8 LEs         ; 4 LEs                ; 4 LEs                  ; No         ; |POKEMON|battle_engine:GAME_CONTROL|Selector7                                   ;
; 7:1                ; 2 bits    ; 8 LEs         ; 4 LEs                ; 4 LEs                  ; No         ; |POKEMON|battle_engine:GAME_CONTROL|Selector8                                   ;
+--------------------+-----------+---------------+----------------------+------------------------+------------+---------------------------------------------------------------------------------+


+------------------------------------------------------------------------------------------------------------------------------------------------------------------------------+
; Source assignments for VGA:IMAGE_CONTROL|pixel_generate:COLOR_BLOCK|pokemon_sel:PK_SEL|LEAFEON_ROM:LEAFEON_SP|altsyncram:altsyncram_component|altsyncram_5224:auto_generated ;
+---------------------------------+--------------------+------+----------------------------------------------------------------------------------------------------------------+
; Assignment                      ; Value              ; From ; To                                                                                                             ;
+---------------------------------+--------------------+------+----------------------------------------------------------------------------------------------------------------+
; OPTIMIZE_POWER_DURING_SYNTHESIS ; NORMAL_COMPILATION ; -    ; -                                                                                                              ;
+---------------------------------+--------------------+------+----------------------------------------------------------------------------------------------------------------+


+------------------------------------------------------------------------------------------------------------------------------------------------------------------------------+
; Source assignments for VGA:IMAGE_CONTROL|pixel_generate:COLOR_BLOCK|pokemon_sel:PK_SEL|ZERAORA_ROM:ZERAORA_SP|altsyncram:altsyncram_component|altsyncram_v224:auto_generated ;
+---------------------------------+--------------------+------+----------------------------------------------------------------------------------------------------------------+
; Assignment                      ; Value              ; From ; To                                                                                                             ;
+---------------------------------+--------------------+------+----------------------------------------------------------------------------------------------------------------+
; OPTIMIZE_POWER_DURING_SYNTHESIS ; NORMAL_COMPILATION ; -    ; -                                                                                                              ;
+---------------------------------+--------------------+------+----------------------------------------------------------------------------------------------------------------+


+--------------------------------------------------------------------------------------------------------------------------------------------------------------------------------+
; Source assignments for VGA:IMAGE_CONTROL|pixel_generate:COLOR_BLOCK|pokemon_sel:PK_SEL|VAPOREON_ROM:VAPOREON_SP|altsyncram:altsyncram_component|altsyncram_l624:auto_generated ;
+---------------------------------+--------------------+------+------------------------------------------------------------------------------------------------------------------+
; Assignment                      ; Value              ; From ; To                                                                                                               ;
+---------------------------------+--------------------+------+------------------------------------------------------------------------------------------------------------------+
; OPTIMIZE_POWER_DURING_SYNTHESIS ; NORMAL_COMPILATION ; -    ; -                                                                                                                ;
+---------------------------------+--------------------+------+------------------------------------------------------------------------------------------------------------------+


+----------------------------------------------------------------------------------------------------------------------------------------------------------------------------------+
; Source assignments for VGA:IMAGE_CONTROL|pixel_generate:COLOR_BLOCK|pokemon_sel:PK_SEL|SANDSLASH_ROM:SANDSLASH_SP|altsyncram:altsyncram_component|altsyncram_c924:auto_generated ;
+---------------------------------+--------------------+------+--------------------------------------------------------------------------------------------------------------------+
; Assignment                      ; Value              ; From ; To                                                                                                                 ;
+---------------------------------+--------------------+------+--------------------------------------------------------------------------------------------------------------------+
; OPTIMIZE_POWER_DURING_SYNTHESIS ; NORMAL_COMPILATION ; -    ; -                                                                                                                  ;
+---------------------------------+--------------------+------+--------------------------------------------------------------------------------------------------------------------+


+----------------------------------------------------------------------------------------------------------------------------------------------------------------------------+
; Source assignments for VGA:IMAGE_CONTROL|pixel_generate:COLOR_BLOCK|pokemon_sel:PK_SEL|ODDISH_ROM:ODDISH_SP|altsyncram:altsyncram_component|altsyncram_6v14:auto_generated ;
+---------------------------------+--------------------+------+--------------------------------------------------------------------------------------------------------------+
; Assignment                      ; Value              ; From ; To                                                                                                           ;
+---------------------------------+--------------------+------+--------------------------------------------------------------------------------------------------------------+
; OPTIMIZE_POWER_DURING_SYNTHESIS ; NORMAL_COMPILATION ; -    ; -                                                                                                            ;
+---------------------------------+--------------------+------+--------------------------------------------------------------------------------------------------------------+


+----------------------------------------------------------------------------------------------------------------------------------------------------------------------------+
; Source assignments for VGA:IMAGE_CONTROL|pixel_generate:COLOR_BLOCK|pokemon_sel:PK_SEL|LAPRAS_ROM:LAPRAS_SP|altsyncram:altsyncram_component|altsyncram_ev14:auto_generated ;
+---------------------------------+--------------------+------+--------------------------------------------------------------------------------------------------------------+
; Assignment                      ; Value              ; From ; To                                                                                                           ;
+---------------------------------+--------------------+------+--------------------------------------------------------------------------------------------------------------+
; OPTIMIZE_POWER_DURING_SYNTHESIS ; NORMAL_COMPILATION ; -    ; -                                                                                                            ;
+---------------------------------+--------------------+------+--------------------------------------------------------------------------------------------------------------+


+------------------------------------------------------------------------------------------------------------------------------------------------------------------------------+
; Source assignments for VGA:IMAGE_CONTROL|pixel_generate:COLOR_BLOCK|pokemon_sel:PK_SEL|JOLTEON_ROM:JOLTEON_SP|altsyncram:altsyncram_component|altsyncram_6324:auto_generated ;
+---------------------------------+--------------------+------+----------------------------------------------------------------------------------------------------------------+
; Assignment                      ; Value              ; From ; To                                                                                                             ;
+---------------------------------+--------------------+------+----------------------------------------------------------------------------------------------------------------+
; OPTIMIZE_POWER_DURING_SYNTHESIS ; NORMAL_COMPILATION ; -    ; -                                                                                                              ;
+---------------------------------+--------------------+------+----------------------------------------------------------------------------------------------------------------+


+--------------------------------------------------------------------------------------------------------------------------------------------------------------------------------+
; Source assignments for VGA:IMAGE_CONTROL|pixel_generate:COLOR_BLOCK|pokemon_sel:PK_SEL|GARCHOMP_ROM:GARCHOMP_SP|altsyncram:altsyncram_component|altsyncram_s524:auto_generated ;
+---------------------------------+--------------------+------+------------------------------------------------------------------------------------------------------------------+
; Assignment                      ; Value              ; From ; To                                                                                                               ;
+---------------------------------+--------------------+------+------------------------------------------------------------------------------------------------------------------+
; OPTIMIZE_POWER_DURING_SYNTHESIS ; NORMAL_COMPILATION ; -    ; -                                                                                                                ;
+---------------------------------+--------------------+------+------------------------------------------------------------------------------------------------------------------+


+------------------------------------------------------------------------------------------------------------------------------------------------------------------------------+
; Source assignments for VGA:IMAGE_CONTROL|pixel_generate:COLOR_BLOCK|pokemon_sel:PK_SEL|FLAREON_ROM:FLAREON_SP|altsyncram:altsyncram_component|altsyncram_i224:auto_generated ;
+---------------------------------+--------------------+------+----------------------------------------------------------------------------------------------------------------+
; Assignment                      ; Value              ; From ; To                                                                                                             ;
+---------------------------------+--------------------+------+----------------------------------------------------------------------------------------------------------------+
; OPTIMIZE_POWER_DURING_SYNTHESIS ; NORMAL_COMPILATION ; -    ; -                                                                                                              ;
+---------------------------------+--------------------+------+----------------------------------------------------------------------------------------------------------------+


+----------------------------------------------------------------------------------------------------------------------------------------------------------------------------------+
; Source assignments for VGA:IMAGE_CONTROL|pixel_generate:COLOR_BLOCK|pokemon_sel:PK_SEL|CHARIZARD_ROM:CHARIZARD_SP|altsyncram:altsyncram_component|altsyncram_3924:auto_generated ;
+---------------------------------+--------------------+------+--------------------------------------------------------------------------------------------------------------------+
; Assignment                      ; Value              ; From ; To                                                                                                                 ;
+---------------------------------+--------------------+------+--------------------------------------------------------------------------------------------------------------------+
; OPTIMIZE_POWER_DURING_SYNTHESIS ; NORMAL_COMPILATION ; -    ; -                                                                                                                  ;
+---------------------------------+--------------------+------+--------------------------------------------------------------------------------------------------------------------+


+----------------------------------------------------------------------------------------------------------------------------------------------------------------------------+
; Source assignments for VGA:IMAGE_CONTROL|pixel_generate:COLOR_BLOCK|pokemon_sel:PK_SEL|RANDOM_ROM:RANDOM_SP|altsyncram:altsyncram_component|altsyncram_cv14:auto_generated ;
+---------------------------------+--------------------+------+--------------------------------------------------------------------------------------------------------------+
; Assignment                      ; Value              ; From ; To                                                                                                           ;
+---------------------------------+--------------------+------+--------------------------------------------------------------------------------------------------------------+
; OPTIMIZE_POWER_DURING_SYNTHESIS ; NORMAL_COMPILATION ; -    ; -                                                                                                            ;
+---------------------------------+--------------------+------+--------------------------------------------------------------------------------------------------------------+


+-----------------------------------------------------------------------------------------------------------------------------------------------------------------+
; Source assignments for VGA:IMAGE_CONTROL|pixel_generate:COLOR_BLOCK|BACKGROUND_ROM:BACKGROUND_SP|altsyncram:altsyncram_component|altsyncram_cb34:auto_generated ;
+---------------------------------+--------------------+------+---------------------------------------------------------------------------------------------------+
; Assignment                      ; Value              ; From ; To                                                                                                ;
+---------------------------------+--------------------+------+---------------------------------------------------------------------------------------------------+
; OPTIMIZE_POWER_DURING_SYNTHESIS ; NORMAL_COMPILATION ; -    ; -                                                                                                 ;
+---------------------------------+--------------------+------+---------------------------------------------------------------------------------------------------+


+------------------------------------------------------------------------------------------------------------------+
; Parameter Settings for User Entity Instance: VGA:IMAGE_CONTROL|move_controller:MOVE_CONT|contador_uni:REFRESH_C0 ;
+----------------+-------+-----------------------------------------------------------------------------------------+
; Parameter Name ; Value ; Type                                                                                    ;
+----------------+-------+-----------------------------------------------------------------------------------------+
; n              ; 22    ; Signed Integer                                                                          ;
+----------------+-------+-----------------------------------------------------------------------------------------+
Note: In order to hide this table in the UI and the text report file, please set the "Show Parameter Settings in Synthesis Report" option in "Analysis and Synthesis Settings -> More Settings" to "Off".


+------------------------------------------------------------------------------------------------------------------+
; Parameter Settings for User Entity Instance: VGA:IMAGE_CONTROL|move_controller:MOVE_CONT|contador_uni:REFRESH_C1 ;
+----------------+-------+-----------------------------------------------------------------------------------------+
; Parameter Name ; Value ; Type                                                                                    ;
+----------------+-------+-----------------------------------------------------------------------------------------+
; n              ; 22    ; Signed Integer                                                                          ;
+----------------+-------+-----------------------------------------------------------------------------------------+
Note: In order to hide this table in the UI and the text report file, please set the "Show Parameter Settings in Synthesis Report" option in "Analysis and Synthesis Settings -> More Settings" to "Off".


+--------------------------------------------------------------------------------------------------------------------+
; Parameter Settings for User Entity Instance: VGA:IMAGE_CONTROL|move_controller:MOVE_CONT|bitn_fullAdder:POS0_X_SUM ;
+----------------+-------+-------------------------------------------------------------------------------------------+
; Parameter Name ; Value ; Type                                                                                      ;
+----------------+-------+-------------------------------------------------------------------------------------------+
; b_length       ; 11    ; Signed Integer                                                                            ;
+----------------+-------+-------------------------------------------------------------------------------------------+
Note: In order to hide this table in the UI and the text report file, please set the "Show Parameter Settings in Synthesis Report" option in "Analysis and Synthesis Settings -> More Settings" to "Off".


+--------------------------------------------------------------------------------------------------------------------+
; Parameter Settings for User Entity Instance: VGA:IMAGE_CONTROL|move_controller:MOVE_CONT|bitn_fullAdder:POS0_Y_SUM ;
+----------------+-------+-------------------------------------------------------------------------------------------+
; Parameter Name ; Value ; Type                                                                                      ;
+----------------+-------+-------------------------------------------------------------------------------------------+
; b_length       ; 11    ; Signed Integer                                                                            ;
+----------------+-------+-------------------------------------------------------------------------------------------+
Note: In order to hide this table in the UI and the text report file, please set the "Show Parameter Settings in Synthesis Report" option in "Analysis and Synthesis Settings -> More Settings" to "Off".


+--------------------------------------------------------------------------------------------------------------------+
; Parameter Settings for User Entity Instance: VGA:IMAGE_CONTROL|move_controller:MOVE_CONT|bitn_fullAdder:POS1_X_SUM ;
+----------------+-------+-------------------------------------------------------------------------------------------+
; Parameter Name ; Value ; Type                                                                                      ;
+----------------+-------+-------------------------------------------------------------------------------------------+
; b_length       ; 11    ; Signed Integer                                                                            ;
+----------------+-------+-------------------------------------------------------------------------------------------+
Note: In order to hide this table in the UI and the text report file, please set the "Show Parameter Settings in Synthesis Report" option in "Analysis and Synthesis Settings -> More Settings" to "Off".


+--------------------------------------------------------------------------------------------------------------------+
; Parameter Settings for User Entity Instance: VGA:IMAGE_CONTROL|move_controller:MOVE_CONT|bitn_fullAdder:POS1_Y_SUM ;
+----------------+-------+-------------------------------------------------------------------------------------------+
; Parameter Name ; Value ; Type                                                                                      ;
+----------------+-------+-------------------------------------------------------------------------------------------+
; b_length       ; 11    ; Signed Integer                                                                            ;
+----------------+-------+-------------------------------------------------------------------------------------------+
Note: In order to hide this table in the UI and the text report file, please set the "Show Parameter Settings in Synthesis Report" option in "Analysis and Synthesis Settings -> More Settings" to "Off".


+--------------------------------------------------------------------------------------------------------------------------------------------+
; Parameter Settings for User Entity Instance: VGA:IMAGE_CONTROL|PLL_40MHz:CLOCK_BLOCK|PLL_40MHz_0002:pll_40mhz_inst|altera_pll:altera_pll_i ;
+--------------------------------------+------------------------+----------------------------------------------------------------------------+
; Parameter Name                       ; Value                  ; Type                                                                       ;
+--------------------------------------+------------------------+----------------------------------------------------------------------------+
; reference_clock_frequency            ; 50.0 MHz               ; String                                                                     ;
; fractional_vco_multiplier            ; false                  ; String                                                                     ;
; pll_type                             ; General                ; String                                                                     ;
; pll_subtype                          ; General                ; String                                                                     ;
; number_of_clocks                     ; 1                      ; Signed Integer                                                             ;
; operation_mode                       ; direct                 ; String                                                                     ;
; deserialization_factor               ; 4                      ; Signed Integer                                                             ;
; data_rate                            ; 0                      ; Signed Integer                                                             ;
; sim_additional_refclk_cycles_to_lock ; 0                      ; Signed Integer                                                             ;
; output_clock_frequency0              ; 40.000000 MHz          ; String                                                                     ;
; phase_shift0                         ; 0 ps                   ; String                                                                     ;
; duty_cycle0                          ; 50                     ; Signed Integer                                                             ;
; output_clock_frequency1              ; 0 MHz                  ; String                                                                     ;
; phase_shift1                         ; 0 ps                   ; String                                                                     ;
; duty_cycle1                          ; 50                     ; Signed Integer                                                             ;
; output_clock_frequency2              ; 0 MHz                  ; String                                                                     ;
; phase_shift2                         ; 0 ps                   ; String                                                                     ;
; duty_cycle2                          ; 50                     ; Signed Integer                                                             ;
; output_clock_frequency3              ; 0 MHz                  ; String                                                                     ;
; phase_shift3                         ; 0 ps                   ; String                                                                     ;
; duty_cycle3                          ; 50                     ; Signed Integer                                                             ;
; output_clock_frequency4              ; 0 MHz                  ; String                                                                     ;
; phase_shift4                         ; 0 ps                   ; String                                                                     ;
; duty_cycle4                          ; 50                     ; Signed Integer                                                             ;
; output_clock_frequency5              ; 0 MHz                  ; String                                                                     ;
; phase_shift5                         ; 0 ps                   ; String                                                                     ;
; duty_cycle5                          ; 50                     ; Signed Integer                                                             ;
; output_clock_frequency6              ; 0 MHz                  ; String                                                                     ;
; phase_shift6                         ; 0 ps                   ; String                                                                     ;
; duty_cycle6                          ; 50                     ; Signed Integer                                                             ;
; output_clock_frequency7              ; 0 MHz                  ; String                                                                     ;
; phase_shift7                         ; 0 ps                   ; String                                                                     ;
; duty_cycle7                          ; 50                     ; Signed Integer                                                             ;
; output_clock_frequency8              ; 0 MHz                  ; String                                                                     ;
; phase_shift8                         ; 0 ps                   ; String                                                                     ;
; duty_cycle8                          ; 50                     ; Signed Integer                                                             ;
; output_clock_frequency9              ; 0 MHz                  ; String                                                                     ;
; phase_shift9                         ; 0 ps                   ; String                                                                     ;
; duty_cycle9                          ; 50                     ; Signed Integer                                                             ;
; output_clock_frequency10             ; 0 MHz                  ; String                                                                     ;
; phase_shift10                        ; 0 ps                   ; String                                                                     ;
; duty_cycle10                         ; 50                     ; Signed Integer                                                             ;
; output_clock_frequency11             ; 0 MHz                  ; String                                                                     ;
; phase_shift11                        ; 0 ps                   ; String                                                                     ;
; duty_cycle11                         ; 50                     ; Signed Integer                                                             ;
; output_clock_frequency12             ; 0 MHz                  ; String                                                                     ;
; phase_shift12                        ; 0 ps                   ; String                                                                     ;
; duty_cycle12                         ; 50                     ; Signed Integer                                                             ;
; output_clock_frequency13             ; 0 MHz                  ; String                                                                     ;
; phase_shift13                        ; 0 ps                   ; String                                                                     ;
; duty_cycle13                         ; 50                     ; Signed Integer                                                             ;
; output_clock_frequency14             ; 0 MHz                  ; String                                                                     ;
; phase_shift14                        ; 0 ps                   ; String                                                                     ;
; duty_cycle14                         ; 50                     ; Signed Integer                                                             ;
; output_clock_frequency15             ; 0 MHz                  ; String                                                                     ;
; phase_shift15                        ; 0 ps                   ; String                                                                     ;
; duty_cycle15                         ; 50                     ; Signed Integer                                                             ;
; output_clock_frequency16             ; 0 MHz                  ; String                                                                     ;
; phase_shift16                        ; 0 ps                   ; String                                                                     ;
; duty_cycle16                         ; 50                     ; Signed Integer                                                             ;
; output_clock_frequency17             ; 0 MHz                  ; String                                                                     ;
; phase_shift17                        ; 0 ps                   ; String                                                                     ;
; duty_cycle17                         ; 50                     ; Signed Integer                                                             ;
; clock_name_0                         ;                        ; String                                                                     ;
; clock_name_1                         ;                        ; String                                                                     ;
; clock_name_2                         ;                        ; String                                                                     ;
; clock_name_3                         ;                        ; String                                                                     ;
; clock_name_4                         ;                        ; String                                                                     ;
; clock_name_5                         ;                        ; String                                                                     ;
; clock_name_6                         ;                        ; String                                                                     ;
; clock_name_7                         ;                        ; String                                                                     ;
; clock_name_8                         ;                        ; String                                                                     ;
; clock_name_global_0                  ; false                  ; String                                                                     ;
; clock_name_global_1                  ; false                  ; String                                                                     ;
; clock_name_global_2                  ; false                  ; String                                                                     ;
; clock_name_global_3                  ; false                  ; String                                                                     ;
; clock_name_global_4                  ; false                  ; String                                                                     ;
; clock_name_global_5                  ; false                  ; String                                                                     ;
; clock_name_global_6                  ; false                  ; String                                                                     ;
; clock_name_global_7                  ; false                  ; String                                                                     ;
; clock_name_global_8                  ; false                  ; String                                                                     ;
; m_cnt_hi_div                         ; 1                      ; Signed Integer                                                             ;
; m_cnt_lo_div                         ; 1                      ; Signed Integer                                                             ;
; m_cnt_bypass_en                      ; false                  ; String                                                                     ;
; m_cnt_odd_div_duty_en                ; false                  ; String                                                                     ;
; n_cnt_hi_div                         ; 1                      ; Signed Integer                                                             ;
; n_cnt_lo_div                         ; 1                      ; Signed Integer                                                             ;
; n_cnt_bypass_en                      ; false                  ; String                                                                     ;
; n_cnt_odd_div_duty_en                ; false                  ; String                                                                     ;
; c_cnt_hi_div0                        ; 1                      ; Signed Integer                                                             ;
; c_cnt_lo_div0                        ; 1                      ; Signed Integer                                                             ;
; c_cnt_bypass_en0                     ; false                  ; String                                                                     ;
; c_cnt_in_src0                        ; ph_mux_clk             ; String                                                                     ;
; c_cnt_odd_div_duty_en0               ; false                  ; String                                                                     ;
; c_cnt_prst0                          ; 1                      ; Signed Integer                                                             ;
; c_cnt_ph_mux_prst0                   ; 0                      ; Signed Integer                                                             ;
; c_cnt_hi_div1                        ; 1                      ; Signed Integer                                                             ;
; c_cnt_lo_div1                        ; 1                      ; Signed Integer                                                             ;
; c_cnt_bypass_en1                     ; false                  ; String                                                                     ;
; c_cnt_in_src1                        ; ph_mux_clk             ; String                                                                     ;
; c_cnt_odd_div_duty_en1               ; false                  ; String                                                                     ;
; c_cnt_prst1                          ; 1                      ; Signed Integer                                                             ;
; c_cnt_ph_mux_prst1                   ; 0                      ; Signed Integer                                                             ;
; c_cnt_hi_div2                        ; 1                      ; Signed Integer                                                             ;
; c_cnt_lo_div2                        ; 1                      ; Signed Integer                                                             ;
; c_cnt_bypass_en2                     ; false                  ; String                                                                     ;
; c_cnt_in_src2                        ; ph_mux_clk             ; String                                                                     ;
; c_cnt_odd_div_duty_en2               ; false                  ; String                                                                     ;
; c_cnt_prst2                          ; 1                      ; Signed Integer                                                             ;
; c_cnt_ph_mux_prst2                   ; 0                      ; Signed Integer                                                             ;
; c_cnt_hi_div3                        ; 1                      ; Signed Integer                                                             ;
; c_cnt_lo_div3                        ; 1                      ; Signed Integer                                                             ;
; c_cnt_bypass_en3                     ; false                  ; String                                                                     ;
; c_cnt_in_src3                        ; ph_mux_clk             ; String                                                                     ;
; c_cnt_odd_div_duty_en3               ; false                  ; String                                                                     ;
; c_cnt_prst3                          ; 1                      ; Signed Integer                                                             ;
; c_cnt_ph_mux_prst3                   ; 0                      ; Signed Integer                                                             ;
; c_cnt_hi_div4                        ; 1                      ; Signed Integer                                                             ;
; c_cnt_lo_div4                        ; 1                      ; Signed Integer                                                             ;
; c_cnt_bypass_en4                     ; false                  ; String                                                                     ;
; c_cnt_in_src4                        ; ph_mux_clk             ; String                                                                     ;
; c_cnt_odd_div_duty_en4               ; false                  ; String                                                                     ;
; c_cnt_prst4                          ; 1                      ; Signed Integer                                                             ;
; c_cnt_ph_mux_prst4                   ; 0                      ; Signed Integer                                                             ;
; c_cnt_hi_div5                        ; 1                      ; Signed Integer                                                             ;
; c_cnt_lo_div5                        ; 1                      ; Signed Integer                                                             ;
; c_cnt_bypass_en5                     ; false                  ; String                                                                     ;
; c_cnt_in_src5                        ; ph_mux_clk             ; String                                                                     ;
; c_cnt_odd_div_duty_en5               ; false                  ; String                                                                     ;
; c_cnt_prst5                          ; 1                      ; Signed Integer                                                             ;
; c_cnt_ph_mux_prst5                   ; 0                      ; Signed Integer                                                             ;
; c_cnt_hi_div6                        ; 1                      ; Signed Integer                                                             ;
; c_cnt_lo_div6                        ; 1                      ; Signed Integer                                                             ;
; c_cnt_bypass_en6                     ; false                  ; String                                                                     ;
; c_cnt_in_src6                        ; ph_mux_clk             ; String                                                                     ;
; c_cnt_odd_div_duty_en6               ; false                  ; String                                                                     ;
; c_cnt_prst6                          ; 1                      ; Signed Integer                                                             ;
; c_cnt_ph_mux_prst6                   ; 0                      ; Signed Integer                                                             ;
; c_cnt_hi_div7                        ; 1                      ; Signed Integer                                                             ;
; c_cnt_lo_div7                        ; 1                      ; Signed Integer                                                             ;
; c_cnt_bypass_en7                     ; false                  ; String                                                                     ;
; c_cnt_in_src7                        ; ph_mux_clk             ; String                                                                     ;
; c_cnt_odd_div_duty_en7               ; false                  ; String                                                                     ;
; c_cnt_prst7                          ; 1                      ; Signed Integer                                                             ;
; c_cnt_ph_mux_prst7                   ; 0                      ; Signed Integer                                                             ;
; c_cnt_hi_div8                        ; 1                      ; Signed Integer                                                             ;
; c_cnt_lo_div8                        ; 1                      ; Signed Integer                                                             ;
; c_cnt_bypass_en8                     ; false                  ; String                                                                     ;
; c_cnt_in_src8                        ; ph_mux_clk             ; String                                                                     ;
; c_cnt_odd_div_duty_en8               ; false                  ; String                                                                     ;
; c_cnt_prst8                          ; 1                      ; Signed Integer                                                             ;
; c_cnt_ph_mux_prst8                   ; 0                      ; Signed Integer                                                             ;
; c_cnt_hi_div9                        ; 1                      ; Signed Integer                                                             ;
; c_cnt_lo_div9                        ; 1                      ; Signed Integer                                                             ;
; c_cnt_bypass_en9                     ; false                  ; String                                                                     ;
; c_cnt_in_src9                        ; ph_mux_clk             ; String                                                                     ;
; c_cnt_odd_div_duty_en9               ; false                  ; String                                                                     ;
; c_cnt_prst9                          ; 1                      ; Signed Integer                                                             ;
; c_cnt_ph_mux_prst9                   ; 0                      ; Signed Integer                                                             ;
; c_cnt_hi_div10                       ; 1                      ; Signed Integer                                                             ;
; c_cnt_lo_div10                       ; 1                      ; Signed Integer                                                             ;
; c_cnt_bypass_en10                    ; false                  ; String                                                                     ;
; c_cnt_in_src10                       ; ph_mux_clk             ; String                                                                     ;
; c_cnt_odd_div_duty_en10              ; false                  ; String                                                                     ;
; c_cnt_prst10                         ; 1                      ; Signed Integer                                                             ;
; c_cnt_ph_mux_prst10                  ; 0                      ; Signed Integer                                                             ;
; c_cnt_hi_div11                       ; 1                      ; Signed Integer                                                             ;
; c_cnt_lo_div11                       ; 1                      ; Signed Integer                                                             ;
; c_cnt_bypass_en11                    ; false                  ; String                                                                     ;
; c_cnt_in_src11                       ; ph_mux_clk             ; String                                                                     ;
; c_cnt_odd_div_duty_en11              ; false                  ; String                                                                     ;
; c_cnt_prst11                         ; 1                      ; Signed Integer                                                             ;
; c_cnt_ph_mux_prst11                  ; 0                      ; Signed Integer                                                             ;
; c_cnt_hi_div12                       ; 1                      ; Signed Integer                                                             ;
; c_cnt_lo_div12                       ; 1                      ; Signed Integer                                                             ;
; c_cnt_bypass_en12                    ; false                  ; String                                                                     ;
; c_cnt_in_src12                       ; ph_mux_clk             ; String                                                                     ;
; c_cnt_odd_div_duty_en12              ; false                  ; String                                                                     ;
; c_cnt_prst12                         ; 1                      ; Signed Integer                                                             ;
; c_cnt_ph_mux_prst12                  ; 0                      ; Signed Integer                                                             ;
; c_cnt_hi_div13                       ; 1                      ; Signed Integer                                                             ;
; c_cnt_lo_div13                       ; 1                      ; Signed Integer                                                             ;
; c_cnt_bypass_en13                    ; false                  ; String                                                                     ;
; c_cnt_in_src13                       ; ph_mux_clk             ; String                                                                     ;
; c_cnt_odd_div_duty_en13              ; false                  ; String                                                                     ;
; c_cnt_prst13                         ; 1                      ; Signed Integer                                                             ;
; c_cnt_ph_mux_prst13                  ; 0                      ; Signed Integer                                                             ;
; c_cnt_hi_div14                       ; 1                      ; Signed Integer                                                             ;
; c_cnt_lo_div14                       ; 1                      ; Signed Integer                                                             ;
; c_cnt_bypass_en14                    ; false                  ; String                                                                     ;
; c_cnt_in_src14                       ; ph_mux_clk             ; String                                                                     ;
; c_cnt_odd_div_duty_en14              ; false                  ; String                                                                     ;
; c_cnt_prst14                         ; 1                      ; Signed Integer                                                             ;
; c_cnt_ph_mux_prst14                  ; 0                      ; Signed Integer                                                             ;
; c_cnt_hi_div15                       ; 1                      ; Signed Integer                                                             ;
; c_cnt_lo_div15                       ; 1                      ; Signed Integer                                                             ;
; c_cnt_bypass_en15                    ; false                  ; String                                                                     ;
; c_cnt_in_src15                       ; ph_mux_clk             ; String                                                                     ;
; c_cnt_odd_div_duty_en15              ; false                  ; String                                                                     ;
; c_cnt_prst15                         ; 1                      ; Signed Integer                                                             ;
; c_cnt_ph_mux_prst15                  ; 0                      ; Signed Integer                                                             ;
; c_cnt_hi_div16                       ; 1                      ; Signed Integer                                                             ;
; c_cnt_lo_div16                       ; 1                      ; Signed Integer                                                             ;
; c_cnt_bypass_en16                    ; false                  ; String                                                                     ;
; c_cnt_in_src16                       ; ph_mux_clk             ; String                                                                     ;
; c_cnt_odd_div_duty_en16              ; false                  ; String                                                                     ;
; c_cnt_prst16                         ; 1                      ; Signed Integer                                                             ;
; c_cnt_ph_mux_prst16                  ; 0                      ; Signed Integer                                                             ;
; c_cnt_hi_div17                       ; 1                      ; Signed Integer                                                             ;
; c_cnt_lo_div17                       ; 1                      ; Signed Integer                                                             ;
; c_cnt_bypass_en17                    ; false                  ; String                                                                     ;
; c_cnt_in_src17                       ; ph_mux_clk             ; String                                                                     ;
; c_cnt_odd_div_duty_en17              ; false                  ; String                                                                     ;
; c_cnt_prst17                         ; 1                      ; Signed Integer                                                             ;
; c_cnt_ph_mux_prst17                  ; 0                      ; Signed Integer                                                             ;
; pll_vco_div                          ; 1                      ; Signed Integer                                                             ;
; pll_slf_rst                          ; false                  ; String                                                                     ;
; pll_bw_sel                           ; low                    ; String                                                                     ;
; pll_output_clk_frequency             ; 0 MHz                  ; String                                                                     ;
; pll_cp_current                       ; 0                      ; Signed Integer                                                             ;
; pll_bwctrl                           ; 0                      ; Signed Integer                                                             ;
; pll_fractional_division              ; 1                      ; Signed Integer                                                             ;
; pll_fractional_cout                  ; 24                     ; Signed Integer                                                             ;
; pll_dsm_out_sel                      ; 1st_order              ; String                                                                     ;
; mimic_fbclk_type                     ; gclk                   ; String                                                                     ;
; pll_fbclk_mux_1                      ; glb                    ; String                                                                     ;
; pll_fbclk_mux_2                      ; fb_1                   ; String                                                                     ;
; pll_m_cnt_in_src                     ; ph_mux_clk             ; String                                                                     ;
; pll_vcoph_div                        ; 1                      ; Signed Integer                                                             ;
; refclk1_frequency                    ; 0 MHz                  ; String                                                                     ;
; pll_clkin_0_src                      ; clk_0                  ; String                                                                     ;
; pll_clkin_1_src                      ; clk_0                  ; String                                                                     ;
; pll_clk_loss_sw_en                   ; false                  ; String                                                                     ;
; pll_auto_clk_sw_en                   ; false                  ; String                                                                     ;
; pll_manu_clk_sw_en                   ; false                  ; String                                                                     ;
; pll_clk_sw_dly                       ; 0                      ; Signed Integer                                                             ;
; pll_extclk_0_cnt_src                 ; pll_extclk_cnt_src_vss ; String                                                                     ;
; pll_extclk_1_cnt_src                 ; pll_extclk_cnt_src_vss ; String                                                                     ;
+--------------------------------------+------------------------+----------------------------------------------------------------------------+
Note: In order to hide this table in the UI and the text report file, please set the "Show Parameter Settings in Synthesis Report" option in "Analysis and Synthesis Settings -> More Settings" to "Off".


+-------------------------------------------------------------------------------------------------------------+
; Parameter Settings for User Entity Instance: VGA:IMAGE_CONTROL|image_sync:SYNC_BLOCK|contador_uni:H_COUNTER ;
+----------------+-------+------------------------------------------------------------------------------------+
; Parameter Name ; Value ; Type                                                                               ;
+----------------+-------+------------------------------------------------------------------------------------+
; n              ; 11    ; Signed Integer                                                                     ;
+----------------+-------+------------------------------------------------------------------------------------+
Note: In order to hide this table in the UI and the text report file, please set the "Show Parameter Settings in Synthesis Report" option in "Analysis and Synthesis Settings -> More Settings" to "Off".


+-------------------------------------------------------------------------------------------------------------+
; Parameter Settings for User Entity Instance: VGA:IMAGE_CONTROL|image_sync:SYNC_BLOCK|contador_uni:V_COUNTER ;
+----------------+-------+------------------------------------------------------------------------------------+
; Parameter Name ; Value ; Type                                                                               ;
+----------------+-------+------------------------------------------------------------------------------------+
; n              ; 11    ; Signed Integer                                                                     ;
+----------------+-------+------------------------------------------------------------------------------------+
Note: In order to hide this table in the UI and the text report file, please set the "Show Parameter Settings in Synthesis Report" option in "Analysis and Synthesis Settings -> More Settings" to "Off".


+---------------------------------------------------------------------------------------------------------------------------------------------------------------------+
; Parameter Settings for User Entity Instance: VGA:IMAGE_CONTROL|pixel_generate:COLOR_BLOCK|pokemon_sel:PK_SEL|LEAFEON_ROM:LEAFEON_SP|altsyncram:altsyncram_component ;
+------------------------------------+----------------------------+---------------------------------------------------------------------------------------------------+
; Parameter Name                     ; Value                      ; Type                                                                                              ;
+------------------------------------+----------------------------+---------------------------------------------------------------------------------------------------+
; BYTE_SIZE_BLOCK                    ; 8                          ; Untyped                                                                                           ;
; AUTO_CARRY_CHAINS                  ; ON                         ; AUTO_CARRY                                                                                        ;
; IGNORE_CARRY_BUFFERS               ; OFF                        ; IGNORE_CARRY                                                                                      ;
; AUTO_CASCADE_CHAINS                ; ON                         ; AUTO_CASCADE                                                                                      ;
; IGNORE_CASCADE_BUFFERS             ; OFF                        ; IGNORE_CASCADE                                                                                    ;
; WIDTH_BYTEENA                      ; 1                          ; Untyped                                                                                           ;
; OPERATION_MODE                     ; BIDIR_DUAL_PORT            ; Untyped                                                                                           ;
; WIDTH_A                            ; 16                         ; Signed Integer                                                                                    ;
; WIDTHAD_A                          ; 12                         ; Signed Integer                                                                                    ;
; NUMWORDS_A                         ; 4096                       ; Signed Integer                                                                                    ;
; OUTDATA_REG_A                      ; CLOCK0                     ; Untyped                                                                                           ;
; ADDRESS_ACLR_A                     ; NONE                       ; Untyped                                                                                           ;
; OUTDATA_ACLR_A                     ; NONE                       ; Untyped                                                                                           ;
; WRCONTROL_ACLR_A                   ; NONE                       ; Untyped                                                                                           ;
; INDATA_ACLR_A                      ; NONE                       ; Untyped                                                                                           ;
; BYTEENA_ACLR_A                     ; NONE                       ; Untyped                                                                                           ;
; WIDTH_B                            ; 16                         ; Signed Integer                                                                                    ;
; WIDTHAD_B                          ; 12                         ; Signed Integer                                                                                    ;
; NUMWORDS_B                         ; 4096                       ; Signed Integer                                                                                    ;
; INDATA_REG_B                       ; CLOCK0                     ; Untyped                                                                                           ;
; WRCONTROL_WRADDRESS_REG_B          ; CLOCK0                     ; Untyped                                                                                           ;
; RDCONTROL_REG_B                    ; CLOCK1                     ; Untyped                                                                                           ;
; ADDRESS_REG_B                      ; CLOCK0                     ; Untyped                                                                                           ;
; OUTDATA_REG_B                      ; CLOCK0                     ; Untyped                                                                                           ;
; BYTEENA_REG_B                      ; CLOCK1                     ; Untyped                                                                                           ;
; INDATA_ACLR_B                      ; NONE                       ; Untyped                                                                                           ;
; WRCONTROL_ACLR_B                   ; NONE                       ; Untyped                                                                                           ;
; ADDRESS_ACLR_B                     ; NONE                       ; Untyped                                                                                           ;
; OUTDATA_ACLR_B                     ; NONE                       ; Untyped                                                                                           ;
; RDCONTROL_ACLR_B                   ; NONE                       ; Untyped                                                                                           ;
; BYTEENA_ACLR_B                     ; NONE                       ; Untyped                                                                                           ;
; WIDTH_BYTEENA_A                    ; 1                          ; Signed Integer                                                                                    ;
; WIDTH_BYTEENA_B                    ; 1                          ; Signed Integer                                                                                    ;
; RAM_BLOCK_TYPE                     ; AUTO                       ; Untyped                                                                                           ;
; BYTE_SIZE                          ; 8                          ; Signed Integer                                                                                    ;
; READ_DURING_WRITE_MODE_MIXED_PORTS ; DONT_CARE                  ; Untyped                                                                                           ;
; READ_DURING_WRITE_MODE_PORT_A      ; NEW_DATA_NO_NBE_READ       ; Untyped                                                                                           ;
; READ_DURING_WRITE_MODE_PORT_B      ; NEW_DATA_NO_NBE_READ       ; Untyped                                                                                           ;
; INIT_FILE                          ; ../sprite_mifs/leafeon.mif ; Untyped                                                                                           ;
; INIT_FILE_LAYOUT                   ; PORT_A                     ; Untyped                                                                                           ;
; MAXIMUM_DEPTH                      ; 0                          ; Signed Integer                                                                                    ;
; CLOCK_ENABLE_INPUT_A               ; BYPASS                     ; Untyped                                                                                           ;
; CLOCK_ENABLE_INPUT_B               ; BYPASS                     ; Untyped                                                                                           ;
; CLOCK_ENABLE_OUTPUT_A              ; BYPASS                     ; Untyped                                                                                           ;
; CLOCK_ENABLE_OUTPUT_B              ; BYPASS                     ; Untyped                                                                                           ;
; CLOCK_ENABLE_CORE_A                ; USE_INPUT_CLKEN            ; Untyped                                                                                           ;
; CLOCK_ENABLE_CORE_B                ; USE_INPUT_CLKEN            ; Untyped                                                                                           ;
; ENABLE_ECC                         ; FALSE                      ; Untyped                                                                                           ;
; ECC_PIPELINE_STAGE_ENABLED         ; FALSE                      ; Untyped                                                                                           ;
; WIDTH_ECCSTATUS                    ; 3                          ; Signed Integer                                                                                    ;
; DEVICE_FAMILY                      ; Cyclone V                  ; Untyped                                                                                           ;
; CBXI_PARAMETER                     ; altsyncram_5224            ; Untyped                                                                                           ;
+------------------------------------+----------------------------+---------------------------------------------------------------------------------------------------+
Note: In order to hide this table in the UI and the text report file, please set the "Show Parameter Settings in Synthesis Report" option in "Analysis and Synthesis Settings -> More Settings" to "Off".


+---------------------------------------------------------------------------------------------------------------------------------------------------------------------+
; Parameter Settings for User Entity Instance: VGA:IMAGE_CONTROL|pixel_generate:COLOR_BLOCK|pokemon_sel:PK_SEL|ZERAORA_ROM:ZERAORA_SP|altsyncram:altsyncram_component ;
+------------------------------------+----------------------------+---------------------------------------------------------------------------------------------------+
; Parameter Name                     ; Value                      ; Type                                                                                              ;
+------------------------------------+----------------------------+---------------------------------------------------------------------------------------------------+
; BYTE_SIZE_BLOCK                    ; 8                          ; Untyped                                                                                           ;
; AUTO_CARRY_CHAINS                  ; ON                         ; AUTO_CARRY                                                                                        ;
; IGNORE_CARRY_BUFFERS               ; OFF                        ; IGNORE_CARRY                                                                                      ;
; AUTO_CASCADE_CHAINS                ; ON                         ; AUTO_CASCADE                                                                                      ;
; IGNORE_CASCADE_BUFFERS             ; OFF                        ; IGNORE_CASCADE                                                                                    ;
; WIDTH_BYTEENA                      ; 1                          ; Untyped                                                                                           ;
; OPERATION_MODE                     ; BIDIR_DUAL_PORT            ; Untyped                                                                                           ;
; WIDTH_A                            ; 16                         ; Signed Integer                                                                                    ;
; WIDTHAD_A                          ; 12                         ; Signed Integer                                                                                    ;
; NUMWORDS_A                         ; 4096                       ; Signed Integer                                                                                    ;
; OUTDATA_REG_A                      ; CLOCK0                     ; Untyped                                                                                           ;
; ADDRESS_ACLR_A                     ; NONE                       ; Untyped                                                                                           ;
; OUTDATA_ACLR_A                     ; NONE                       ; Untyped                                                                                           ;
; WRCONTROL_ACLR_A                   ; NONE                       ; Untyped                                                                                           ;
; INDATA_ACLR_A                      ; NONE                       ; Untyped                                                                                           ;
; BYTEENA_ACLR_A                     ; NONE                       ; Untyped                                                                                           ;
; WIDTH_B                            ; 16                         ; Signed Integer                                                                                    ;
; WIDTHAD_B                          ; 12                         ; Signed Integer                                                                                    ;
; NUMWORDS_B                         ; 4096                       ; Signed Integer                                                                                    ;
; INDATA_REG_B                       ; CLOCK0                     ; Untyped                                                                                           ;
; WRCONTROL_WRADDRESS_REG_B          ; CLOCK0                     ; Untyped                                                                                           ;
; RDCONTROL_REG_B                    ; CLOCK1                     ; Untyped                                                                                           ;
; ADDRESS_REG_B                      ; CLOCK0                     ; Untyped                                                                                           ;
; OUTDATA_REG_B                      ; CLOCK0                     ; Untyped                                                                                           ;
; BYTEENA_REG_B                      ; CLOCK1                     ; Untyped                                                                                           ;
; INDATA_ACLR_B                      ; NONE                       ; Untyped                                                                                           ;
; WRCONTROL_ACLR_B                   ; NONE                       ; Untyped                                                                                           ;
; ADDRESS_ACLR_B                     ; NONE                       ; Untyped                                                                                           ;
; OUTDATA_ACLR_B                     ; NONE                       ; Untyped                                                                                           ;
; RDCONTROL_ACLR_B                   ; NONE                       ; Untyped                                                                                           ;
; BYTEENA_ACLR_B                     ; NONE                       ; Untyped                                                                                           ;
; WIDTH_BYTEENA_A                    ; 1                          ; Signed Integer                                                                                    ;
; WIDTH_BYTEENA_B                    ; 1                          ; Signed Integer                                                                                    ;
; RAM_BLOCK_TYPE                     ; AUTO                       ; Untyped                                                                                           ;
; BYTE_SIZE                          ; 8                          ; Signed Integer                                                                                    ;
; READ_DURING_WRITE_MODE_MIXED_PORTS ; DONT_CARE                  ; Untyped                                                                                           ;
; READ_DURING_WRITE_MODE_PORT_A      ; NEW_DATA_NO_NBE_READ       ; Untyped                                                                                           ;
; READ_DURING_WRITE_MODE_PORT_B      ; NEW_DATA_NO_NBE_READ       ; Untyped                                                                                           ;
; INIT_FILE                          ; ../sprite_mifs/zeraora.mif ; Untyped                                                                                           ;
; INIT_FILE_LAYOUT                   ; PORT_A                     ; Untyped                                                                                           ;
; MAXIMUM_DEPTH                      ; 0                          ; Signed Integer                                                                                    ;
; CLOCK_ENABLE_INPUT_A               ; BYPASS                     ; Untyped                                                                                           ;
; CLOCK_ENABLE_INPUT_B               ; BYPASS                     ; Untyped                                                                                           ;
; CLOCK_ENABLE_OUTPUT_A              ; BYPASS                     ; Untyped                                                                                           ;
; CLOCK_ENABLE_OUTPUT_B              ; BYPASS                     ; Untyped                                                                                           ;
; CLOCK_ENABLE_CORE_A                ; USE_INPUT_CLKEN            ; Untyped                                                                                           ;
; CLOCK_ENABLE_CORE_B                ; USE_INPUT_CLKEN            ; Untyped                                                                                           ;
; ENABLE_ECC                         ; FALSE                      ; Untyped                                                                                           ;
; ECC_PIPELINE_STAGE_ENABLED         ; FALSE                      ; Untyped                                                                                           ;
; WIDTH_ECCSTATUS                    ; 3                          ; Signed Integer                                                                                    ;
; DEVICE_FAMILY                      ; Cyclone V                  ; Untyped                                                                                           ;
; CBXI_PARAMETER                     ; altsyncram_v224            ; Untyped                                                                                           ;
+------------------------------------+----------------------------+---------------------------------------------------------------------------------------------------+
Note: In order to hide this table in the UI and the text report file, please set the "Show Parameter Settings in Synthesis Report" option in "Analysis and Synthesis Settings -> More Settings" to "Off".


+-----------------------------------------------------------------------------------------------------------------------------------------------------------------------+
; Parameter Settings for User Entity Instance: VGA:IMAGE_CONTROL|pixel_generate:COLOR_BLOCK|pokemon_sel:PK_SEL|VAPOREON_ROM:VAPOREON_SP|altsyncram:altsyncram_component ;
+------------------------------------+-----------------------------+----------------------------------------------------------------------------------------------------+
; Parameter Name                     ; Value                       ; Type                                                                                               ;
+------------------------------------+-----------------------------+----------------------------------------------------------------------------------------------------+
; BYTE_SIZE_BLOCK                    ; 8                           ; Untyped                                                                                            ;
; AUTO_CARRY_CHAINS                  ; ON                          ; AUTO_CARRY                                                                                         ;
; IGNORE_CARRY_BUFFERS               ; OFF                         ; IGNORE_CARRY                                                                                       ;
; AUTO_CASCADE_CHAINS                ; ON                          ; AUTO_CASCADE                                                                                       ;
; IGNORE_CASCADE_BUFFERS             ; OFF                         ; IGNORE_CASCADE                                                                                     ;
; WIDTH_BYTEENA                      ; 1                           ; Untyped                                                                                            ;
; OPERATION_MODE                     ; BIDIR_DUAL_PORT             ; Untyped                                                                                            ;
; WIDTH_A                            ; 16                          ; Signed Integer                                                                                     ;
; WIDTHAD_A                          ; 12                          ; Signed Integer                                                                                     ;
; NUMWORDS_A                         ; 4096                        ; Signed Integer                                                                                     ;
; OUTDATA_REG_A                      ; CLOCK0                      ; Untyped                                                                                            ;
; ADDRESS_ACLR_A                     ; NONE                        ; Untyped                                                                                            ;
; OUTDATA_ACLR_A                     ; NONE                        ; Untyped                                                                                            ;
; WRCONTROL_ACLR_A                   ; NONE                        ; Untyped                                                                                            ;
; INDATA_ACLR_A                      ; NONE                        ; Untyped                                                                                            ;
; BYTEENA_ACLR_A                     ; NONE                        ; Untyped                                                                                            ;
; WIDTH_B                            ; 16                          ; Signed Integer                                                                                     ;
; WIDTHAD_B                          ; 12                          ; Signed Integer                                                                                     ;
; NUMWORDS_B                         ; 4096                        ; Signed Integer                                                                                     ;
; INDATA_REG_B                       ; CLOCK0                      ; Untyped                                                                                            ;
; WRCONTROL_WRADDRESS_REG_B          ; CLOCK0                      ; Untyped                                                                                            ;
; RDCONTROL_REG_B                    ; CLOCK1                      ; Untyped                                                                                            ;
; ADDRESS_REG_B                      ; CLOCK0                      ; Untyped                                                                                            ;
; OUTDATA_REG_B                      ; CLOCK0                      ; Untyped                                                                                            ;
; BYTEENA_REG_B                      ; CLOCK1                      ; Untyped                                                                                            ;
; INDATA_ACLR_B                      ; NONE                        ; Untyped                                                                                            ;
; WRCONTROL_ACLR_B                   ; NONE                        ; Untyped                                                                                            ;
; ADDRESS_ACLR_B                     ; NONE                        ; Untyped                                                                                            ;
; OUTDATA_ACLR_B                     ; NONE                        ; Untyped                                                                                            ;
; RDCONTROL_ACLR_B                   ; NONE                        ; Untyped                                                                                            ;
; BYTEENA_ACLR_B                     ; NONE                        ; Untyped                                                                                            ;
; WIDTH_BYTEENA_A                    ; 1                           ; Signed Integer                                                                                     ;
; WIDTH_BYTEENA_B                    ; 1                           ; Signed Integer                                                                                     ;
; RAM_BLOCK_TYPE                     ; AUTO                        ; Untyped                                                                                            ;
; BYTE_SIZE                          ; 8                           ; Signed Integer                                                                                     ;
; READ_DURING_WRITE_MODE_MIXED_PORTS ; DONT_CARE                   ; Untyped                                                                                            ;
; READ_DURING_WRITE_MODE_PORT_A      ; NEW_DATA_NO_NBE_READ        ; Untyped                                                                                            ;
; READ_DURING_WRITE_MODE_PORT_B      ; NEW_DATA_NO_NBE_READ        ; Untyped                                                                                            ;
; INIT_FILE                          ; ../sprite_mifs/vaporeon.mif ; Untyped                                                                                            ;
; INIT_FILE_LAYOUT                   ; PORT_A                      ; Untyped                                                                                            ;
; MAXIMUM_DEPTH                      ; 0                           ; Signed Integer                                                                                     ;
; CLOCK_ENABLE_INPUT_A               ; BYPASS                      ; Untyped                                                                                            ;
; CLOCK_ENABLE_INPUT_B               ; BYPASS                      ; Untyped                                                                                            ;
; CLOCK_ENABLE_OUTPUT_A              ; BYPASS                      ; Untyped                                                                                            ;
; CLOCK_ENABLE_OUTPUT_B              ; BYPASS                      ; Untyped                                                                                            ;
; CLOCK_ENABLE_CORE_A                ; USE_INPUT_CLKEN             ; Untyped                                                                                            ;
; CLOCK_ENABLE_CORE_B                ; USE_INPUT_CLKEN             ; Untyped                                                                                            ;
; ENABLE_ECC                         ; FALSE                       ; Untyped                                                                                            ;
; ECC_PIPELINE_STAGE_ENABLED         ; FALSE                       ; Untyped                                                                                            ;
; WIDTH_ECCSTATUS                    ; 3                           ; Signed Integer                                                                                     ;
; DEVICE_FAMILY                      ; Cyclone V                   ; Untyped                                                                                            ;
; CBXI_PARAMETER                     ; altsyncram_l624             ; Untyped                                                                                            ;
+------------------------------------+-----------------------------+----------------------------------------------------------------------------------------------------+
Note: In order to hide this table in the UI and the text report file, please set the "Show Parameter Settings in Synthesis Report" option in "Analysis and Synthesis Settings -> More Settings" to "Off".


+-------------------------------------------------------------------------------------------------------------------------------------------------------------------------+
; Parameter Settings for User Entity Instance: VGA:IMAGE_CONTROL|pixel_generate:COLOR_BLOCK|pokemon_sel:PK_SEL|SANDSLASH_ROM:SANDSLASH_SP|altsyncram:altsyncram_component ;
+------------------------------------+------------------------------+-----------------------------------------------------------------------------------------------------+
; Parameter Name                     ; Value                        ; Type                                                                                                ;
+------------------------------------+------------------------------+-----------------------------------------------------------------------------------------------------+
; BYTE_SIZE_BLOCK                    ; 8                            ; Untyped                                                                                             ;
; AUTO_CARRY_CHAINS                  ; ON                           ; AUTO_CARRY                                                                                          ;
; IGNORE_CARRY_BUFFERS               ; OFF                          ; IGNORE_CARRY                                                                                        ;
; AUTO_CASCADE_CHAINS                ; ON                           ; AUTO_CASCADE                                                                                        ;
; IGNORE_CASCADE_BUFFERS             ; OFF                          ; IGNORE_CASCADE                                                                                      ;
; WIDTH_BYTEENA                      ; 1                            ; Untyped                                                                                             ;
; OPERATION_MODE                     ; BIDIR_DUAL_PORT              ; Untyped                                                                                             ;
; WIDTH_A                            ; 16                           ; Signed Integer                                                                                      ;
; WIDTHAD_A                          ; 12                           ; Signed Integer                                                                                      ;
; NUMWORDS_A                         ; 4096                         ; Signed Integer                                                                                      ;
; OUTDATA_REG_A                      ; CLOCK0                       ; Untyped                                                                                             ;
; ADDRESS_ACLR_A                     ; NONE                         ; Untyped                                                                                             ;
; OUTDATA_ACLR_A                     ; NONE                         ; Untyped                                                                                             ;
; WRCONTROL_ACLR_A                   ; NONE                         ; Untyped                                                                                             ;
; INDATA_ACLR_A                      ; NONE                         ; Untyped                                                                                             ;
; BYTEENA_ACLR_A                     ; NONE                         ; Untyped                                                                                             ;
; WIDTH_B                            ; 16                           ; Signed Integer                                                                                      ;
; WIDTHAD_B                          ; 12                           ; Signed Integer                                                                                      ;
; NUMWORDS_B                         ; 4096                         ; Signed Integer                                                                                      ;
; INDATA_REG_B                       ; CLOCK0                       ; Untyped                                                                                             ;
; WRCONTROL_WRADDRESS_REG_B          ; CLOCK0                       ; Untyped                                                                                             ;
; RDCONTROL_REG_B                    ; CLOCK1                       ; Untyped                                                                                             ;
; ADDRESS_REG_B                      ; CLOCK0                       ; Untyped                                                                                             ;
; OUTDATA_REG_B                      ; CLOCK0                       ; Untyped                                                                                             ;
; BYTEENA_REG_B                      ; CLOCK1                       ; Untyped                                                                                             ;
; INDATA_ACLR_B                      ; NONE                         ; Untyped                                                                                             ;
; WRCONTROL_ACLR_B                   ; NONE                         ; Untyped                                                                                             ;
; ADDRESS_ACLR_B                     ; NONE                         ; Untyped                                                                                             ;
; OUTDATA_ACLR_B                     ; NONE                         ; Untyped                                                                                             ;
; RDCONTROL_ACLR_B                   ; NONE                         ; Untyped                                                                                             ;
; BYTEENA_ACLR_B                     ; NONE                         ; Untyped                                                                                             ;
; WIDTH_BYTEENA_A                    ; 1                            ; Signed Integer                                                                                      ;
; WIDTH_BYTEENA_B                    ; 1                            ; Signed Integer                                                                                      ;
; RAM_BLOCK_TYPE                     ; AUTO                         ; Untyped                                                                                             ;
; BYTE_SIZE                          ; 8                            ; Signed Integer                                                                                      ;
; READ_DURING_WRITE_MODE_MIXED_PORTS ; DONT_CARE                    ; Untyped                                                                                             ;
; READ_DURING_WRITE_MODE_PORT_A      ; NEW_DATA_NO_NBE_READ         ; Untyped                                                                                             ;
; READ_DURING_WRITE_MODE_PORT_B      ; NEW_DATA_NO_NBE_READ         ; Untyped                                                                                             ;
; INIT_FILE                          ; ../sprite_mifs/sandslash.mif ; Untyped                                                                                             ;
; INIT_FILE_LAYOUT                   ; PORT_A                       ; Untyped                                                                                             ;
; MAXIMUM_DEPTH                      ; 0                            ; Signed Integer                                                                                      ;
; CLOCK_ENABLE_INPUT_A               ; BYPASS                       ; Untyped                                                                                             ;
; CLOCK_ENABLE_INPUT_B               ; BYPASS                       ; Untyped                                                                                             ;
; CLOCK_ENABLE_OUTPUT_A              ; BYPASS                       ; Untyped                                                                                             ;
; CLOCK_ENABLE_OUTPUT_B              ; BYPASS                       ; Untyped                                                                                             ;
; CLOCK_ENABLE_CORE_A                ; USE_INPUT_CLKEN              ; Untyped                                                                                             ;
; CLOCK_ENABLE_CORE_B                ; USE_INPUT_CLKEN              ; Untyped                                                                                             ;
; ENABLE_ECC                         ; FALSE                        ; Untyped                                                                                             ;
; ECC_PIPELINE_STAGE_ENABLED         ; FALSE                        ; Untyped                                                                                             ;
; WIDTH_ECCSTATUS                    ; 3                            ; Signed Integer                                                                                      ;
; DEVICE_FAMILY                      ; Cyclone V                    ; Untyped                                                                                             ;
; CBXI_PARAMETER                     ; altsyncram_c924              ; Untyped                                                                                             ;
+------------------------------------+------------------------------+-----------------------------------------------------------------------------------------------------+
Note: In order to hide this table in the UI and the text report file, please set the "Show Parameter Settings in Synthesis Report" option in "Analysis and Synthesis Settings -> More Settings" to "Off".


+-------------------------------------------------------------------------------------------------------------------------------------------------------------------+
; Parameter Settings for User Entity Instance: VGA:IMAGE_CONTROL|pixel_generate:COLOR_BLOCK|pokemon_sel:PK_SEL|ODDISH_ROM:ODDISH_SP|altsyncram:altsyncram_component ;
+------------------------------------+---------------------------+--------------------------------------------------------------------------------------------------+
; Parameter Name                     ; Value                     ; Type                                                                                             ;
+------------------------------------+---------------------------+--------------------------------------------------------------------------------------------------+
; BYTE_SIZE_BLOCK                    ; 8                         ; Untyped                                                                                          ;
; AUTO_CARRY_CHAINS                  ; ON                        ; AUTO_CARRY                                                                                       ;
; IGNORE_CARRY_BUFFERS               ; OFF                       ; IGNORE_CARRY                                                                                     ;
; AUTO_CASCADE_CHAINS                ; ON                        ; AUTO_CASCADE                                                                                     ;
; IGNORE_CASCADE_BUFFERS             ; OFF                       ; IGNORE_CASCADE                                                                                   ;
; WIDTH_BYTEENA                      ; 1                         ; Untyped                                                                                          ;
; OPERATION_MODE                     ; BIDIR_DUAL_PORT           ; Untyped                                                                                          ;
; WIDTH_A                            ; 16                        ; Signed Integer                                                                                   ;
; WIDTHAD_A                          ; 12                        ; Signed Integer                                                                                   ;
; NUMWORDS_A                         ; 4096                      ; Signed Integer                                                                                   ;
; OUTDATA_REG_A                      ; CLOCK0                    ; Untyped                                                                                          ;
; ADDRESS_ACLR_A                     ; NONE                      ; Untyped                                                                                          ;
; OUTDATA_ACLR_A                     ; NONE                      ; Untyped                                                                                          ;
; WRCONTROL_ACLR_A                   ; NONE                      ; Untyped                                                                                          ;
; INDATA_ACLR_A                      ; NONE                      ; Untyped                                                                                          ;
; BYTEENA_ACLR_A                     ; NONE                      ; Untyped                                                                                          ;
; WIDTH_B                            ; 16                        ; Signed Integer                                                                                   ;
; WIDTHAD_B                          ; 12                        ; Signed Integer                                                                                   ;
; NUMWORDS_B                         ; 4096                      ; Signed Integer                                                                                   ;
; INDATA_REG_B                       ; CLOCK0                    ; Untyped                                                                                          ;
; WRCONTROL_WRADDRESS_REG_B          ; CLOCK0                    ; Untyped                                                                                          ;
; RDCONTROL_REG_B                    ; CLOCK1                    ; Untyped                                                                                          ;
; ADDRESS_REG_B                      ; CLOCK0                    ; Untyped                                                                                          ;
; OUTDATA_REG_B                      ; CLOCK0                    ; Untyped                                                                                          ;
; BYTEENA_REG_B                      ; CLOCK1                    ; Untyped                                                                                          ;
; INDATA_ACLR_B                      ; NONE                      ; Untyped                                                                                          ;
; WRCONTROL_ACLR_B                   ; NONE                      ; Untyped                                                                                          ;
; ADDRESS_ACLR_B                     ; NONE                      ; Untyped                                                                                          ;
; OUTDATA_ACLR_B                     ; NONE                      ; Untyped                                                                                          ;
; RDCONTROL_ACLR_B                   ; NONE                      ; Untyped                                                                                          ;
; BYTEENA_ACLR_B                     ; NONE                      ; Untyped                                                                                          ;
; WIDTH_BYTEENA_A                    ; 1                         ; Signed Integer                                                                                   ;
; WIDTH_BYTEENA_B                    ; 1                         ; Signed Integer                                                                                   ;
; RAM_BLOCK_TYPE                     ; AUTO                      ; Untyped                                                                                          ;
; BYTE_SIZE                          ; 8                         ; Signed Integer                                                                                   ;
; READ_DURING_WRITE_MODE_MIXED_PORTS ; DONT_CARE                 ; Untyped                                                                                          ;
; READ_DURING_WRITE_MODE_PORT_A      ; NEW_DATA_NO_NBE_READ      ; Untyped                                                                                          ;
; READ_DURING_WRITE_MODE_PORT_B      ; NEW_DATA_NO_NBE_READ      ; Untyped                                                                                          ;
; INIT_FILE                          ; ../sprite_mifs/oddish.mif ; Untyped                                                                                          ;
; INIT_FILE_LAYOUT                   ; PORT_A                    ; Untyped                                                                                          ;
; MAXIMUM_DEPTH                      ; 0                         ; Signed Integer                                                                                   ;
; CLOCK_ENABLE_INPUT_A               ; BYPASS                    ; Untyped                                                                                          ;
; CLOCK_ENABLE_INPUT_B               ; BYPASS                    ; Untyped                                                                                          ;
; CLOCK_ENABLE_OUTPUT_A              ; BYPASS                    ; Untyped                                                                                          ;
; CLOCK_ENABLE_OUTPUT_B              ; BYPASS                    ; Untyped                                                                                          ;
; CLOCK_ENABLE_CORE_A                ; USE_INPUT_CLKEN           ; Untyped                                                                                          ;
; CLOCK_ENABLE_CORE_B                ; USE_INPUT_CLKEN           ; Untyped                                                                                          ;
; ENABLE_ECC                         ; FALSE                     ; Untyped                                                                                          ;
; ECC_PIPELINE_STAGE_ENABLED         ; FALSE                     ; Untyped                                                                                          ;
; WIDTH_ECCSTATUS                    ; 3                         ; Signed Integer                                                                                   ;
; DEVICE_FAMILY                      ; Cyclone V                 ; Untyped                                                                                          ;
; CBXI_PARAMETER                     ; altsyncram_6v14           ; Untyped                                                                                          ;
+------------------------------------+---------------------------+--------------------------------------------------------------------------------------------------+
Note: In order to hide this table in the UI and the text report file, please set the "Show Parameter Settings in Synthesis Report" option in "Analysis and Synthesis Settings -> More Settings" to "Off".


+-------------------------------------------------------------------------------------------------------------------------------------------------------------------+
; Parameter Settings for User Entity Instance: VGA:IMAGE_CONTROL|pixel_generate:COLOR_BLOCK|pokemon_sel:PK_SEL|LAPRAS_ROM:LAPRAS_SP|altsyncram:altsyncram_component ;
+------------------------------------+---------------------------+--------------------------------------------------------------------------------------------------+
; Parameter Name                     ; Value                     ; Type                                                                                             ;
+------------------------------------+---------------------------+--------------------------------------------------------------------------------------------------+
; BYTE_SIZE_BLOCK                    ; 8                         ; Untyped                                                                                          ;
; AUTO_CARRY_CHAINS                  ; ON                        ; AUTO_CARRY                                                                                       ;
; IGNORE_CARRY_BUFFERS               ; OFF                       ; IGNORE_CARRY                                                                                     ;
; AUTO_CASCADE_CHAINS                ; ON                        ; AUTO_CASCADE                                                                                     ;
; IGNORE_CASCADE_BUFFERS             ; OFF                       ; IGNORE_CASCADE                                                                                   ;
; WIDTH_BYTEENA                      ; 1                         ; Untyped                                                                                          ;
; OPERATION_MODE                     ; BIDIR_DUAL_PORT           ; Untyped                                                                                          ;
; WIDTH_A                            ; 16                        ; Signed Integer                                                                                   ;
; WIDTHAD_A                          ; 12                        ; Signed Integer                                                                                   ;
; NUMWORDS_A                         ; 4096                      ; Signed Integer                                                                                   ;
; OUTDATA_REG_A                      ; CLOCK0                    ; Untyped                                                                                          ;
; ADDRESS_ACLR_A                     ; NONE                      ; Untyped                                                                                          ;
; OUTDATA_ACLR_A                     ; NONE                      ; Untyped                                                                                          ;
; WRCONTROL_ACLR_A                   ; NONE                      ; Untyped                                                                                          ;
; INDATA_ACLR_A                      ; NONE                      ; Untyped                                                                                          ;
; BYTEENA_ACLR_A                     ; NONE                      ; Untyped                                                                                          ;
; WIDTH_B                            ; 16                        ; Signed Integer                                                                                   ;
; WIDTHAD_B                          ; 12                        ; Signed Integer                                                                                   ;
; NUMWORDS_B                         ; 4096                      ; Signed Integer                                                                                   ;
; INDATA_REG_B                       ; CLOCK0                    ; Untyped                                                                                          ;
; WRCONTROL_WRADDRESS_REG_B          ; CLOCK0                    ; Untyped                                                                                          ;
; RDCONTROL_REG_B                    ; CLOCK1                    ; Untyped                                                                                          ;
; ADDRESS_REG_B                      ; CLOCK0                    ; Untyped                                                                                          ;
; OUTDATA_REG_B                      ; CLOCK0                    ; Untyped                                                                                          ;
; BYTEENA_REG_B                      ; CLOCK1                    ; Untyped                                                                                          ;
; INDATA_ACLR_B                      ; NONE                      ; Untyped                                                                                          ;
; WRCONTROL_ACLR_B                   ; NONE                      ; Untyped                                                                                          ;
; ADDRESS_ACLR_B                     ; NONE                      ; Untyped                                                                                          ;
; OUTDATA_ACLR_B                     ; NONE                      ; Untyped                                                                                          ;
; RDCONTROL_ACLR_B                   ; NONE                      ; Untyped                                                                                          ;
; BYTEENA_ACLR_B                     ; NONE                      ; Untyped                                                                                          ;
; WIDTH_BYTEENA_A                    ; 1                         ; Signed Integer                                                                                   ;
; WIDTH_BYTEENA_B                    ; 1                         ; Signed Integer                                                                                   ;
; RAM_BLOCK_TYPE                     ; AUTO                      ; Untyped                                                                                          ;
; BYTE_SIZE                          ; 8                         ; Signed Integer                                                                                   ;
; READ_DURING_WRITE_MODE_MIXED_PORTS ; DONT_CARE                 ; Untyped                                                                                          ;
; READ_DURING_WRITE_MODE_PORT_A      ; NEW_DATA_NO_NBE_READ      ; Untyped                                                                                          ;
; READ_DURING_WRITE_MODE_PORT_B      ; NEW_DATA_NO_NBE_READ      ; Untyped                                                                                          ;
; INIT_FILE                          ; ../sprite_mifs/lapras.mif ; Untyped                                                                                          ;
; INIT_FILE_LAYOUT                   ; PORT_A                    ; Untyped                                                                                          ;
; MAXIMUM_DEPTH                      ; 0                         ; Signed Integer                                                                                   ;
; CLOCK_ENABLE_INPUT_A               ; BYPASS                    ; Untyped                                                                                          ;
; CLOCK_ENABLE_INPUT_B               ; BYPASS                    ; Untyped                                                                                          ;
; CLOCK_ENABLE_OUTPUT_A              ; BYPASS                    ; Untyped                                                                                          ;
; CLOCK_ENABLE_OUTPUT_B              ; BYPASS                    ; Untyped                                                                                          ;
; CLOCK_ENABLE_CORE_A                ; USE_INPUT_CLKEN           ; Untyped                                                                                          ;
; CLOCK_ENABLE_CORE_B                ; USE_INPUT_CLKEN           ; Untyped                                                                                          ;
; ENABLE_ECC                         ; FALSE                     ; Untyped                                                                                          ;
; ECC_PIPELINE_STAGE_ENABLED         ; FALSE                     ; Untyped                                                                                          ;
; WIDTH_ECCSTATUS                    ; 3                         ; Signed Integer                                                                                   ;
; DEVICE_FAMILY                      ; Cyclone V                 ; Untyped                                                                                          ;
; CBXI_PARAMETER                     ; altsyncram_ev14           ; Untyped                                                                                          ;
+------------------------------------+---------------------------+--------------------------------------------------------------------------------------------------+
Note: In order to hide this table in the UI and the text report file, please set the "Show Parameter Settings in Synthesis Report" option in "Analysis and Synthesis Settings -> More Settings" to "Off".


+---------------------------------------------------------------------------------------------------------------------------------------------------------------------+
; Parameter Settings for User Entity Instance: VGA:IMAGE_CONTROL|pixel_generate:COLOR_BLOCK|pokemon_sel:PK_SEL|JOLTEON_ROM:JOLTEON_SP|altsyncram:altsyncram_component ;
+------------------------------------+----------------------------+---------------------------------------------------------------------------------------------------+
; Parameter Name                     ; Value                      ; Type                                                                                              ;
+------------------------------------+----------------------------+---------------------------------------------------------------------------------------------------+
; BYTE_SIZE_BLOCK                    ; 8                          ; Untyped                                                                                           ;
; AUTO_CARRY_CHAINS                  ; ON                         ; AUTO_CARRY                                                                                        ;
; IGNORE_CARRY_BUFFERS               ; OFF                        ; IGNORE_CARRY                                                                                      ;
; AUTO_CASCADE_CHAINS                ; ON                         ; AUTO_CASCADE                                                                                      ;
; IGNORE_CASCADE_BUFFERS             ; OFF                        ; IGNORE_CASCADE                                                                                    ;
; WIDTH_BYTEENA                      ; 1                          ; Untyped                                                                                           ;
; OPERATION_MODE                     ; BIDIR_DUAL_PORT            ; Untyped                                                                                           ;
; WIDTH_A                            ; 16                         ; Signed Integer                                                                                    ;
; WIDTHAD_A                          ; 12                         ; Signed Integer                                                                                    ;
; NUMWORDS_A                         ; 4096                       ; Signed Integer                                                                                    ;
; OUTDATA_REG_A                      ; CLOCK0                     ; Untyped                                                                                           ;
; ADDRESS_ACLR_A                     ; NONE                       ; Untyped                                                                                           ;
; OUTDATA_ACLR_A                     ; NONE                       ; Untyped                                                                                           ;
; WRCONTROL_ACLR_A                   ; NONE                       ; Untyped                                                                                           ;
; INDATA_ACLR_A                      ; NONE                       ; Untyped                                                                                           ;
; BYTEENA_ACLR_A                     ; NONE                       ; Untyped                                                                                           ;
; WIDTH_B                            ; 16                         ; Signed Integer                                                                                    ;
; WIDTHAD_B                          ; 12                         ; Signed Integer                                                                                    ;
; NUMWORDS_B                         ; 4096                       ; Signed Integer                                                                                    ;
; INDATA_REG_B                       ; CLOCK0                     ; Untyped                                                                                           ;
; WRCONTROL_WRADDRESS_REG_B          ; CLOCK0                     ; Untyped                                                                                           ;
; RDCONTROL_REG_B                    ; CLOCK1                     ; Untyped                                                                                           ;
; ADDRESS_REG_B                      ; CLOCK0                     ; Untyped                                                                                           ;
; OUTDATA_REG_B                      ; CLOCK0                     ; Untyped                                                                                           ;
; BYTEENA_REG_B                      ; CLOCK1                     ; Untyped                                                                                           ;
; INDATA_ACLR_B                      ; NONE                       ; Untyped                                                                                           ;
; WRCONTROL_ACLR_B                   ; NONE                       ; Untyped                                                                                           ;
; ADDRESS_ACLR_B                     ; NONE                       ; Untyped                                                                                           ;
; OUTDATA_ACLR_B                     ; NONE                       ; Untyped                                                                                           ;
; RDCONTROL_ACLR_B                   ; NONE                       ; Untyped                                                                                           ;
; BYTEENA_ACLR_B                     ; NONE                       ; Untyped                                                                                           ;
; WIDTH_BYTEENA_A                    ; 1                          ; Signed Integer                                                                                    ;
; WIDTH_BYTEENA_B                    ; 1                          ; Signed Integer                                                                                    ;
; RAM_BLOCK_TYPE                     ; AUTO                       ; Untyped                                                                                           ;
; BYTE_SIZE                          ; 8                          ; Signed Integer                                                                                    ;
; READ_DURING_WRITE_MODE_MIXED_PORTS ; DONT_CARE                  ; Untyped                                                                                           ;
; READ_DURING_WRITE_MODE_PORT_A      ; NEW_DATA_NO_NBE_READ       ; Untyped                                                                                           ;
; READ_DURING_WRITE_MODE_PORT_B      ; NEW_DATA_NO_NBE_READ       ; Untyped                                                                                           ;
; INIT_FILE                          ; ../sprite_mifs/jolteon.mif ; Untyped                                                                                           ;
; INIT_FILE_LAYOUT                   ; PORT_A                     ; Untyped                                                                                           ;
; MAXIMUM_DEPTH                      ; 0                          ; Signed Integer                                                                                    ;
; CLOCK_ENABLE_INPUT_A               ; BYPASS                     ; Untyped                                                                                           ;
; CLOCK_ENABLE_INPUT_B               ; BYPASS                     ; Untyped                                                                                           ;
; CLOCK_ENABLE_OUTPUT_A              ; BYPASS                     ; Untyped                                                                                           ;
; CLOCK_ENABLE_OUTPUT_B              ; BYPASS                     ; Untyped                                                                                           ;
; CLOCK_ENABLE_CORE_A                ; USE_INPUT_CLKEN            ; Untyped                                                                                           ;
; CLOCK_ENABLE_CORE_B                ; USE_INPUT_CLKEN            ; Untyped                                                                                           ;
; ENABLE_ECC                         ; FALSE                      ; Untyped                                                                                           ;
; ECC_PIPELINE_STAGE_ENABLED         ; FALSE                      ; Untyped                                                                                           ;
; WIDTH_ECCSTATUS                    ; 3                          ; Signed Integer                                                                                    ;
; DEVICE_FAMILY                      ; Cyclone V                  ; Untyped                                                                                           ;
; CBXI_PARAMETER                     ; altsyncram_6324            ; Untyped                                                                                           ;
+------------------------------------+----------------------------+---------------------------------------------------------------------------------------------------+
Note: In order to hide this table in the UI and the text report file, please set the "Show Parameter Settings in Synthesis Report" option in "Analysis and Synthesis Settings -> More Settings" to "Off".


+-----------------------------------------------------------------------------------------------------------------------------------------------------------------------+
; Parameter Settings for User Entity Instance: VGA:IMAGE_CONTROL|pixel_generate:COLOR_BLOCK|pokemon_sel:PK_SEL|GARCHOMP_ROM:GARCHOMP_SP|altsyncram:altsyncram_component ;
+------------------------------------+-----------------------------+----------------------------------------------------------------------------------------------------+
; Parameter Name                     ; Value                       ; Type                                                                                               ;
+------------------------------------+-----------------------------+----------------------------------------------------------------------------------------------------+
; BYTE_SIZE_BLOCK                    ; 8                           ; Untyped                                                                                            ;
; AUTO_CARRY_CHAINS                  ; ON                          ; AUTO_CARRY                                                                                         ;
; IGNORE_CARRY_BUFFERS               ; OFF                         ; IGNORE_CARRY                                                                                       ;
; AUTO_CASCADE_CHAINS                ; ON                          ; AUTO_CASCADE                                                                                       ;
; IGNORE_CASCADE_BUFFERS             ; OFF                         ; IGNORE_CASCADE                                                                                     ;
; WIDTH_BYTEENA                      ; 1                           ; Untyped                                                                                            ;
; OPERATION_MODE                     ; BIDIR_DUAL_PORT             ; Untyped                                                                                            ;
; WIDTH_A                            ; 16                          ; Signed Integer                                                                                     ;
; WIDTHAD_A                          ; 12                          ; Signed Integer                                                                                     ;
; NUMWORDS_A                         ; 4096                        ; Signed Integer                                                                                     ;
; OUTDATA_REG_A                      ; CLOCK0                      ; Untyped                                                                                            ;
; ADDRESS_ACLR_A                     ; NONE                        ; Untyped                                                                                            ;
; OUTDATA_ACLR_A                     ; NONE                        ; Untyped                                                                                            ;
; WRCONTROL_ACLR_A                   ; NONE                        ; Untyped                                                                                            ;
; INDATA_ACLR_A                      ; NONE                        ; Untyped                                                                                            ;
; BYTEENA_ACLR_A                     ; NONE                        ; Untyped                                                                                            ;
; WIDTH_B                            ; 16                          ; Signed Integer                                                                                     ;
; WIDTHAD_B                          ; 12                          ; Signed Integer                                                                                     ;
; NUMWORDS_B                         ; 4096                        ; Signed Integer                                                                                     ;
; INDATA_REG_B                       ; CLOCK0                      ; Untyped                                                                                            ;
; WRCONTROL_WRADDRESS_REG_B          ; CLOCK0                      ; Untyped                                                                                            ;
; RDCONTROL_REG_B                    ; CLOCK1                      ; Untyped                                                                                            ;
; ADDRESS_REG_B                      ; CLOCK0                      ; Untyped                                                                                            ;
; OUTDATA_REG_B                      ; CLOCK0                      ; Untyped                                                                                            ;
; BYTEENA_REG_B                      ; CLOCK1                      ; Untyped                                                                                            ;
; INDATA_ACLR_B                      ; NONE                        ; Untyped                                                                                            ;
; WRCONTROL_ACLR_B                   ; NONE                        ; Untyped                                                                                            ;
; ADDRESS_ACLR_B                     ; NONE                        ; Untyped                                                                                            ;
; OUTDATA_ACLR_B                     ; NONE                        ; Untyped                                                                                            ;
; RDCONTROL_ACLR_B                   ; NONE                        ; Untyped                                                                                            ;
; BYTEENA_ACLR_B                     ; NONE                        ; Untyped                                                                                            ;
; WIDTH_BYTEENA_A                    ; 1                           ; Signed Integer                                                                                     ;
; WIDTH_BYTEENA_B                    ; 1                           ; Signed Integer                                                                                     ;
; RAM_BLOCK_TYPE                     ; AUTO                        ; Untyped                                                                                            ;
; BYTE_SIZE                          ; 8                           ; Signed Integer                                                                                     ;
; READ_DURING_WRITE_MODE_MIXED_PORTS ; DONT_CARE                   ; Untyped                                                                                            ;
; READ_DURING_WRITE_MODE_PORT_A      ; NEW_DATA_NO_NBE_READ        ; Untyped                                                                                            ;
; READ_DURING_WRITE_MODE_PORT_B      ; NEW_DATA_NO_NBE_READ        ; Untyped                                                                                            ;
; INIT_FILE                          ; ../sprite_mifs/garchomp.mif ; Untyped                                                                                            ;
; INIT_FILE_LAYOUT                   ; PORT_A                      ; Untyped                                                                                            ;
; MAXIMUM_DEPTH                      ; 0                           ; Signed Integer                                                                                     ;
; CLOCK_ENABLE_INPUT_A               ; BYPASS                      ; Untyped                                                                                            ;
; CLOCK_ENABLE_INPUT_B               ; BYPASS                      ; Untyped                                                                                            ;
; CLOCK_ENABLE_OUTPUT_A              ; BYPASS                      ; Untyped                                                                                            ;
; CLOCK_ENABLE_OUTPUT_B              ; BYPASS                      ; Untyped                                                                                            ;
; CLOCK_ENABLE_CORE_A                ; USE_INPUT_CLKEN             ; Untyped                                                                                            ;
; CLOCK_ENABLE_CORE_B                ; USE_INPUT_CLKEN             ; Untyped                                                                                            ;
; ENABLE_ECC                         ; FALSE                       ; Untyped                                                                                            ;
; ECC_PIPELINE_STAGE_ENABLED         ; FALSE                       ; Untyped                                                                                            ;
; WIDTH_ECCSTATUS                    ; 3                           ; Signed Integer                                                                                     ;
; DEVICE_FAMILY                      ; Cyclone V                   ; Untyped                                                                                            ;
; CBXI_PARAMETER                     ; altsyncram_s524             ; Untyped                                                                                            ;
+------------------------------------+-----------------------------+----------------------------------------------------------------------------------------------------+
Note: In order to hide this table in the UI and the text report file, please set the "Show Parameter Settings in Synthesis Report" option in "Analysis and Synthesis Settings -> More Settings" to "Off".


+---------------------------------------------------------------------------------------------------------------------------------------------------------------------+
; Parameter Settings for User Entity Instance: VGA:IMAGE_CONTROL|pixel_generate:COLOR_BLOCK|pokemon_sel:PK_SEL|FLAREON_ROM:FLAREON_SP|altsyncram:altsyncram_component ;
+------------------------------------+----------------------------+---------------------------------------------------------------------------------------------------+
; Parameter Name                     ; Value                      ; Type                                                                                              ;
+------------------------------------+----------------------------+---------------------------------------------------------------------------------------------------+
; BYTE_SIZE_BLOCK                    ; 8                          ; Untyped                                                                                           ;
; AUTO_CARRY_CHAINS                  ; ON                         ; AUTO_CARRY                                                                                        ;
; IGNORE_CARRY_BUFFERS               ; OFF                        ; IGNORE_CARRY                                                                                      ;
; AUTO_CASCADE_CHAINS                ; ON                         ; AUTO_CASCADE                                                                                      ;
; IGNORE_CASCADE_BUFFERS             ; OFF                        ; IGNORE_CASCADE                                                                                    ;
; WIDTH_BYTEENA                      ; 1                          ; Untyped                                                                                           ;
; OPERATION_MODE                     ; BIDIR_DUAL_PORT            ; Untyped                                                                                           ;
; WIDTH_A                            ; 16                         ; Signed Integer                                                                                    ;
; WIDTHAD_A                          ; 12                         ; Signed Integer                                                                                    ;
; NUMWORDS_A                         ; 4096                       ; Signed Integer                                                                                    ;
; OUTDATA_REG_A                      ; CLOCK0                     ; Untyped                                                                                           ;
; ADDRESS_ACLR_A                     ; NONE                       ; Untyped                                                                                           ;
; OUTDATA_ACLR_A                     ; NONE                       ; Untyped                                                                                           ;
; WRCONTROL_ACLR_A                   ; NONE                       ; Untyped                                                                                           ;
; INDATA_ACLR_A                      ; NONE                       ; Untyped                                                                                           ;
; BYTEENA_ACLR_A                     ; NONE                       ; Untyped                                                                                           ;
; WIDTH_B                            ; 16                         ; Signed Integer                                                                                    ;
; WIDTHAD_B                          ; 12                         ; Signed Integer                                                                                    ;
; NUMWORDS_B                         ; 4096                       ; Signed Integer                                                                                    ;
; INDATA_REG_B                       ; CLOCK0                     ; Untyped                                                                                           ;
; WRCONTROL_WRADDRESS_REG_B          ; CLOCK0                     ; Untyped                                                                                           ;
; RDCONTROL_REG_B                    ; CLOCK1                     ; Untyped                                                                                           ;
; ADDRESS_REG_B                      ; CLOCK0                     ; Untyped                                                                                           ;
; OUTDATA_REG_B                      ; CLOCK0                     ; Untyped                                                                                           ;
; BYTEENA_REG_B                      ; CLOCK1                     ; Untyped                                                                                           ;
; INDATA_ACLR_B                      ; NONE                       ; Untyped                                                                                           ;
; WRCONTROL_ACLR_B                   ; NONE                       ; Untyped                                                                                           ;
; ADDRESS_ACLR_B                     ; NONE                       ; Untyped                                                                                           ;
; OUTDATA_ACLR_B                     ; NONE                       ; Untyped                                                                                           ;
; RDCONTROL_ACLR_B                   ; NONE                       ; Untyped                                                                                           ;
; BYTEENA_ACLR_B                     ; NONE                       ; Untyped                                                                                           ;
; WIDTH_BYTEENA_A                    ; 1                          ; Signed Integer                                                                                    ;
; WIDTH_BYTEENA_B                    ; 1                          ; Signed Integer                                                                                    ;
; RAM_BLOCK_TYPE                     ; AUTO                       ; Untyped                                                                                           ;
; BYTE_SIZE                          ; 8                          ; Signed Integer                                                                                    ;
; READ_DURING_WRITE_MODE_MIXED_PORTS ; DONT_CARE                  ; Untyped                                                                                           ;
; READ_DURING_WRITE_MODE_PORT_A      ; NEW_DATA_NO_NBE_READ       ; Untyped                                                                                           ;
; READ_DURING_WRITE_MODE_PORT_B      ; NEW_DATA_NO_NBE_READ       ; Untyped                                                                                           ;
; INIT_FILE                          ; ../sprite_mifs/flareon.mif ; Untyped                                                                                           ;
; INIT_FILE_LAYOUT                   ; PORT_A                     ; Untyped                                                                                           ;
; MAXIMUM_DEPTH                      ; 0                          ; Signed Integer                                                                                    ;
; CLOCK_ENABLE_INPUT_A               ; BYPASS                     ; Untyped                                                                                           ;
; CLOCK_ENABLE_INPUT_B               ; BYPASS                     ; Untyped                                                                                           ;
; CLOCK_ENABLE_OUTPUT_A              ; BYPASS                     ; Untyped                                                                                           ;
; CLOCK_ENABLE_OUTPUT_B              ; BYPASS                     ; Untyped                                                                                           ;
; CLOCK_ENABLE_CORE_A                ; USE_INPUT_CLKEN            ; Untyped                                                                                           ;
; CLOCK_ENABLE_CORE_B                ; USE_INPUT_CLKEN            ; Untyped                                                                                           ;
; ENABLE_ECC                         ; FALSE                      ; Untyped                                                                                           ;
; ECC_PIPELINE_STAGE_ENABLED         ; FALSE                      ; Untyped                                                                                           ;
; WIDTH_ECCSTATUS                    ; 3                          ; Signed Integer                                                                                    ;
; DEVICE_FAMILY                      ; Cyclone V                  ; Untyped                                                                                           ;
; CBXI_PARAMETER                     ; altsyncram_i224            ; Untyped                                                                                           ;
+------------------------------------+----------------------------+---------------------------------------------------------------------------------------------------+
Note: In order to hide this table in the UI and the text report file, please set the "Show Parameter Settings in Synthesis Report" option in "Analysis and Synthesis Settings -> More Settings" to "Off".


+-------------------------------------------------------------------------------------------------------------------------------------------------------------------------+
; Parameter Settings for User Entity Instance: VGA:IMAGE_CONTROL|pixel_generate:COLOR_BLOCK|pokemon_sel:PK_SEL|CHARIZARD_ROM:CHARIZARD_SP|altsyncram:altsyncram_component ;
+------------------------------------+------------------------------+-----------------------------------------------------------------------------------------------------+
; Parameter Name                     ; Value                        ; Type                                                                                                ;
+------------------------------------+------------------------------+-----------------------------------------------------------------------------------------------------+
; BYTE_SIZE_BLOCK                    ; 8                            ; Untyped                                                                                             ;
; AUTO_CARRY_CHAINS                  ; ON                           ; AUTO_CARRY                                                                                          ;
; IGNORE_CARRY_BUFFERS               ; OFF                          ; IGNORE_CARRY                                                                                        ;
; AUTO_CASCADE_CHAINS                ; ON                           ; AUTO_CASCADE                                                                                        ;
; IGNORE_CASCADE_BUFFERS             ; OFF                          ; IGNORE_CASCADE                                                                                      ;
; WIDTH_BYTEENA                      ; 1                            ; Untyped                                                                                             ;
; OPERATION_MODE                     ; BIDIR_DUAL_PORT              ; Untyped                                                                                             ;
; WIDTH_A                            ; 16                           ; Signed Integer                                                                                      ;
; WIDTHAD_A                          ; 12                           ; Signed Integer                                                                                      ;
; NUMWORDS_A                         ; 4096                         ; Signed Integer                                                                                      ;
; OUTDATA_REG_A                      ; CLOCK0                       ; Untyped                                                                                             ;
; ADDRESS_ACLR_A                     ; NONE                         ; Untyped                                                                                             ;
; OUTDATA_ACLR_A                     ; NONE                         ; Untyped                                                                                             ;
; WRCONTROL_ACLR_A                   ; NONE                         ; Untyped                                                                                             ;
; INDATA_ACLR_A                      ; NONE                         ; Untyped                                                                                             ;
; BYTEENA_ACLR_A                     ; NONE                         ; Untyped                                                                                             ;
; WIDTH_B                            ; 16                           ; Signed Integer                                                                                      ;
; WIDTHAD_B                          ; 12                           ; Signed Integer                                                                                      ;
; NUMWORDS_B                         ; 4096                         ; Signed Integer                                                                                      ;
; INDATA_REG_B                       ; CLOCK0                       ; Untyped                                                                                             ;
; WRCONTROL_WRADDRESS_REG_B          ; CLOCK0                       ; Untyped                                                                                             ;
; RDCONTROL_REG_B                    ; CLOCK1                       ; Untyped                                                                                             ;
; ADDRESS_REG_B                      ; CLOCK0                       ; Untyped                                                                                             ;
; OUTDATA_REG_B                      ; CLOCK0                       ; Untyped                                                                                             ;
; BYTEENA_REG_B                      ; CLOCK1                       ; Untyped                                                                                             ;
; INDATA_ACLR_B                      ; NONE                         ; Untyped                                                                                             ;
; WRCONTROL_ACLR_B                   ; NONE                         ; Untyped                                                                                             ;
; ADDRESS_ACLR_B                     ; NONE                         ; Untyped                                                                                             ;
; OUTDATA_ACLR_B                     ; NONE                         ; Untyped                                                                                             ;
; RDCONTROL_ACLR_B                   ; NONE                         ; Untyped                                                                                             ;
; BYTEENA_ACLR_B                     ; NONE                         ; Untyped                                                                                             ;
; WIDTH_BYTEENA_A                    ; 1                            ; Signed Integer                                                                                      ;
; WIDTH_BYTEENA_B                    ; 1                            ; Signed Integer                                                                                      ;
; RAM_BLOCK_TYPE                     ; AUTO                         ; Untyped                                                                                             ;
; BYTE_SIZE                          ; 8                            ; Signed Integer                                                                                      ;
; READ_DURING_WRITE_MODE_MIXED_PORTS ; DONT_CARE                    ; Untyped                                                                                             ;
; READ_DURING_WRITE_MODE_PORT_A      ; NEW_DATA_NO_NBE_READ         ; Untyped                                                                                             ;
; READ_DURING_WRITE_MODE_PORT_B      ; NEW_DATA_NO_NBE_READ         ; Untyped                                                                                             ;
; INIT_FILE                          ; ../sprite_mifs/charizard.mif ; Untyped                                                                                             ;
; INIT_FILE_LAYOUT                   ; PORT_A                       ; Untyped                                                                                             ;
; MAXIMUM_DEPTH                      ; 0                            ; Signed Integer                                                                                      ;
; CLOCK_ENABLE_INPUT_A               ; BYPASS                       ; Untyped                                                                                             ;
; CLOCK_ENABLE_INPUT_B               ; BYPASS                       ; Untyped                                                                                             ;
; CLOCK_ENABLE_OUTPUT_A              ; BYPASS                       ; Untyped                                                                                             ;
; CLOCK_ENABLE_OUTPUT_B              ; BYPASS                       ; Untyped                                                                                             ;
; CLOCK_ENABLE_CORE_A                ; USE_INPUT_CLKEN              ; Untyped                                                                                             ;
; CLOCK_ENABLE_CORE_B                ; USE_INPUT_CLKEN              ; Untyped                                                                                             ;
; ENABLE_ECC                         ; FALSE                        ; Untyped                                                                                             ;
; ECC_PIPELINE_STAGE_ENABLED         ; FALSE                        ; Untyped                                                                                             ;
; WIDTH_ECCSTATUS                    ; 3                            ; Signed Integer                                                                                      ;
; DEVICE_FAMILY                      ; Cyclone V                    ; Untyped                                                                                             ;
; CBXI_PARAMETER                     ; altsyncram_3924              ; Untyped                                                                                             ;
+------------------------------------+------------------------------+-----------------------------------------------------------------------------------------------------+
Note: In order to hide this table in the UI and the text report file, please set the "Show Parameter Settings in Synthesis Report" option in "Analysis and Synthesis Settings -> More Settings" to "Off".


+-------------------------------------------------------------------------------------------------------------------------------------------------------------------+
; Parameter Settings for User Entity Instance: VGA:IMAGE_CONTROL|pixel_generate:COLOR_BLOCK|pokemon_sel:PK_SEL|RANDOM_ROM:RANDOM_SP|altsyncram:altsyncram_component ;
+------------------------------------+---------------------------+--------------------------------------------------------------------------------------------------+
; Parameter Name                     ; Value                     ; Type                                                                                             ;
+------------------------------------+---------------------------+--------------------------------------------------------------------------------------------------+
; BYTE_SIZE_BLOCK                    ; 8                         ; Untyped                                                                                          ;
; AUTO_CARRY_CHAINS                  ; ON                        ; AUTO_CARRY                                                                                       ;
; IGNORE_CARRY_BUFFERS               ; OFF                       ; IGNORE_CARRY                                                                                     ;
; AUTO_CASCADE_CHAINS                ; ON                        ; AUTO_CASCADE                                                                                     ;
; IGNORE_CASCADE_BUFFERS             ; OFF                       ; IGNORE_CASCADE                                                                                   ;
; WIDTH_BYTEENA                      ; 1                         ; Untyped                                                                                          ;
; OPERATION_MODE                     ; BIDIR_DUAL_PORT           ; Untyped                                                                                          ;
; WIDTH_A                            ; 16                        ; Signed Integer                                                                                   ;
; WIDTHAD_A                          ; 12                        ; Signed Integer                                                                                   ;
; NUMWORDS_A                         ; 4096                      ; Signed Integer                                                                                   ;
; OUTDATA_REG_A                      ; CLOCK0                    ; Untyped                                                                                          ;
; ADDRESS_ACLR_A                     ; NONE                      ; Untyped                                                                                          ;
; OUTDATA_ACLR_A                     ; NONE                      ; Untyped                                                                                          ;
; WRCONTROL_ACLR_A                   ; NONE                      ; Untyped                                                                                          ;
; INDATA_ACLR_A                      ; NONE                      ; Untyped                                                                                          ;
; BYTEENA_ACLR_A                     ; NONE                      ; Untyped                                                                                          ;
; WIDTH_B                            ; 16                        ; Signed Integer                                                                                   ;
; WIDTHAD_B                          ; 12                        ; Signed Integer                                                                                   ;
; NUMWORDS_B                         ; 4096                      ; Signed Integer                                                                                   ;
; INDATA_REG_B                       ; CLOCK0                    ; Untyped                                                                                          ;
; WRCONTROL_WRADDRESS_REG_B          ; CLOCK0                    ; Untyped                                                                                          ;
; RDCONTROL_REG_B                    ; CLOCK1                    ; Untyped                                                                                          ;
; ADDRESS_REG_B                      ; CLOCK0                    ; Untyped                                                                                          ;
; OUTDATA_REG_B                      ; CLOCK0                    ; Untyped                                                                                          ;
; BYTEENA_REG_B                      ; CLOCK1                    ; Untyped                                                                                          ;
; INDATA_ACLR_B                      ; NONE                      ; Untyped                                                                                          ;
; WRCONTROL_ACLR_B                   ; NONE                      ; Untyped                                                                                          ;
; ADDRESS_ACLR_B                     ; NONE                      ; Untyped                                                                                          ;
; OUTDATA_ACLR_B                     ; NONE                      ; Untyped                                                                                          ;
; RDCONTROL_ACLR_B                   ; NONE                      ; Untyped                                                                                          ;
; BYTEENA_ACLR_B                     ; NONE                      ; Untyped                                                                                          ;
; WIDTH_BYTEENA_A                    ; 1                         ; Signed Integer                                                                                   ;
; WIDTH_BYTEENA_B                    ; 1                         ; Signed Integer                                                                                   ;
; RAM_BLOCK_TYPE                     ; AUTO                      ; Untyped                                                                                          ;
; BYTE_SIZE                          ; 8                         ; Signed Integer                                                                                   ;
; READ_DURING_WRITE_MODE_MIXED_PORTS ; DONT_CARE                 ; Untyped                                                                                          ;
; READ_DURING_WRITE_MODE_PORT_A      ; NEW_DATA_NO_NBE_READ      ; Untyped                                                                                          ;
; READ_DURING_WRITE_MODE_PORT_B      ; NEW_DATA_NO_NBE_READ      ; Untyped                                                                                          ;
; INIT_FILE                          ; ../sprite_mifs/random.mif ; Untyped                                                                                          ;
; INIT_FILE_LAYOUT                   ; PORT_A                    ; Untyped                                                                                          ;
; MAXIMUM_DEPTH                      ; 0                         ; Signed Integer                                                                                   ;
; CLOCK_ENABLE_INPUT_A               ; BYPASS                    ; Untyped                                                                                          ;
; CLOCK_ENABLE_INPUT_B               ; BYPASS                    ; Untyped                                                                                          ;
; CLOCK_ENABLE_OUTPUT_A              ; BYPASS                    ; Untyped                                                                                          ;
; CLOCK_ENABLE_OUTPUT_B              ; BYPASS                    ; Untyped                                                                                          ;
; CLOCK_ENABLE_CORE_A                ; USE_INPUT_CLKEN           ; Untyped                                                                                          ;
; CLOCK_ENABLE_CORE_B                ; USE_INPUT_CLKEN           ; Untyped                                                                                          ;
; ENABLE_ECC                         ; FALSE                     ; Untyped                                                                                          ;
; ECC_PIPELINE_STAGE_ENABLED         ; FALSE                     ; Untyped                                                                                          ;
; WIDTH_ECCSTATUS                    ; 3                         ; Signed Integer                                                                                   ;
; DEVICE_FAMILY                      ; Cyclone V                 ; Untyped                                                                                          ;
; CBXI_PARAMETER                     ; altsyncram_cv14           ; Untyped                                                                                          ;
+------------------------------------+---------------------------+--------------------------------------------------------------------------------------------------+
Note: In order to hide this table in the UI and the text report file, please set the "Show Parameter Settings in Synthesis Report" option in "Analysis and Synthesis Settings -> More Settings" to "Off".


+--------------------------------------------------------------------------------------------------------------------------------------------------------+
; Parameter Settings for User Entity Instance: VGA:IMAGE_CONTROL|pixel_generate:COLOR_BLOCK|BACKGROUND_ROM:BACKGROUND_SP|altsyncram:altsyncram_component ;
+------------------------------------+-------------------------------+-----------------------------------------------------------------------------------+
; Parameter Name                     ; Value                         ; Type                                                                              ;
+------------------------------------+-------------------------------+-----------------------------------------------------------------------------------+
; BYTE_SIZE_BLOCK                    ; 8                             ; Untyped                                                                           ;
; AUTO_CARRY_CHAINS                  ; ON                            ; AUTO_CARRY                                                                        ;
; IGNORE_CARRY_BUFFERS               ; OFF                           ; IGNORE_CARRY                                                                      ;
; AUTO_CASCADE_CHAINS                ; ON                            ; AUTO_CASCADE                                                                      ;
; IGNORE_CASCADE_BUFFERS             ; OFF                           ; IGNORE_CASCADE                                                                    ;
; WIDTH_BYTEENA                      ; 1                             ; Untyped                                                                           ;
; OPERATION_MODE                     ; ROM                           ; Untyped                                                                           ;
; WIDTH_A                            ; 16                            ; Signed Integer                                                                    ;
; WIDTHAD_A                          ; 15                            ; Signed Integer                                                                    ;
; NUMWORDS_A                         ; 32768                         ; Signed Integer                                                                    ;
; OUTDATA_REG_A                      ; CLOCK0                        ; Untyped                                                                           ;
; ADDRESS_ACLR_A                     ; NONE                          ; Untyped                                                                           ;
; OUTDATA_ACLR_A                     ; NONE                          ; Untyped                                                                           ;
; WRCONTROL_ACLR_A                   ; NONE                          ; Untyped                                                                           ;
; INDATA_ACLR_A                      ; NONE                          ; Untyped                                                                           ;
; BYTEENA_ACLR_A                     ; NONE                          ; Untyped                                                                           ;
; WIDTH_B                            ; 1                             ; Signed Integer                                                                    ;
; WIDTHAD_B                          ; 1                             ; Signed Integer                                                                    ;
; NUMWORDS_B                         ; 0                             ; Signed Integer                                                                    ;
; INDATA_REG_B                       ; CLOCK1                        ; Untyped                                                                           ;
; WRCONTROL_WRADDRESS_REG_B          ; CLOCK1                        ; Untyped                                                                           ;
; RDCONTROL_REG_B                    ; CLOCK1                        ; Untyped                                                                           ;
; ADDRESS_REG_B                      ; CLOCK1                        ; Untyped                                                                           ;
; OUTDATA_REG_B                      ; UNREGISTERED                  ; Untyped                                                                           ;
; BYTEENA_REG_B                      ; CLOCK1                        ; Untyped                                                                           ;
; INDATA_ACLR_B                      ; NONE                          ; Untyped                                                                           ;
; WRCONTROL_ACLR_B                   ; NONE                          ; Untyped                                                                           ;
; ADDRESS_ACLR_B                     ; NONE                          ; Untyped                                                                           ;
; OUTDATA_ACLR_B                     ; NONE                          ; Untyped                                                                           ;
; RDCONTROL_ACLR_B                   ; NONE                          ; Untyped                                                                           ;
; BYTEENA_ACLR_B                     ; NONE                          ; Untyped                                                                           ;
; WIDTH_BYTEENA_A                    ; 1                             ; Signed Integer                                                                    ;
; WIDTH_BYTEENA_B                    ; 1                             ; Signed Integer                                                                    ;
; RAM_BLOCK_TYPE                     ; AUTO                          ; Untyped                                                                           ;
; BYTE_SIZE                          ; 8                             ; Signed Integer                                                                    ;
; READ_DURING_WRITE_MODE_MIXED_PORTS ; DONT_CARE                     ; Untyped                                                                           ;
; READ_DURING_WRITE_MODE_PORT_A      ; NEW_DATA_NO_NBE_READ          ; Untyped                                                                           ;
; READ_DURING_WRITE_MODE_PORT_B      ; NEW_DATA_NO_NBE_READ          ; Untyped                                                                           ;
; INIT_FILE                          ; ../sprite_mifs/background.mif ; Untyped                                                                           ;
; INIT_FILE_LAYOUT                   ; PORT_A                        ; Untyped                                                                           ;
; MAXIMUM_DEPTH                      ; 0                             ; Signed Integer                                                                    ;
; CLOCK_ENABLE_INPUT_A               ; BYPASS                        ; Untyped                                                                           ;
; CLOCK_ENABLE_INPUT_B               ; NORMAL                        ; Untyped                                                                           ;
; CLOCK_ENABLE_OUTPUT_A              ; BYPASS                        ; Untyped                                                                           ;
; CLOCK_ENABLE_OUTPUT_B              ; NORMAL                        ; Untyped                                                                           ;
; CLOCK_ENABLE_CORE_A                ; USE_INPUT_CLKEN               ; Untyped                                                                           ;
; CLOCK_ENABLE_CORE_B                ; USE_INPUT_CLKEN               ; Untyped                                                                           ;
; ENABLE_ECC                         ; FALSE                         ; Untyped                                                                           ;
; ECC_PIPELINE_STAGE_ENABLED         ; FALSE                         ; Untyped                                                                           ;
; WIDTH_ECCSTATUS                    ; 3                             ; Signed Integer                                                                    ;
; DEVICE_FAMILY                      ; Cyclone V                     ; Untyped                                                                           ;
; CBXI_PARAMETER                     ; altsyncram_cb34               ; Untyped                                                                           ;
+------------------------------------+-------------------------------+-----------------------------------------------------------------------------------+
Note: In order to hide this table in the UI and the text report file, please set the "Show Parameter Settings in Synthesis Report" option in "Analysis and Synthesis Settings -> More Settings" to "Off".


+-------------------------------------------------------------------------------------------------------+
; Parameter Settings for User Entity Instance: battle_engine:GAME_CONTROL|bitn_fullAdder:PK0_CURSOR_SUM ;
+----------------+-------+------------------------------------------------------------------------------+
; Parameter Name ; Value ; Type                                                                         ;
+----------------+-------+------------------------------------------------------------------------------+
; b_length       ; 4     ; Signed Integer                                                               ;
+----------------+-------+------------------------------------------------------------------------------+
Note: In order to hide this table in the UI and the text report file, please set the "Show Parameter Settings in Synthesis Report" option in "Analysis and Synthesis Settings -> More Settings" to "Off".


+-------------------------------------------------------------------------------------------------------+
; Parameter Settings for User Entity Instance: battle_engine:GAME_CONTROL|bitn_fullAdder:PK1_CURSOR_SUM ;
+----------------+-------+------------------------------------------------------------------------------+
; Parameter Name ; Value ; Type                                                                         ;
+----------------+-------+------------------------------------------------------------------------------+
; b_length       ; 4     ; Signed Integer                                                               ;
+----------------+-------+------------------------------------------------------------------------------+
Note: In order to hide this table in the UI and the text report file, please set the "Show Parameter Settings in Synthesis Report" option in "Analysis and Synthesis Settings -> More Settings" to "Off".


+---------------------------------------------------------------------------------------------------------------+
; Parameter Settings for Inferred Entity Instance: VGA:IMAGE_CONTROL|pixel_generate:COLOR_BLOCK|lpm_divide:Div0 ;
+------------------------+----------------+---------------------------------------------------------------------+
; Parameter Name         ; Value          ; Type                                                                ;
+------------------------+----------------+---------------------------------------------------------------------+
; LPM_WIDTHN             ; 32             ; Untyped                                                             ;
; LPM_WIDTHD             ; 4              ; Untyped                                                             ;
; LPM_NREPRESENTATION    ; SIGNED         ; Untyped                                                             ;
; LPM_DREPRESENTATION    ; SIGNED         ; Untyped                                                             ;
; LPM_PIPELINE           ; 0              ; Untyped                                                             ;
; LPM_REMAINDERPOSITIVE  ; FALSE          ; Untyped                                                             ;
; MAXIMIZE_SPEED         ; 5              ; Untyped                                                             ;
; CBXI_PARAMETER         ; lpm_divide_apo ; Untyped                                                             ;
; CARRY_CHAIN            ; MANUAL         ; Untyped                                                             ;
; OPTIMIZE_FOR_SPEED     ; 5              ; Untyped                                                             ;
; AUTO_CARRY_CHAINS      ; ON             ; AUTO_CARRY                                                          ;
; IGNORE_CARRY_BUFFERS   ; OFF            ; IGNORE_CARRY                                                        ;
; AUTO_CASCADE_CHAINS    ; ON             ; AUTO_CASCADE                                                        ;
; IGNORE_CASCADE_BUFFERS ; OFF            ; IGNORE_CASCADE                                                      ;
+------------------------+----------------+---------------------------------------------------------------------+
Note: In order to hide this table in the UI and the text report file, please set the "Show Parameter Settings in Synthesis Report" option in "Analysis and Synthesis Settings -> More Settings" to "Off".


+---------------------------------------------------------------------------------------------------------------+
; Parameter Settings for Inferred Entity Instance: VGA:IMAGE_CONTROL|pixel_generate:COLOR_BLOCK|lpm_divide:Div1 ;
+------------------------+----------------+---------------------------------------------------------------------+
; Parameter Name         ; Value          ; Type                                                                ;
+------------------------+----------------+---------------------------------------------------------------------+
; LPM_WIDTHN             ; 32             ; Untyped                                                             ;
; LPM_WIDTHD             ; 4              ; Untyped                                                             ;
; LPM_NREPRESENTATION    ; SIGNED         ; Untyped                                                             ;
; LPM_DREPRESENTATION    ; SIGNED         ; Untyped                                                             ;
; LPM_PIPELINE           ; 0              ; Untyped                                                             ;
; LPM_REMAINDERPOSITIVE  ; FALSE          ; Untyped                                                             ;
; MAXIMIZE_SPEED         ; 5              ; Untyped                                                             ;
; CBXI_PARAMETER         ; lpm_divide_apo ; Untyped                                                             ;
; CARRY_CHAIN            ; MANUAL         ; Untyped                                                             ;
; OPTIMIZE_FOR_SPEED     ; 5              ; Untyped                                                             ;
; AUTO_CARRY_CHAINS      ; ON             ; AUTO_CARRY                                                          ;
; IGNORE_CARRY_BUFFERS   ; OFF            ; IGNORE_CARRY                                                        ;
; AUTO_CASCADE_CHAINS    ; ON             ; AUTO_CASCADE                                                        ;
; IGNORE_CASCADE_BUFFERS ; OFF            ; IGNORE_CASCADE                                                      ;
+------------------------+----------------+---------------------------------------------------------------------+
Note: In order to hide this table in the UI and the text report file, please set the "Show Parameter Settings in Synthesis Report" option in "Analysis and Synthesis Settings -> More Settings" to "Off".


+------------------------------------------------------------------------------------------------------------------------------------------------------------------------+
; altsyncram Parameter Settings by Entity Instance                                                                                                                       ;
+-------------------------------------------+----------------------------------------------------------------------------------------------------------------------------+
; Name                                      ; Value                                                                                                                      ;
+-------------------------------------------+----------------------------------------------------------------------------------------------------------------------------+
; Number of entity instances                ; 12                                                                                                                         ;
; Entity Instance                           ; VGA:IMAGE_CONTROL|pixel_generate:COLOR_BLOCK|pokemon_sel:PK_SEL|LEAFEON_ROM:LEAFEON_SP|altsyncram:altsyncram_component     ;
;     -- OPERATION_MODE                     ; BIDIR_DUAL_PORT                                                                                                            ;
;     -- WIDTH_A                            ; 16                                                                                                                         ;
;     -- NUMWORDS_A                         ; 4096                                                                                                                       ;
;     -- OUTDATA_REG_A                      ; CLOCK0                                                                                                                     ;
;     -- WIDTH_B                            ; 16                                                                                                                         ;
;     -- NUMWORDS_B                         ; 4096                                                                                                                       ;
;     -- ADDRESS_REG_B                      ; CLOCK0                                                                                                                     ;
;     -- OUTDATA_REG_B                      ; CLOCK0                                                                                                                     ;
;     -- RAM_BLOCK_TYPE                     ; AUTO                                                                                                                       ;
;     -- READ_DURING_WRITE_MODE_MIXED_PORTS ; DONT_CARE                                                                                                                  ;
; Entity Instance                           ; VGA:IMAGE_CONTROL|pixel_generate:COLOR_BLOCK|pokemon_sel:PK_SEL|ZERAORA_ROM:ZERAORA_SP|altsyncram:altsyncram_component     ;
;     -- OPERATION_MODE                     ; BIDIR_DUAL_PORT                                                                                                            ;
;     -- WIDTH_A                            ; 16                                                                                                                         ;
;     -- NUMWORDS_A                         ; 4096                                                                                                                       ;
;     -- OUTDATA_REG_A                      ; CLOCK0                                                                                                                     ;
;     -- WIDTH_B                            ; 16                                                                                                                         ;
;     -- NUMWORDS_B                         ; 4096                                                                                                                       ;
;     -- ADDRESS_REG_B                      ; CLOCK0                                                                                                                     ;
;     -- OUTDATA_REG_B                      ; CLOCK0                                                                                                                     ;
;     -- RAM_BLOCK_TYPE                     ; AUTO                                                                                                                       ;
;     -- READ_DURING_WRITE_MODE_MIXED_PORTS ; DONT_CARE                                                                                                                  ;
; Entity Instance                           ; VGA:IMAGE_CONTROL|pixel_generate:COLOR_BLOCK|pokemon_sel:PK_SEL|VAPOREON_ROM:VAPOREON_SP|altsyncram:altsyncram_component   ;
;     -- OPERATION_MODE                     ; BIDIR_DUAL_PORT                                                                                                            ;
;     -- WIDTH_A                            ; 16                                                                                                                         ;
;     -- NUMWORDS_A                         ; 4096                                                                                                                       ;
;     -- OUTDATA_REG_A                      ; CLOCK0                                                                                                                     ;
;     -- WIDTH_B                            ; 16                                                                                                                         ;
;     -- NUMWORDS_B                         ; 4096                                                                                                                       ;
;     -- ADDRESS_REG_B                      ; CLOCK0                                                                                                                     ;
;     -- OUTDATA_REG_B                      ; CLOCK0                                                                                                                     ;
;     -- RAM_BLOCK_TYPE                     ; AUTO                                                                                                                       ;
;     -- READ_DURING_WRITE_MODE_MIXED_PORTS ; DONT_CARE                                                                                                                  ;
; Entity Instance                           ; VGA:IMAGE_CONTROL|pixel_generate:COLOR_BLOCK|pokemon_sel:PK_SEL|SANDSLASH_ROM:SANDSLASH_SP|altsyncram:altsyncram_component ;
;     -- OPERATION_MODE                     ; BIDIR_DUAL_PORT                                                                                                            ;
;     -- WIDTH_A                            ; 16                                                                                                                         ;
;     -- NUMWORDS_A                         ; 4096                                                                                                                       ;
;     -- OUTDATA_REG_A                      ; CLOCK0                                                                                                                     ;
;     -- WIDTH_B                            ; 16                                                                                                                         ;
;     -- NUMWORDS_B                         ; 4096                                                                                                                       ;
;     -- ADDRESS_REG_B                      ; CLOCK0                                                                                                                     ;
;     -- OUTDATA_REG_B                      ; CLOCK0                                                                                                                     ;
;     -- RAM_BLOCK_TYPE                     ; AUTO                                                                                                                       ;
;     -- READ_DURING_WRITE_MODE_MIXED_PORTS ; DONT_CARE                                                                                                                  ;
; Entity Instance                           ; VGA:IMAGE_CONTROL|pixel_generate:COLOR_BLOCK|pokemon_sel:PK_SEL|ODDISH_ROM:ODDISH_SP|altsyncram:altsyncram_component       ;
;     -- OPERATION_MODE                     ; BIDIR_DUAL_PORT                                                                                                            ;
;     -- WIDTH_A                            ; 16                                                                                                                         ;
;     -- NUMWORDS_A                         ; 4096                                                                                                                       ;
;     -- OUTDATA_REG_A                      ; CLOCK0                                                                                                                     ;
;     -- WIDTH_B                            ; 16                                                                                                                         ;
;     -- NUMWORDS_B                         ; 4096                                                                                                                       ;
;     -- ADDRESS_REG_B                      ; CLOCK0                                                                                                                     ;
;     -- OUTDATA_REG_B                      ; CLOCK0                                                                                                                     ;
;     -- RAM_BLOCK_TYPE                     ; AUTO                                                                                                                       ;
;     -- READ_DURING_WRITE_MODE_MIXED_PORTS ; DONT_CARE                                                                                                                  ;
; Entity Instance                           ; VGA:IMAGE_CONTROL|pixel_generate:COLOR_BLOCK|pokemon_sel:PK_SEL|LAPRAS_ROM:LAPRAS_SP|altsyncram:altsyncram_component       ;
;     -- OPERATION_MODE                     ; BIDIR_DUAL_PORT                                                                                                            ;
;     -- WIDTH_A                            ; 16                                                                                                                         ;
;     -- NUMWORDS_A                         ; 4096                                                                                                                       ;
;     -- OUTDATA_REG_A                      ; CLOCK0                                                                                                                     ;
;     -- WIDTH_B                            ; 16                                                                                                                         ;
;     -- NUMWORDS_B                         ; 4096                                                                                                                       ;
;     -- ADDRESS_REG_B                      ; CLOCK0                                                                                                                     ;
;     -- OUTDATA_REG_B                      ; CLOCK0                                                                                                                     ;
;     -- RAM_BLOCK_TYPE                     ; AUTO                                                                                                                       ;
;     -- READ_DURING_WRITE_MODE_MIXED_PORTS ; DONT_CARE                                                                                                                  ;
; Entity Instance                           ; VGA:IMAGE_CONTROL|pixel_generate:COLOR_BLOCK|pokemon_sel:PK_SEL|JOLTEON_ROM:JOLTEON_SP|altsyncram:altsyncram_component     ;
;     -- OPERATION_MODE                     ; BIDIR_DUAL_PORT                                                                                                            ;
;     -- WIDTH_A                            ; 16                                                                                                                         ;
;     -- NUMWORDS_A                         ; 4096                                                                                                                       ;
;     -- OUTDATA_REG_A                      ; CLOCK0                                                                                                                     ;
;     -- WIDTH_B                            ; 16                                                                                                                         ;
;     -- NUMWORDS_B                         ; 4096                                                                                                                       ;
;     -- ADDRESS_REG_B                      ; CLOCK0                                                                                                                     ;
;     -- OUTDATA_REG_B                      ; CLOCK0                                                                                                                     ;
;     -- RAM_BLOCK_TYPE                     ; AUTO                                                                                                                       ;
;     -- READ_DURING_WRITE_MODE_MIXED_PORTS ; DONT_CARE                                                                                                                  ;
; Entity Instance                           ; VGA:IMAGE_CONTROL|pixel_generate:COLOR_BLOCK|pokemon_sel:PK_SEL|GARCHOMP_ROM:GARCHOMP_SP|altsyncram:altsyncram_component   ;
;     -- OPERATION_MODE                     ; BIDIR_DUAL_PORT                                                                                                            ;
;     -- WIDTH_A                            ; 16                                                                                                                         ;
;     -- NUMWORDS_A                         ; 4096                                                                                                                       ;
;     -- OUTDATA_REG_A                      ; CLOCK0                                                                                                                     ;
;     -- WIDTH_B                            ; 16                                                                                                                         ;
;     -- NUMWORDS_B                         ; 4096                                                                                                                       ;
;     -- ADDRESS_REG_B                      ; CLOCK0                                                                                                                     ;
;     -- OUTDATA_REG_B                      ; CLOCK0                                                                                                                     ;
;     -- RAM_BLOCK_TYPE                     ; AUTO                                                                                                                       ;
;     -- READ_DURING_WRITE_MODE_MIXED_PORTS ; DONT_CARE                                                                                                                  ;
; Entity Instance                           ; VGA:IMAGE_CONTROL|pixel_generate:COLOR_BLOCK|pokemon_sel:PK_SEL|FLAREON_ROM:FLAREON_SP|altsyncram:altsyncram_component     ;
;     -- OPERATION_MODE                     ; BIDIR_DUAL_PORT                                                                                                            ;
;     -- WIDTH_A                            ; 16                                                                                                                         ;
;     -- NUMWORDS_A                         ; 4096                                                                                                                       ;
;     -- OUTDATA_REG_A                      ; CLOCK0                                                                                                                     ;
;     -- WIDTH_B                            ; 16                                                                                                                         ;
;     -- NUMWORDS_B                         ; 4096                                                                                                                       ;
;     -- ADDRESS_REG_B                      ; CLOCK0                                                                                                                     ;
;     -- OUTDATA_REG_B                      ; CLOCK0                                                                                                                     ;
;     -- RAM_BLOCK_TYPE                     ; AUTO                                                                                                                       ;
;     -- READ_DURING_WRITE_MODE_MIXED_PORTS ; DONT_CARE                                                                                                                  ;
; Entity Instance                           ; VGA:IMAGE_CONTROL|pixel_generate:COLOR_BLOCK|pokemon_sel:PK_SEL|CHARIZARD_ROM:CHARIZARD_SP|altsyncram:altsyncram_component ;
;     -- OPERATION_MODE                     ; BIDIR_DUAL_PORT                                                                                                            ;
;     -- WIDTH_A                            ; 16                                                                                                                         ;
;     -- NUMWORDS_A                         ; 4096                                                                                                                       ;
;     -- OUTDATA_REG_A                      ; CLOCK0                                                                                                                     ;
;     -- WIDTH_B                            ; 16                                                                                                                         ;
;     -- NUMWORDS_B                         ; 4096                                                                                                                       ;
;     -- ADDRESS_REG_B                      ; CLOCK0                                                                                                                     ;
;     -- OUTDATA_REG_B                      ; CLOCK0                                                                                                                     ;
;     -- RAM_BLOCK_TYPE                     ; AUTO                                                                                                                       ;
;     -- READ_DURING_WRITE_MODE_MIXED_PORTS ; DONT_CARE                                                                                                                  ;
; Entity Instance                           ; VGA:IMAGE_CONTROL|pixel_generate:COLOR_BLOCK|pokemon_sel:PK_SEL|RANDOM_ROM:RANDOM_SP|altsyncram:altsyncram_component       ;
;     -- OPERATION_MODE                     ; BIDIR_DUAL_PORT                                                                                                            ;
;     -- WIDTH_A                            ; 16                                                                                                                         ;
;     -- NUMWORDS_A                         ; 4096                                                                                                                       ;
;     -- OUTDATA_REG_A                      ; CLOCK0                                                                                                                     ;
;     -- WIDTH_B                            ; 16                                                                                                                         ;
;     -- NUMWORDS_B                         ; 4096                                                                                                                       ;
;     -- ADDRESS_REG_B                      ; CLOCK0                                                                                                                     ;
;     -- OUTDATA_REG_B                      ; CLOCK0                                                                                                                     ;
;     -- RAM_BLOCK_TYPE                     ; AUTO                                                                                                                       ;
;     -- READ_DURING_WRITE_MODE_MIXED_PORTS ; DONT_CARE                                                                                                                  ;
; Entity Instance                           ; VGA:IMAGE_CONTROL|pixel_generate:COLOR_BLOCK|BACKGROUND_ROM:BACKGROUND_SP|altsyncram:altsyncram_component                  ;
;     -- OPERATION_MODE                     ; ROM                                                                                                                        ;
;     -- WIDTH_A                            ; 16                                                                                                                         ;
;     -- NUMWORDS_A                         ; 32768                                                                                                                      ;
;     -- OUTDATA_REG_A                      ; CLOCK0                                                                                                                     ;
;     -- WIDTH_B                            ; 1                                                                                                                          ;
;     -- NUMWORDS_B                         ; 0                                                                                                                          ;
;     -- ADDRESS_REG_B                      ; CLOCK1                                                                                                                     ;
;     -- OUTDATA_REG_B                      ; UNREGISTERED                                                                                                               ;
;     -- RAM_BLOCK_TYPE                     ; AUTO                                                                                                                       ;
;     -- READ_DURING_WRITE_MODE_MIXED_PORTS ; DONT_CARE                                                                                                                  ;
+-------------------------------------------+----------------------------------------------------------------------------------------------------------------------------+


+----------------------------------------------------------------------------------------------------------------+
; Port Connectivity Checks: "battle_engine:GAME_CONTROL|bitn_fullAdder:PK1_CURSOR_SUM"                           ;
+------+--------+----------+-------------------------------------------------------------------------------------+
; Port ; Type   ; Severity ; Details                                                                             ;
+------+--------+----------+-------------------------------------------------------------------------------------+
; cin  ; Input  ; Info     ; Stuck at GND                                                                        ;
; cout ; Output ; Info     ; Connected to dangling logic. Logic that only feeds a dangling port will be removed. ;
+------+--------+----------+-------------------------------------------------------------------------------------+


+----------------------------------------------------------------------------------------------------------------+
; Port Connectivity Checks: "battle_engine:GAME_CONTROL|bitn_fullAdder:PK0_CURSOR_SUM"                           ;
+------+--------+----------+-------------------------------------------------------------------------------------+
; Port ; Type   ; Severity ; Details                                                                             ;
+------+--------+----------+-------------------------------------------------------------------------------------+
; cin  ; Input  ; Info     ; Stuck at GND                                                                        ;
; cout ; Output ; Info     ; Connected to dangling logic. Logic that only feeds a dangling port will be removed. ;
+------+--------+----------+-------------------------------------------------------------------------------------+


+---------------------------------------------------------------------------------------------------------------------------+
; Port Connectivity Checks: "battle_engine:GAME_CONTROL"                                                                    ;
+-----------------+--------+----------+-------------------------------------------------------------------------------------+
; Port            ; Type   ; Severity ; Details                                                                             ;
+-----------------+--------+----------+-------------------------------------------------------------------------------------+
; turn_definition ; Output ; Info     ; Connected to dangling logic. Logic that only feeds a dangling port will be removed. ;
+-----------------+--------+----------+-------------------------------------------------------------------------------------+


+---------------------------------------------------------------------------------------------------------------------+
; Port Connectivity Checks: "VGA:IMAGE_CONTROL|image_sync:SYNC_BLOCK|contador_uni:V_COUNTER"                          ;
+-----------+--------+----------+-------------------------------------------------------------------------------------+
; Port      ; Type   ; Severity ; Details                                                                             ;
+-----------+--------+----------+-------------------------------------------------------------------------------------+
; syn_clr   ; Input  ; Info     ; Stuck at GND                                                                        ;
; ini       ; Input  ; Info     ; Stuck at GND                                                                        ;
; up        ; Input  ; Info     ; Stuck at VCC                                                                        ;
; max[6..5] ; Input  ; Info     ; Stuck at VCC                                                                        ;
; max[3..0] ; Input  ; Info     ; Stuck at VCC                                                                        ;
; max[8..7] ; Input  ; Info     ; Stuck at GND                                                                        ;
; max[10]   ; Input  ; Info     ; Stuck at GND                                                                        ;
; max[9]    ; Input  ; Info     ; Stuck at VCC                                                                        ;
; max[4]    ; Input  ; Info     ; Stuck at GND                                                                        ;
; max_tick  ; Output ; Info     ; Connected to dangling logic. Logic that only feeds a dangling port will be removed. ;
+-----------+--------+----------+-------------------------------------------------------------------------------------+


+--------------------------------------------------------------------------------------------+
; Port Connectivity Checks: "VGA:IMAGE_CONTROL|image_sync:SYNC_BLOCK|contador_uni:H_COUNTER" ;
+-----------+-------+----------+-------------------------------------------------------------+
; Port      ; Type  ; Severity ; Details                                                     ;
+-----------+-------+----------+-------------------------------------------------------------+
; ena       ; Input ; Info     ; Stuck at VCC                                                ;
; syn_clr   ; Input ; Info     ; Stuck at GND                                                ;
; ini       ; Input ; Info     ; Stuck at GND                                                ;
; up        ; Input ; Info     ; Stuck at VCC                                                ;
; max[4..0] ; Input ; Info     ; Stuck at VCC                                                ;
; max[9..5] ; Input ; Info     ; Stuck at GND                                                ;
; max[10]   ; Input ; Info     ; Stuck at VCC                                                ;
+-----------+-------+----------+-------------------------------------------------------------+


+----------------------------------------------------------------------------------------------------------------+
; Port Connectivity Checks: "VGA:IMAGE_CONTROL|move_controller:MOVE_CONT|bitn_fullAdder:POS1_Y_SUM"              ;
+------+--------+----------+-------------------------------------------------------------------------------------+
; Port ; Type   ; Severity ; Details                                                                             ;
+------+--------+----------+-------------------------------------------------------------------------------------+
; b[0] ; Input  ; Info     ; Stuck at GND                                                                        ;
; cin  ; Input  ; Info     ; Stuck at GND                                                                        ;
; cout ; Output ; Info     ; Connected to dangling logic. Logic that only feeds a dangling port will be removed. ;
+------+--------+----------+-------------------------------------------------------------------------------------+


+----------------------------------------------------------------------------------------------------------------+
; Port Connectivity Checks: "VGA:IMAGE_CONTROL|move_controller:MOVE_CONT|bitn_fullAdder:POS1_X_SUM"              ;
+------+--------+----------+-------------------------------------------------------------------------------------+
; Port ; Type   ; Severity ; Details                                                                             ;
+------+--------+----------+-------------------------------------------------------------------------------------+
; b[0] ; Input  ; Info     ; Stuck at GND                                                                        ;
; cin  ; Input  ; Info     ; Stuck at GND                                                                        ;
; cout ; Output ; Info     ; Connected to dangling logic. Logic that only feeds a dangling port will be removed. ;
+------+--------+----------+-------------------------------------------------------------------------------------+


+----------------------------------------------------------------------------------------------------------------+
; Port Connectivity Checks: "VGA:IMAGE_CONTROL|move_controller:MOVE_CONT|bitn_fullAdder:POS0_Y_SUM"              ;
+------+--------+----------+-------------------------------------------------------------------------------------+
; Port ; Type   ; Severity ; Details                                                                             ;
+------+--------+----------+-------------------------------------------------------------------------------------+
; b[0] ; Input  ; Info     ; Stuck at GND                                                                        ;
; cin  ; Input  ; Info     ; Stuck at GND                                                                        ;
; cout ; Output ; Info     ; Connected to dangling logic. Logic that only feeds a dangling port will be removed. ;
+------+--------+----------+-------------------------------------------------------------------------------------+


+----------------------------------------------------------------------------------------------------------------+
; Port Connectivity Checks: "VGA:IMAGE_CONTROL|move_controller:MOVE_CONT|bitn_fullAdder:POS0_X_SUM"              ;
+------+--------+----------+-------------------------------------------------------------------------------------+
; Port ; Type   ; Severity ; Details                                                                             ;
+------+--------+----------+-------------------------------------------------------------------------------------+
; b[0] ; Input  ; Info     ; Stuck at GND                                                                        ;
; cin  ; Input  ; Info     ; Stuck at GND                                                                        ;
; cout ; Output ; Info     ; Connected to dangling logic. Logic that only feeds a dangling port will be removed. ;
+------+--------+----------+-------------------------------------------------------------------------------------+


+-------------------------------------------------------------------------------------------------------------------+
; Port Connectivity Checks: "VGA:IMAGE_CONTROL|move_controller:MOVE_CONT|contador_uni:REFRESH_C1"                   ;
+---------+--------+----------+-------------------------------------------------------------------------------------+
; Port    ; Type   ; Severity ; Details                                                                             ;
+---------+--------+----------+-------------------------------------------------------------------------------------+
; ena     ; Input  ; Info     ; Stuck at VCC                                                                        ;
; syn_clr ; Input  ; Info     ; Stuck at GND                                                                        ;
; ini     ; Input  ; Info     ; Stuck at GND                                                                        ;
; up      ; Input  ; Info     ; Stuck at VCC                                                                        ;
; counter ; Output ; Info     ; Connected to dangling logic. Logic that only feeds a dangling port will be removed. ;
+---------+--------+----------+-------------------------------------------------------------------------------------+


+-------------------------------------------------------------------------------------------------------------------+
; Port Connectivity Checks: "VGA:IMAGE_CONTROL|move_controller:MOVE_CONT|contador_uni:REFRESH_C0"                   ;
+---------+--------+----------+-------------------------------------------------------------------------------------+
; Port    ; Type   ; Severity ; Details                                                                             ;
+---------+--------+----------+-------------------------------------------------------------------------------------+
; ena     ; Input  ; Info     ; Stuck at VCC                                                                        ;
; syn_clr ; Input  ; Info     ; Stuck at GND                                                                        ;
; ini     ; Input  ; Info     ; Stuck at GND                                                                        ;
; up      ; Input  ; Info     ; Stuck at VCC                                                                        ;
; counter ; Output ; Info     ; Connected to dangling logic. Logic that only feeds a dangling port will be removed. ;
+---------+--------+----------+-------------------------------------------------------------------------------------+


+------------------------------------------------+
; Port Connectivity Checks: "VGA:IMAGE_CONTROL"  ;
+--------------+-------+----------+--------------+
; Port         ; Type  ; Severity ; Details      ;
+--------------+-------+----------+--------------+
; pk0_anim_sig ; Input ; Info     ; Stuck at VCC ;
; pk1_anim_sig ; Input ; Info     ; Stuck at VCC ;
+--------------+-------+----------+--------------+


+-----------------------------------------------------+
; Post-Synthesis Netlist Statistics for Top Partition ;
+-----------------------+-----------------------------+
; Type                  ; Count                       ;
+-----------------------+-----------------------------+
; arriav_ff             ; 553                         ;
;     CLR               ; 9                           ;
;     CLR SCLR          ; 33                          ;
;     ENA               ; 36                          ;
;     ENA CLR           ; 10                          ;
;     ENA CLR SCLR      ; 11                          ;
;     SCLR              ; 51                          ;
;     SLD               ; 15                          ;
;     plain             ; 388                         ;
; arriav_lcell_comb     ; 1560                        ;
;     arith             ; 491                         ;
;         0 data inputs ; 62                          ;
;         1 data inputs ; 229                         ;
;         2 data inputs ; 26                          ;
;         3 data inputs ; 62                          ;
;         4 data inputs ; 112                         ;
;     normal            ; 905                         ;
;         0 data inputs ; 1                           ;
;         1 data inputs ; 24                          ;
;         2 data inputs ; 179                         ;
;         3 data inputs ; 44                          ;
;         4 data inputs ; 180                         ;
;         5 data inputs ; 344                         ;
;         6 data inputs ; 133                         ;
;     shared            ; 164                         ;
;         0 data inputs ; 81                          ;
;         1 data inputs ; 38                          ;
;         2 data inputs ; 44                          ;
;         3 data inputs ; 1                           ;
; boundary_port         ; 34                          ;
; generic_pll           ; 1                           ;
; stratixv_ram_block    ; 240                         ;
;                       ;                             ;
; Max LUT depth         ; 73.40                       ;
; Average LUT depth     ; 24.20                       ;
+-----------------------+-----------------------------+


+-------------------------------+
; Elapsed Time Per Partition    ;
+----------------+--------------+
; Partition Name ; Elapsed Time ;
+----------------+--------------+
; Top            ; 00:00:02     ;
+----------------+--------------+


+-------------------------------+
; Analysis & Synthesis Messages ;
+-------------------------------+
Info: *******************************************************************
Info: Running Quartus Prime Analysis & Synthesis
    Info: Version 25.1std.0 Build 1129 10/21/2025 SC Lite Edition
    Info: Processing started: Tue Jun  2 18:16:56 2026
Info: Command: quartus_map --read_settings_files=on --write_settings_files=off POKEMON -c POKEMON
Warning (18236): Number of processors has not been specified which may cause overloading on shared machines.  Set the global assignment NUM_PARALLEL_PROCESSORS in your QSF to an appropriate value for best performance.
Info (20032): Parallel compilation is enabled and will use up to 4 processors
Info (12021): Found 2 design units, including 1 entities, in source file POKEMON.vhd
    Info (12022): Found design unit 1: POKEMON-call File: /home/griznu1_/Nextcloud/ERR/UNI/5semestre/digitales/2proyecto/codigo/POKEMON.vhd Line: 29
    Info (12023): Found entity 1: POKEMON File: /home/griznu1_/Nextcloud/ERR/UNI/5semestre/digitales/2proyecto/codigo/POKEMON.vhd Line: 10
Info (12021): Found 2 design units, including 1 entities, in source file battle_engine.vhd
    Info (12022): Found design unit 1: battle_engine-functional File: /home/griznu1_/Nextcloud/ERR/UNI/5semestre/digitales/2proyecto/codigo/battle_engine.vhd Line: 29
    Info (12023): Found entity 1: battle_engine File: /home/griznu1_/Nextcloud/ERR/UNI/5semestre/digitales/2proyecto/codigo/battle_engine.vhd Line: 10
Info (12021): Found 2 design units, including 1 entities, in source file BACKGROUND_ROM.vhd
    Info (12022): Found design unit 1: background_rom-SYN File: /home/griznu1_/Nextcloud/ERR/UNI/5semestre/digitales/2proyecto/codigo/BACKGROUND_ROM.vhd Line: 53
    Info (12023): Found entity 1: BACKGROUND_ROM File: /home/griznu1_/Nextcloud/ERR/UNI/5semestre/digitales/2proyecto/codigo/BACKGROUND_ROM.vhd Line: 43
Info (12021): Found 2 design units, including 1 entities, in source file CHARIZARD_ROM.vhd
    Info (12022): Found design unit 1: charizard_rom-SYN File: /home/griznu1_/Nextcloud/ERR/UNI/5semestre/digitales/2proyecto/codigo/CHARIZARD_ROM.vhd Line: 55
    Info (12023): Found entity 1: CHARIZARD_ROM File: /home/griznu1_/Nextcloud/ERR/UNI/5semestre/digitales/2proyecto/codigo/CHARIZARD_ROM.vhd Line: 43
Info (12021): Found 2 design units, including 1 entities, in source file FLAREON_ROM.vhd
    Info (12022): Found design unit 1: flareon_rom-SYN File: /home/griznu1_/Nextcloud/ERR/UNI/5semestre/digitales/2proyecto/codigo/FLAREON_ROM.vhd Line: 55
    Info (12023): Found entity 1: FLAREON_ROM File: /home/griznu1_/Nextcloud/ERR/UNI/5semestre/digitales/2proyecto/codigo/FLAREON_ROM.vhd Line: 43
Info (12021): Found 2 design units, including 1 entities, in source file GARCHOMP_ROM.vhd
    Info (12022): Found design unit 1: garchomp_rom-SYN File: /home/griznu1_/Nextcloud/ERR/UNI/5semestre/digitales/2proyecto/codigo/GARCHOMP_ROM.vhd Line: 55
    Info (12023): Found entity 1: GARCHOMP_ROM File: /home/griznu1_/Nextcloud/ERR/UNI/5semestre/digitales/2proyecto/codigo/GARCHOMP_ROM.vhd Line: 43
Info (12021): Found 2 design units, including 1 entities, in source file JOLTEON_ROM.vhd
    Info (12022): Found design unit 1: jolteon_rom-SYN File: /home/griznu1_/Nextcloud/ERR/UNI/5semestre/digitales/2proyecto/codigo/JOLTEON_ROM.vhd Line: 55
    Info (12023): Found entity 1: JOLTEON_ROM File: /home/griznu1_/Nextcloud/ERR/UNI/5semestre/digitales/2proyecto/codigo/JOLTEON_ROM.vhd Line: 43
Info (12021): Found 2 design units, including 1 entities, in source file LAPRAS_ROM.vhd
    Info (12022): Found design unit 1: lapras_rom-SYN File: /home/griznu1_/Nextcloud/ERR/UNI/5semestre/digitales/2proyecto/codigo/LAPRAS_ROM.vhd Line: 55
    Info (12023): Found entity 1: LAPRAS_ROM File: /home/griznu1_/Nextcloud/ERR/UNI/5semestre/digitales/2proyecto/codigo/LAPRAS_ROM.vhd Line: 43
Info (12021): Found 2 design units, including 1 entities, in source file LEAFEON_ROM.vhd
    Info (12022): Found design unit 1: leafeon_rom-SYN File: /home/griznu1_/Nextcloud/ERR/UNI/5semestre/digitales/2proyecto/codigo/LEAFEON_ROM.vhd Line: 55
    Info (12023): Found entity 1: LEAFEON_ROM File: /home/griznu1_/Nextcloud/ERR/UNI/5semestre/digitales/2proyecto/codigo/LEAFEON_ROM.vhd Line: 43
Info (12021): Found 2 design units, including 1 entities, in source file ODDISH_ROM.vhd
    Info (12022): Found design unit 1: oddish_rom-SYN File: /home/griznu1_/Nextcloud/ERR/UNI/5semestre/digitales/2proyecto/codigo/ODDISH_ROM.vhd Line: 55
    Info (12023): Found entity 1: ODDISH_ROM File: /home/griznu1_/Nextcloud/ERR/UNI/5semestre/digitales/2proyecto/codigo/ODDISH_ROM.vhd Line: 43
Info (12021): Found 2 design units, including 1 entities, in source file PLL_40MHz.vhd
    Info (12022): Found design unit 1: PLL_40MHz-rtl File: /home/griznu1_/Nextcloud/ERR/UNI/5semestre/digitales/2proyecto/codigo/PLL_40MHz.vhd Line: 20
    Info (12023): Found entity 1: PLL_40MHz File: /home/griznu1_/Nextcloud/ERR/UNI/5semestre/digitales/2proyecto/codigo/PLL_40MHz.vhd Line: 11
Info (12021): Found 1 design units, including 1 entities, in source file PLL_40MHz/PLL_40MHz_0002.v
    Info (12023): Found entity 1: PLL_40MHz_0002 File: /home/griznu1_/Nextcloud/ERR/UNI/5semestre/digitales/2proyecto/codigo/PLL_40MHz/PLL_40MHz_0002.v Line: 2
Info (12021): Found 2 design units, including 1 entities, in source file RANDOM_ROM.vhd
    Info (12022): Found design unit 1: random_rom-SYN File: /home/griznu1_/Nextcloud/ERR/UNI/5semestre/digitales/2proyecto/codigo/RANDOM_ROM.vhd Line: 55
    Info (12023): Found entity 1: RANDOM_ROM File: /home/griznu1_/Nextcloud/ERR/UNI/5semestre/digitales/2proyecto/codigo/RANDOM_ROM.vhd Line: 43
Info (12021): Found 2 design units, including 1 entities, in source file SANDSLASH_ROM.vhd
    Info (12022): Found design unit 1: sandslash_rom-SYN File: /home/griznu1_/Nextcloud/ERR/UNI/5semestre/digitales/2proyecto/codigo/SANDSLASH_ROM.vhd Line: 55
    Info (12023): Found entity 1: SANDSLASH_ROM File: /home/griznu1_/Nextcloud/ERR/UNI/5semestre/digitales/2proyecto/codigo/SANDSLASH_ROM.vhd Line: 43
Info (12021): Found 2 design units, including 1 entities, in source file VAPOREON_ROM.vhd
    Info (12022): Found design unit 1: vaporeon_rom-SYN File: /home/griznu1_/Nextcloud/ERR/UNI/5semestre/digitales/2proyecto/codigo/VAPOREON_ROM.vhd Line: 55
    Info (12023): Found entity 1: VAPOREON_ROM File: /home/griznu1_/Nextcloud/ERR/UNI/5semestre/digitales/2proyecto/codigo/VAPOREON_ROM.vhd Line: 43
Info (12021): Found 2 design units, including 1 entities, in source file ZERAORA_ROM.vhd
    Info (12022): Found design unit 1: zeraora_rom-SYN File: /home/griznu1_/Nextcloud/ERR/UNI/5semestre/digitales/2proyecto/codigo/ZERAORA_ROM.vhd Line: 55
    Info (12023): Found entity 1: ZERAORA_ROM File: /home/griznu1_/Nextcloud/ERR/UNI/5semestre/digitales/2proyecto/codigo/ZERAORA_ROM.vhd Line: 43
Info (12021): Found 2 design units, including 1 entities, in source file VGA.vhd
    Info (12022): Found design unit 1: VGA-call File: /home/griznu1_/Nextcloud/ERR/UNI/5semestre/digitales/2proyecto/codigo/VGA.vhd Line: 35
    Info (12023): Found entity 1: VGA File: /home/griznu1_/Nextcloud/ERR/UNI/5semestre/digitales/2proyecto/codigo/VGA.vhd Line: 10
Info (12021): Found 2 design units, including 0 entities, in source file VGA_package.vhd
    Info (12022): Found design unit 1: VGA_package File: /home/griznu1_/Nextcloud/ERR/UNI/5semestre/digitales/2proyecto/codigo/VGA_package.vhd Line: 7
    Info (12022): Found design unit 2: VGA_package-body File: /home/griznu1_/Nextcloud/ERR/UNI/5semestre/digitales/2proyecto/codigo/VGA_package.vhd Line: 65
Info (12021): Found 2 design units, including 0 entities, in source file basic_package.vhd
    Info (12022): Found design unit 1: basic_package File: /home/griznu1_/Nextcloud/ERR/UNI/5semestre/digitales/2proyecto/codigo/basic_package.vhd Line: 5
    Info (12022): Found design unit 2: basic_package-body File: /home/griznu1_/Nextcloud/ERR/UNI/5semestre/digitales/2proyecto/codigo/basic_package.vhd Line: 58
Info (12021): Found 2 design units, including 1 entities, in source file bit1_fullAdder.vhd
    Info (12022): Found design unit 1: bit1_fullAdder-mux_sumador File: /home/griznu1_/Nextcloud/ERR/UNI/5semestre/digitales/2proyecto/codigo/bit1_fullAdder.vhd Line: 14
    Info (12023): Found entity 1: bit1_fullAdder File: /home/griznu1_/Nextcloud/ERR/UNI/5semestre/digitales/2proyecto/codigo/bit1_fullAdder.vhd Line: 4
Info (12021): Found 2 design units, including 1 entities, in source file bitn_fullAdder.vhd
    Info (12022): Found design unit 1: bitn_fullAdder-call File: /home/griznu1_/Nextcloud/ERR/UNI/5semestre/digitales/2proyecto/codigo/bitn_fullAdder.vhd Line: 16
    Info (12023): Found entity 1: bitn_fullAdder File: /home/griznu1_/Nextcloud/ERR/UNI/5semestre/digitales/2proyecto/codigo/bitn_fullAdder.vhd Line: 4
Info (12021): Found 2 design units, including 1 entities, in source file contador_uni.vhd
    Info (12022): Found design unit 1: contador_uni-rtl File: /home/griznu1_/Nextcloud/ERR/UNI/5semestre/digitales/2proyecto/codigo/contador_uni.vhd Line: 22
    Info (12023): Found entity 1: contador_uni File: /home/griznu1_/Nextcloud/ERR/UNI/5semestre/digitales/2proyecto/codigo/contador_uni.vhd Line: 6
Info (12021): Found 2 design units, including 1 entities, in source file image_sync.vhd
    Info (12022): Found design unit 1: image_sync-main_arch File: /home/griznu1_/Nextcloud/ERR/UNI/5semestre/digitales/2proyecto/codigo/image_sync.vhd Line: 21
    Info (12023): Found entity 1: image_sync File: /home/griznu1_/Nextcloud/ERR/UNI/5semestre/digitales/2proyecto/codigo/image_sync.vhd Line: 8
Info (12021): Found 2 design units, including 1 entities, in source file move_controller.vhd
    Info (12022): Found design unit 1: move_controller-sinchronous File: /home/griznu1_/Nextcloud/ERR/UNI/5semestre/digitales/2proyecto/codigo/move_controller.vhd Line: 23
    Info (12023): Found entity 1: move_controller File: /home/griznu1_/Nextcloud/ERR/UNI/5semestre/digitales/2proyecto/codigo/move_controller.vhd Line: 7
Info (12021): Found 2 design units, including 1 entities, in source file pixel_generate.vhd
    Info (12022): Found design unit 1: pixel_generate-main File: /home/griznu1_/Nextcloud/ERR/UNI/5semestre/digitales/2proyecto/codigo/pixel_generate.vhd Line: 29
    Info (12023): Found entity 1: pixel_generate File: /home/griznu1_/Nextcloud/ERR/UNI/5semestre/digitales/2proyecto/codigo/pixel_generate.vhd Line: 8
Info (12021): Found 2 design units, including 1 entities, in source file pokemon_sel.vhd
    Info (12022): Found design unit 1: pokemon_sel-main File: /home/griznu1_/Nextcloud/ERR/UNI/5semestre/digitales/2proyecto/codigo/pokemon_sel.vhd Line: 21
    Info (12023): Found entity 1: pokemon_sel File: /home/griznu1_/Nextcloud/ERR/UNI/5semestre/digitales/2proyecto/codigo/pokemon_sel.vhd Line: 8
Info (12021): Found 2 design units, including 1 entities, in source file NAMES_ROM.vhd
    Info (12022): Found design unit 1: names_rom-SYN File: /home/griznu1_/Nextcloud/ERR/UNI/5semestre/digitales/2proyecto/codigo/NAMES_ROM.vhd Line: 55
    Info (12023): Found entity 1: NAMES_ROM File: /home/griznu1_/Nextcloud/ERR/UNI/5semestre/digitales/2proyecto/codigo/NAMES_ROM.vhd Line: 43
Info (12127): Elaborating entity "POKEMON" for the top level hierarchy
Info (12128): Elaborating entity "VGA" for hierarchy "VGA:IMAGE_CONTROL" File: /home/griznu1_/Nextcloud/ERR/UNI/5semestre/digitales/2proyecto/codigo/POKEMON.vhd Line: 45
Info (12128): Elaborating entity "move_controller" for hierarchy "VGA:IMAGE_CONTROL|move_controller:MOVE_CONT" File: /home/griznu1_/Nextcloud/ERR/UNI/5semestre/digitales/2proyecto/codigo/VGA.vhd Line: 48
Info (12128): Elaborating entity "contador_uni" for hierarchy "VGA:IMAGE_CONTROL|move_controller:MOVE_CONT|contador_uni:REFRESH_C0" File: /home/griznu1_/Nextcloud/ERR/UNI/5semestre/digitales/2proyecto/codigo/move_controller.vhd Line: 241
Info (12128): Elaborating entity "bitn_fullAdder" for hierarchy "VGA:IMAGE_CONTROL|move_controller:MOVE_CONT|bitn_fullAdder:POS0_X_SUM" File: /home/griznu1_/Nextcloud/ERR/UNI/5semestre/digitales/2proyecto/codigo/move_controller.vhd Line: 348
Info (12128): Elaborating entity "bit1_fullAdder" for hierarchy "VGA:IMAGE_CONTROL|move_controller:MOVE_CONT|bitn_fullAdder:POS0_X_SUM|bit1_fullAdder:fullAdder0" File: /home/griznu1_/Nextcloud/ERR/UNI/5semestre/digitales/2proyecto/codigo/bitn_fullAdder.vhd Line: 21
Info (12128): Elaborating entity "PLL_40MHz" for hierarchy "VGA:IMAGE_CONTROL|PLL_40MHz:CLOCK_BLOCK" File: /home/griznu1_/Nextcloud/ERR/UNI/5semestre/digitales/2proyecto/codigo/VGA.vhd Line: 71
Info (12128): Elaborating entity "PLL_40MHz_0002" for hierarchy "VGA:IMAGE_CONTROL|PLL_40MHz:CLOCK_BLOCK|PLL_40MHz_0002:pll_40mhz_inst" File: /home/griznu1_/Nextcloud/ERR/UNI/5semestre/digitales/2proyecto/codigo/PLL_40MHz.vhd Line: 32
Info (12128): Elaborating entity "altera_pll" for hierarchy "VGA:IMAGE_CONTROL|PLL_40MHz:CLOCK_BLOCK|PLL_40MHz_0002:pll_40mhz_inst|altera_pll:altera_pll_i" File: /home/griznu1_/Nextcloud/ERR/UNI/5semestre/digitales/2proyecto/codigo/PLL_40MHz/PLL_40MHz_0002.v Line: 85
Info (10008): Verilog HDL or VHDL information: EDA Netlist Writer cannot regroup multidimensional array "wire_to_nowhere_64" into its bus
Info (12130): Elaborated megafunction instantiation "VGA:IMAGE_CONTROL|PLL_40MHz:CLOCK_BLOCK|PLL_40MHz_0002:pll_40mhz_inst|altera_pll:altera_pll_i" File: /home/griznu1_/Nextcloud/ERR/UNI/5semestre/digitales/2proyecto/codigo/PLL_40MHz/PLL_40MHz_0002.v Line: 85
Info (12133): Instantiated megafunction "VGA:IMAGE_CONTROL|PLL_40MHz:CLOCK_BLOCK|PLL_40MHz_0002:pll_40mhz_inst|altera_pll:altera_pll_i" with the following parameter: File: /home/griznu1_/Nextcloud/ERR/UNI/5semestre/digitales/2proyecto/codigo/PLL_40MHz/PLL_40MHz_0002.v Line: 85
    Info (12134): Parameter "fractional_vco_multiplier" = "false"
    Info (12134): Parameter "reference_clock_frequency" = "50.0 MHz"
    Info (12134): Parameter "operation_mode" = "direct"
    Info (12134): Parameter "number_of_clocks" = "1"
    Info (12134): Parameter "output_clock_frequency0" = "40.000000 MHz"
    Info (12134): Parameter "phase_shift0" = "0 ps"
    Info (12134): Parameter "duty_cycle0" = "50"
    Info (12134): Parameter "output_clock_frequency1" = "0 MHz"
    Info (12134): Parameter "phase_shift1" = "0 ps"
    Info (12134): Parameter "duty_cycle1" = "50"
    Info (12134): Parameter "output_clock_frequency2" = "0 MHz"
    Info (12134): Parameter "phase_shift2" = "0 ps"
    Info (12134): Parameter "duty_cycle2" = "50"
    Info (12134): Parameter "output_clock_frequency3" = "0 MHz"
    Info (12134): Parameter "phase_shift3" = "0 ps"
    Info (12134): Parameter "duty_cycle3" = "50"
    Info (12134): Parameter "output_clock_frequency4" = "0 MHz"
    Info (12134): Parameter "phase_shift4" = "0 ps"
    Info (12134): Parameter "duty_cycle4" = "50"
    Info (12134): Parameter "output_clock_frequency5" = "0 MHz"
    Info (12134): Parameter "phase_shift5" = "0 ps"
    Info (12134): Parameter "duty_cycle5" = "50"
    Info (12134): Parameter "output_clock_frequency6" = "0 MHz"
    Info (12134): Parameter "phase_shift6" = "0 ps"
    Info (12134): Parameter "duty_cycle6" = "50"
    Info (12134): Parameter "output_clock_frequency7" = "0 MHz"
    Info (12134): Parameter "phase_shift7" = "0 ps"
    Info (12134): Parameter "duty_cycle7" = "50"
    Info (12134): Parameter "output_clock_frequency8" = "0 MHz"
    Info (12134): Parameter "phase_shift8" = "0 ps"
    Info (12134): Parameter "duty_cycle8" = "50"
    Info (12134): Parameter "output_clock_frequency9" = "0 MHz"
    Info (12134): Parameter "phase_shift9" = "0 ps"
    Info (12134): Parameter "duty_cycle9" = "50"
    Info (12134): Parameter "output_clock_frequency10" = "0 MHz"
    Info (12134): Parameter "phase_shift10" = "0 ps"
    Info (12134): Parameter "duty_cycle10" = "50"
    Info (12134): Parameter "output_clock_frequency11" = "0 MHz"
    Info (12134): Parameter "phase_shift11" = "0 ps"
    Info (12134): Parameter "duty_cycle11" = "50"
    Info (12134): Parameter "output_clock_frequency12" = "0 MHz"
    Info (12134): Parameter "phase_shift12" = "0 ps"
    Info (12134): Parameter "duty_cycle12" = "50"
    Info (12134): Parameter "output_clock_frequency13" = "0 MHz"
    Info (12134): Parameter "phase_shift13" = "0 ps"
    Info (12134): Parameter "duty_cycle13" = "50"
    Info (12134): Parameter "output_clock_frequency14" = "0 MHz"
    Info (12134): Parameter "phase_shift14" = "0 ps"
    Info (12134): Parameter "duty_cycle14" = "50"
    Info (12134): Parameter "output_clock_frequency15" = "0 MHz"
    Info (12134): Parameter "phase_shift15" = "0 ps"
    Info (12134): Parameter "duty_cycle15" = "50"
    Info (12134): Parameter "output_clock_frequency16" = "0 MHz"
    Info (12134): Parameter "phase_shift16" = "0 ps"
    Info (12134): Parameter "duty_cycle16" = "50"
    Info (12134): Parameter "output_clock_frequency17" = "0 MHz"
    Info (12134): Parameter "phase_shift17" = "0 ps"
    Info (12134): Parameter "duty_cycle17" = "50"
    Info (12134): Parameter "pll_type" = "General"
    Info (12134): Parameter "pll_subtype" = "General"
Info (12128): Elaborating entity "image_sync" for hierarchy "VGA:IMAGE_CONTROL|image_sync:SYNC_BLOCK" File: /home/griznu1_/Nextcloud/ERR/UNI/5semestre/digitales/2proyecto/codigo/VGA.vhd Line: 80
Info (12128): Elaborating entity "contador_uni" for hierarchy "VGA:IMAGE_CONTROL|image_sync:SYNC_BLOCK|contador_uni:H_COUNTER" File: /home/griznu1_/Nextcloud/ERR/UNI/5semestre/digitales/2proyecto/codigo/image_sync.vhd Line: 64
Info (12128): Elaborating entity "pixel_generate" for hierarchy "VGA:IMAGE_CONTROL|pixel_generate:COLOR_BLOCK" File: /home/griznu1_/Nextcloud/ERR/UNI/5semestre/digitales/2proyecto/codigo/VGA.vhd Line: 92
Info (12128): Elaborating entity "pokemon_sel" for hierarchy "VGA:IMAGE_CONTROL|pixel_generate:COLOR_BLOCK|pokemon_sel:PK_SEL" File: /home/griznu1_/Nextcloud/ERR/UNI/5semestre/digitales/2proyecto/codigo/pixel_generate.vhd Line: 75
Info (12128): Elaborating entity "LEAFEON_ROM" for hierarchy "VGA:IMAGE_CONTROL|pixel_generate:COLOR_BLOCK|pokemon_sel:PK_SEL|LEAFEON_ROM:LEAFEON_SP" File: /home/griznu1_/Nextcloud/ERR/UNI/5semestre/digitales/2proyecto/codigo/pokemon_sel.vhd Line: 430
Info (12128): Elaborating entity "altsyncram" for hierarchy "VGA:IMAGE_CONTROL|pixel_generate:COLOR_BLOCK|pokemon_sel:PK_SEL|LEAFEON_ROM:LEAFEON_SP|altsyncram:altsyncram_component" File: /home/griznu1_/Nextcloud/ERR/UNI/5semestre/digitales/2proyecto/codigo/LEAFEON_ROM.vhd Line: 70
Info (12130): Elaborated megafunction instantiation "VGA:IMAGE_CONTROL|pixel_generate:COLOR_BLOCK|pokemon_sel:PK_SEL|LEAFEON_ROM:LEAFEON_SP|altsyncram:altsyncram_component" File: /home/griznu1_/Nextcloud/ERR/UNI/5semestre/digitales/2proyecto/codigo/LEAFEON_ROM.vhd Line: 70
Info (12133): Instantiated megafunction "VGA:IMAGE_CONTROL|pixel_generate:COLOR_BLOCK|pokemon_sel:PK_SEL|LEAFEON_ROM:LEAFEON_SP|altsyncram:altsyncram_component" with the following parameter: File: /home/griznu1_/Nextcloud/ERR/UNI/5semestre/digitales/2proyecto/codigo/LEAFEON_ROM.vhd Line: 70
    Info (12134): Parameter "address_aclr_a" = "UNUSED"
    Info (12134): Parameter "address_aclr_b" = "NONE"
    Info (12134): Parameter "address_reg_b" = "CLOCK0"
    Info (12134): Parameter "byte_size" = "8"
    Info (12134): Parameter "byteena_aclr_a" = "UNUSED"
    Info (12134): Parameter "byteena_aclr_b" = "NONE"
    Info (12134): Parameter "byteena_reg_b" = "CLOCK1"
    Info (12134): Parameter "clock_enable_core_a" = "USE_INPUT_CLKEN"
    Info (12134): Parameter "clock_enable_core_b" = "USE_INPUT_CLKEN"
    Info (12134): Parameter "clock_enable_input_a" = "BYPASS"
    Info (12134): Parameter "clock_enable_input_b" = "BYPASS"
    Info (12134): Parameter "clock_enable_output_a" = "BYPASS"
    Info (12134): Parameter "clock_enable_output_b" = "BYPASS"
    Info (12134): Parameter "intended_device_family" = "Cyclone V"
    Info (12134): Parameter "ecc_pipeline_stage_enabled" = "FALSE"
    Info (12134): Parameter "enable_ecc" = "FALSE"
    Info (12134): Parameter "implement_in_les" = "OFF"
    Info (12134): Parameter "indata_aclr_a" = "UNUSED"
    Info (12134): Parameter "indata_aclr_b" = "NONE"
    Info (12134): Parameter "indata_reg_b" = "CLOCK0"
    Info (12134): Parameter "init_file" = "../sprite_mifs/leafeon.mif"
    Info (12134): Parameter "init_file_layout" = "PORT_A"
    Info (12134): Parameter "maximum_depth" = "0"
    Info (12134): Parameter "numwords_a" = "4096"
    Info (12134): Parameter "numwords_b" = "4096"
    Info (12134): Parameter "operation_mode" = "BIDIR_DUAL_PORT"
    Info (12134): Parameter "outdata_aclr_a" = "NONE"
    Info (12134): Parameter "outdata_aclr_b" = "NONE"
    Info (12134): Parameter "outdata_reg_a" = "CLOCK0"
    Info (12134): Parameter "outdata_reg_b" = "CLOCK0"
    Info (12134): Parameter "power_up_uninitialized" = "FALSE"
    Info (12134): Parameter "ram_block_type" = "AUTO"
    Info (12134): Parameter "rdcontrol_aclr_b" = "NONE"
    Info (12134): Parameter "rdcontrol_reg_b" = "CLOCK1"
    Info (12134): Parameter "read_during_write_mode_mixed_ports" = "DONT_CARE"
    Info (12134): Parameter "read_during_write_mode_port_a" = "NEW_DATA_NO_NBE_READ"
    Info (12134): Parameter "read_during_write_mode_port_b" = "NEW_DATA_NO_NBE_READ"
    Info (12134): Parameter "stratixiv_m144k_allow_dual_clocks" = "ON"
    Info (12134): Parameter "width_a" = "16"
    Info (12134): Parameter "width_b" = "16"
    Info (12134): Parameter "width_byteena_a" = "1"
    Info (12134): Parameter "width_byteena_b" = "1"
    Info (12134): Parameter "width_eccstatus" = "3"
    Info (12134): Parameter "widthad_a" = "12"
    Info (12134): Parameter "widthad_b" = "12"
    Info (12134): Parameter "wrcontrol_aclr_a" = "UNUSED"
    Info (12134): Parameter "wrcontrol_aclr_b" = "NONE"
    Info (12134): Parameter "wrcontrol_wraddress_reg_b" = "CLOCK0"
    Info (12134): Parameter "lpm_hint" = "UNUSED"
    Info (12134): Parameter "lpm_type" = "altsyncram"
Info (12021): Found 1 design units, including 1 entities, in source file db/altsyncram_5224.tdf
    Info (12023): Found entity 1: altsyncram_5224 File: /home/griznu1_/Nextcloud/ERR/UNI/5semestre/digitales/2proyecto/codigo/db/altsyncram_5224.tdf Line: 28
Info (12128): Elaborating entity "altsyncram_5224" for hierarchy "VGA:IMAGE_CONTROL|pixel_generate:COLOR_BLOCK|pokemon_sel:PK_SEL|LEAFEON_ROM:LEAFEON_SP|altsyncram:altsyncram_component|altsyncram_5224:auto_generated" File: /opt/intelFPGA/25.1/quartus/libraries/megafunctions/altsyncram.tdf Line: 792
Info (12128): Elaborating entity "ZERAORA_ROM" for hierarchy "VGA:IMAGE_CONTROL|pixel_generate:COLOR_BLOCK|pokemon_sel:PK_SEL|ZERAORA_ROM:ZERAORA_SP" File: /home/griznu1_/Nextcloud/ERR/UNI/5semestre/digitales/2proyecto/codigo/pokemon_sel.vhd Line: 439
Info (12128): Elaborating entity "altsyncram" for hierarchy "VGA:IMAGE_CONTROL|pixel_generate:COLOR_BLOCK|pokemon_sel:PK_SEL|ZERAORA_ROM:ZERAORA_SP|altsyncram:altsyncram_component" File: /home/griznu1_/Nextcloud/ERR/UNI/5semestre/digitales/2proyecto/codigo/ZERAORA_ROM.vhd Line: 70
Info (12130): Elaborated megafunction instantiation "VGA:IMAGE_CONTROL|pixel_generate:COLOR_BLOCK|pokemon_sel:PK_SEL|ZERAORA_ROM:ZERAORA_SP|altsyncram:altsyncram_component" File: /home/griznu1_/Nextcloud/ERR/UNI/5semestre/digitales/2proyecto/codigo/ZERAORA_ROM.vhd Line: 70
Info (12133): Instantiated megafunction "VGA:IMAGE_CONTROL|pixel_generate:COLOR_BLOCK|pokemon_sel:PK_SEL|ZERAORA_ROM:ZERAORA_SP|altsyncram:altsyncram_component" with the following parameter: File: /home/griznu1_/Nextcloud/ERR/UNI/5semestre/digitales/2proyecto/codigo/ZERAORA_ROM.vhd Line: 70
    Info (12134): Parameter "address_aclr_a" = "UNUSED"
    Info (12134): Parameter "address_aclr_b" = "NONE"
    Info (12134): Parameter "address_reg_b" = "CLOCK0"
    Info (12134): Parameter "byte_size" = "8"
    Info (12134): Parameter "byteena_aclr_a" = "UNUSED"
    Info (12134): Parameter "byteena_aclr_b" = "NONE"
    Info (12134): Parameter "byteena_reg_b" = "CLOCK1"
    Info (12134): Parameter "clock_enable_core_a" = "USE_INPUT_CLKEN"
    Info (12134): Parameter "clock_enable_core_b" = "USE_INPUT_CLKEN"
    Info (12134): Parameter "clock_enable_input_a" = "BYPASS"
    Info (12134): Parameter "clock_enable_input_b" = "BYPASS"
    Info (12134): Parameter "clock_enable_output_a" = "BYPASS"
    Info (12134): Parameter "clock_enable_output_b" = "BYPASS"
    Info (12134): Parameter "intended_device_family" = "Cyclone V"
    Info (12134): Parameter "ecc_pipeline_stage_enabled" = "FALSE"
    Info (12134): Parameter "enable_ecc" = "FALSE"
    Info (12134): Parameter "implement_in_les" = "OFF"
    Info (12134): Parameter "indata_aclr_a" = "UNUSED"
    Info (12134): Parameter "indata_aclr_b" = "NONE"
    Info (12134): Parameter "indata_reg_b" = "CLOCK0"
    Info (12134): Parameter "init_file" = "../sprite_mifs/zeraora.mif"
    Info (12134): Parameter "init_file_layout" = "PORT_A"
    Info (12134): Parameter "maximum_depth" = "0"
    Info (12134): Parameter "numwords_a" = "4096"
    Info (12134): Parameter "numwords_b" = "4096"
    Info (12134): Parameter "operation_mode" = "BIDIR_DUAL_PORT"
    Info (12134): Parameter "outdata_aclr_a" = "NONE"
    Info (12134): Parameter "outdata_aclr_b" = "NONE"
    Info (12134): Parameter "outdata_reg_a" = "CLOCK0"
    Info (12134): Parameter "outdata_reg_b" = "CLOCK0"
    Info (12134): Parameter "power_up_uninitialized" = "FALSE"
    Info (12134): Parameter "ram_block_type" = "AUTO"
    Info (12134): Parameter "rdcontrol_aclr_b" = "NONE"
    Info (12134): Parameter "rdcontrol_reg_b" = "CLOCK1"
    Info (12134): Parameter "read_during_write_mode_mixed_ports" = "DONT_CARE"
    Info (12134): Parameter "read_during_write_mode_port_a" = "NEW_DATA_NO_NBE_READ"
    Info (12134): Parameter "read_during_write_mode_port_b" = "NEW_DATA_NO_NBE_READ"
    Info (12134): Parameter "stratixiv_m144k_allow_dual_clocks" = "ON"
    Info (12134): Parameter "width_a" = "16"
    Info (12134): Parameter "width_b" = "16"
    Info (12134): Parameter "width_byteena_a" = "1"
    Info (12134): Parameter "width_byteena_b" = "1"
    Info (12134): Parameter "width_eccstatus" = "3"
    Info (12134): Parameter "widthad_a" = "12"
    Info (12134): Parameter "widthad_b" = "12"
    Info (12134): Parameter "wrcontrol_aclr_a" = "UNUSED"
    Info (12134): Parameter "wrcontrol_aclr_b" = "NONE"
    Info (12134): Parameter "wrcontrol_wraddress_reg_b" = "CLOCK0"
    Info (12134): Parameter "lpm_hint" = "UNUSED"
    Info (12134): Parameter "lpm_type" = "altsyncram"
Info (12021): Found 1 design units, including 1 entities, in source file db/altsyncram_v224.tdf
    Info (12023): Found entity 1: altsyncram_v224 File: /home/griznu1_/Nextcloud/ERR/UNI/5semestre/digitales/2proyecto/codigo/db/altsyncram_v224.tdf Line: 28
Info (12128): Elaborating entity "altsyncram_v224" for hierarchy "VGA:IMAGE_CONTROL|pixel_generate:COLOR_BLOCK|pokemon_sel:PK_SEL|ZERAORA_ROM:ZERAORA_SP|altsyncram:altsyncram_component|altsyncram_v224:auto_generated" File: /opt/intelFPGA/25.1/quartus/libraries/megafunctions/altsyncram.tdf Line: 792
Info (12128): Elaborating entity "VAPOREON_ROM" for hierarchy "VGA:IMAGE_CONTROL|pixel_generate:COLOR_BLOCK|pokemon_sel:PK_SEL|VAPOREON_ROM:VAPOREON_SP" File: /home/griznu1_/Nextcloud/ERR/UNI/5semestre/digitales/2proyecto/codigo/pokemon_sel.vhd Line: 448
Info (12128): Elaborating entity "altsyncram" for hierarchy "VGA:IMAGE_CONTROL|pixel_generate:COLOR_BLOCK|pokemon_sel:PK_SEL|VAPOREON_ROM:VAPOREON_SP|altsyncram:altsyncram_component" File: /home/griznu1_/Nextcloud/ERR/UNI/5semestre/digitales/2proyecto/codigo/VAPOREON_ROM.vhd Line: 70
Info (12130): Elaborated megafunction instantiation "VGA:IMAGE_CONTROL|pixel_generate:COLOR_BLOCK|pokemon_sel:PK_SEL|VAPOREON_ROM:VAPOREON_SP|altsyncram:altsyncram_component" File: /home/griznu1_/Nextcloud/ERR/UNI/5semestre/digitales/2proyecto/codigo/VAPOREON_ROM.vhd Line: 70
Info (12133): Instantiated megafunction "VGA:IMAGE_CONTROL|pixel_generate:COLOR_BLOCK|pokemon_sel:PK_SEL|VAPOREON_ROM:VAPOREON_SP|altsyncram:altsyncram_component" with the following parameter: File: /home/griznu1_/Nextcloud/ERR/UNI/5semestre/digitales/2proyecto/codigo/VAPOREON_ROM.vhd Line: 70
    Info (12134): Parameter "address_aclr_a" = "UNUSED"
    Info (12134): Parameter "address_aclr_b" = "NONE"
    Info (12134): Parameter "address_reg_b" = "CLOCK0"
    Info (12134): Parameter "byte_size" = "8"
    Info (12134): Parameter "byteena_aclr_a" = "UNUSED"
    Info (12134): Parameter "byteena_aclr_b" = "NONE"
    Info (12134): Parameter "byteena_reg_b" = "CLOCK1"
    Info (12134): Parameter "clock_enable_core_a" = "USE_INPUT_CLKEN"
    Info (12134): Parameter "clock_enable_core_b" = "USE_INPUT_CLKEN"
    Info (12134): Parameter "clock_enable_input_a" = "BYPASS"
    Info (12134): Parameter "clock_enable_input_b" = "BYPASS"
    Info (12134): Parameter "clock_enable_output_a" = "BYPASS"
    Info (12134): Parameter "clock_enable_output_b" = "BYPASS"
    Info (12134): Parameter "intended_device_family" = "Cyclone V"
    Info (12134): Parameter "ecc_pipeline_stage_enabled" = "FALSE"
    Info (12134): Parameter "enable_ecc" = "FALSE"
    Info (12134): Parameter "implement_in_les" = "OFF"
    Info (12134): Parameter "indata_aclr_a" = "UNUSED"
    Info (12134): Parameter "indata_aclr_b" = "NONE"
    Info (12134): Parameter "indata_reg_b" = "CLOCK0"
    Info (12134): Parameter "init_file" = "../sprite_mifs/vaporeon.mif"
    Info (12134): Parameter "init_file_layout" = "PORT_A"
    Info (12134): Parameter "maximum_depth" = "0"
    Info (12134): Parameter "numwords_a" = "4096"
    Info (12134): Parameter "numwords_b" = "4096"
    Info (12134): Parameter "operation_mode" = "BIDIR_DUAL_PORT"
    Info (12134): Parameter "outdata_aclr_a" = "NONE"
    Info (12134): Parameter "outdata_aclr_b" = "NONE"
    Info (12134): Parameter "outdata_reg_a" = "CLOCK0"
    Info (12134): Parameter "outdata_reg_b" = "CLOCK0"
    Info (12134): Parameter "power_up_uninitialized" = "FALSE"
    Info (12134): Parameter "ram_block_type" = "AUTO"
    Info (12134): Parameter "rdcontrol_aclr_b" = "NONE"
    Info (12134): Parameter "rdcontrol_reg_b" = "CLOCK1"
    Info (12134): Parameter "read_during_write_mode_mixed_ports" = "DONT_CARE"
    Info (12134): Parameter "read_during_write_mode_port_a" = "NEW_DATA_NO_NBE_READ"
    Info (12134): Parameter "read_during_write_mode_port_b" = "NEW_DATA_NO_NBE_READ"
    Info (12134): Parameter "stratixiv_m144k_allow_dual_clocks" = "ON"
    Info (12134): Parameter "width_a" = "16"
    Info (12134): Parameter "width_b" = "16"
    Info (12134): Parameter "width_byteena_a" = "1"
    Info (12134): Parameter "width_byteena_b" = "1"
    Info (12134): Parameter "width_eccstatus" = "3"
    Info (12134): Parameter "widthad_a" = "12"
    Info (12134): Parameter "widthad_b" = "12"
    Info (12134): Parameter "wrcontrol_aclr_a" = "UNUSED"
    Info (12134): Parameter "wrcontrol_aclr_b" = "NONE"
    Info (12134): Parameter "wrcontrol_wraddress_reg_b" = "CLOCK0"
    Info (12134): Parameter "lpm_hint" = "UNUSED"
    Info (12134): Parameter "lpm_type" = "altsyncram"
Info (12021): Found 1 design units, including 1 entities, in source file db/altsyncram_l624.tdf
    Info (12023): Found entity 1: altsyncram_l624 File: /home/griznu1_/Nextcloud/ERR/UNI/5semestre/digitales/2proyecto/codigo/db/altsyncram_l624.tdf Line: 28
Info (12128): Elaborating entity "altsyncram_l624" for hierarchy "VGA:IMAGE_CONTROL|pixel_generate:COLOR_BLOCK|pokemon_sel:PK_SEL|VAPOREON_ROM:VAPOREON_SP|altsyncram:altsyncram_component|altsyncram_l624:auto_generated" File: /opt/intelFPGA/25.1/quartus/libraries/megafunctions/altsyncram.tdf Line: 792
Info (12128): Elaborating entity "SANDSLASH_ROM" for hierarchy "VGA:IMAGE_CONTROL|pixel_generate:COLOR_BLOCK|pokemon_sel:PK_SEL|SANDSLASH_ROM:SANDSLASH_SP" File: /home/griznu1_/Nextcloud/ERR/UNI/5semestre/digitales/2proyecto/codigo/pokemon_sel.vhd Line: 457
Info (12128): Elaborating entity "altsyncram" for hierarchy "VGA:IMAGE_CONTROL|pixel_generate:COLOR_BLOCK|pokemon_sel:PK_SEL|SANDSLASH_ROM:SANDSLASH_SP|altsyncram:altsyncram_component" File: /home/griznu1_/Nextcloud/ERR/UNI/5semestre/digitales/2proyecto/codigo/SANDSLASH_ROM.vhd Line: 70
Info (12130): Elaborated megafunction instantiation "VGA:IMAGE_CONTROL|pixel_generate:COLOR_BLOCK|pokemon_sel:PK_SEL|SANDSLASH_ROM:SANDSLASH_SP|altsyncram:altsyncram_component" File: /home/griznu1_/Nextcloud/ERR/UNI/5semestre/digitales/2proyecto/codigo/SANDSLASH_ROM.vhd Line: 70
Info (12133): Instantiated megafunction "VGA:IMAGE_CONTROL|pixel_generate:COLOR_BLOCK|pokemon_sel:PK_SEL|SANDSLASH_ROM:SANDSLASH_SP|altsyncram:altsyncram_component" with the following parameter: File: /home/griznu1_/Nextcloud/ERR/UNI/5semestre/digitales/2proyecto/codigo/SANDSLASH_ROM.vhd Line: 70
    Info (12134): Parameter "address_aclr_a" = "UNUSED"
    Info (12134): Parameter "address_aclr_b" = "NONE"
    Info (12134): Parameter "address_reg_b" = "CLOCK0"
    Info (12134): Parameter "byte_size" = "8"
    Info (12134): Parameter "byteena_aclr_a" = "UNUSED"
    Info (12134): Parameter "byteena_aclr_b" = "NONE"
    Info (12134): Parameter "byteena_reg_b" = "CLOCK1"
    Info (12134): Parameter "clock_enable_core_a" = "USE_INPUT_CLKEN"
    Info (12134): Parameter "clock_enable_core_b" = "USE_INPUT_CLKEN"
    Info (12134): Parameter "clock_enable_input_a" = "BYPASS"
    Info (12134): Parameter "clock_enable_input_b" = "BYPASS"
    Info (12134): Parameter "clock_enable_output_a" = "BYPASS"
    Info (12134): Parameter "clock_enable_output_b" = "BYPASS"
    Info (12134): Parameter "intended_device_family" = "Cyclone V"
    Info (12134): Parameter "ecc_pipeline_stage_enabled" = "FALSE"
    Info (12134): Parameter "enable_ecc" = "FALSE"
    Info (12134): Parameter "implement_in_les" = "OFF"
    Info (12134): Parameter "indata_aclr_a" = "UNUSED"
    Info (12134): Parameter "indata_aclr_b" = "NONE"
    Info (12134): Parameter "indata_reg_b" = "CLOCK0"
    Info (12134): Parameter "init_file" = "../sprite_mifs/sandslash.mif"
    Info (12134): Parameter "init_file_layout" = "PORT_A"
    Info (12134): Parameter "maximum_depth" = "0"
    Info (12134): Parameter "numwords_a" = "4096"
    Info (12134): Parameter "numwords_b" = "4096"
    Info (12134): Parameter "operation_mode" = "BIDIR_DUAL_PORT"
    Info (12134): Parameter "outdata_aclr_a" = "NONE"
    Info (12134): Parameter "outdata_aclr_b" = "NONE"
    Info (12134): Parameter "outdata_reg_a" = "CLOCK0"
    Info (12134): Parameter "outdata_reg_b" = "CLOCK0"
    Info (12134): Parameter "power_up_uninitialized" = "FALSE"
    Info (12134): Parameter "ram_block_type" = "AUTO"
    Info (12134): Parameter "rdcontrol_aclr_b" = "NONE"
    Info (12134): Parameter "rdcontrol_reg_b" = "CLOCK1"
    Info (12134): Parameter "read_during_write_mode_mixed_ports" = "DONT_CARE"
    Info (12134): Parameter "read_during_write_mode_port_a" = "NEW_DATA_NO_NBE_READ"
    Info (12134): Parameter "read_during_write_mode_port_b" = "NEW_DATA_NO_NBE_READ"
    Info (12134): Parameter "stratixiv_m144k_allow_dual_clocks" = "ON"
    Info (12134): Parameter "width_a" = "16"
    Info (12134): Parameter "width_b" = "16"
    Info (12134): Parameter "width_byteena_a" = "1"
    Info (12134): Parameter "width_byteena_b" = "1"
    Info (12134): Parameter "width_eccstatus" = "3"
    Info (12134): Parameter "widthad_a" = "12"
    Info (12134): Parameter "widthad_b" = "12"
    Info (12134): Parameter "wrcontrol_aclr_a" = "UNUSED"
    Info (12134): Parameter "wrcontrol_aclr_b" = "NONE"
    Info (12134): Parameter "wrcontrol_wraddress_reg_b" = "CLOCK0"
    Info (12134): Parameter "lpm_hint" = "UNUSED"
    Info (12134): Parameter "lpm_type" = "altsyncram"
Info (12021): Found 1 design units, including 1 entities, in source file db/altsyncram_c924.tdf
    Info (12023): Found entity 1: altsyncram_c924 File: /home/griznu1_/Nextcloud/ERR/UNI/5semestre/digitales/2proyecto/codigo/db/altsyncram_c924.tdf Line: 28
Info (12128): Elaborating entity "altsyncram_c924" for hierarchy "VGA:IMAGE_CONTROL|pixel_generate:COLOR_BLOCK|pokemon_sel:PK_SEL|SANDSLASH_ROM:SANDSLASH_SP|altsyncram:altsyncram_component|altsyncram_c924:auto_generated" File: /opt/intelFPGA/25.1/quartus/libraries/megafunctions/altsyncram.tdf Line: 792
Info (12128): Elaborating entity "ODDISH_ROM" for hierarchy "VGA:IMAGE_CONTROL|pixel_generate:COLOR_BLOCK|pokemon_sel:PK_SEL|ODDISH_ROM:ODDISH_SP" File: /home/griznu1_/Nextcloud/ERR/UNI/5semestre/digitales/2proyecto/codigo/pokemon_sel.vhd Line: 466
Info (12128): Elaborating entity "altsyncram" for hierarchy "VGA:IMAGE_CONTROL|pixel_generate:COLOR_BLOCK|pokemon_sel:PK_SEL|ODDISH_ROM:ODDISH_SP|altsyncram:altsyncram_component" File: /home/griznu1_/Nextcloud/ERR/UNI/5semestre/digitales/2proyecto/codigo/ODDISH_ROM.vhd Line: 70
Info (12130): Elaborated megafunction instantiation "VGA:IMAGE_CONTROL|pixel_generate:COLOR_BLOCK|pokemon_sel:PK_SEL|ODDISH_ROM:ODDISH_SP|altsyncram:altsyncram_component" File: /home/griznu1_/Nextcloud/ERR/UNI/5semestre/digitales/2proyecto/codigo/ODDISH_ROM.vhd Line: 70
Info (12133): Instantiated megafunction "VGA:IMAGE_CONTROL|pixel_generate:COLOR_BLOCK|pokemon_sel:PK_SEL|ODDISH_ROM:ODDISH_SP|altsyncram:altsyncram_component" with the following parameter: File: /home/griznu1_/Nextcloud/ERR/UNI/5semestre/digitales/2proyecto/codigo/ODDISH_ROM.vhd Line: 70
    Info (12134): Parameter "address_aclr_a" = "UNUSED"
    Info (12134): Parameter "address_aclr_b" = "NONE"
    Info (12134): Parameter "address_reg_b" = "CLOCK0"
    Info (12134): Parameter "byte_size" = "8"
    Info (12134): Parameter "byteena_aclr_a" = "UNUSED"
    Info (12134): Parameter "byteena_aclr_b" = "NONE"
    Info (12134): Parameter "byteena_reg_b" = "CLOCK1"
    Info (12134): Parameter "clock_enable_core_a" = "USE_INPUT_CLKEN"
    Info (12134): Parameter "clock_enable_core_b" = "USE_INPUT_CLKEN"
    Info (12134): Parameter "clock_enable_input_a" = "BYPASS"
    Info (12134): Parameter "clock_enable_input_b" = "BYPASS"
    Info (12134): Parameter "clock_enable_output_a" = "BYPASS"
    Info (12134): Parameter "clock_enable_output_b" = "BYPASS"
    Info (12134): Parameter "intended_device_family" = "Cyclone V"
    Info (12134): Parameter "ecc_pipeline_stage_enabled" = "FALSE"
    Info (12134): Parameter "enable_ecc" = "FALSE"
    Info (12134): Parameter "implement_in_les" = "OFF"
    Info (12134): Parameter "indata_aclr_a" = "UNUSED"
    Info (12134): Parameter "indata_aclr_b" = "NONE"
    Info (12134): Parameter "indata_reg_b" = "CLOCK0"
    Info (12134): Parameter "init_file" = "../sprite_mifs/oddish.mif"
    Info (12134): Parameter "init_file_layout" = "PORT_A"
    Info (12134): Parameter "maximum_depth" = "0"
    Info (12134): Parameter "numwords_a" = "4096"
    Info (12134): Parameter "numwords_b" = "4096"
    Info (12134): Parameter "operation_mode" = "BIDIR_DUAL_PORT"
    Info (12134): Parameter "outdata_aclr_a" = "NONE"
    Info (12134): Parameter "outdata_aclr_b" = "NONE"
    Info (12134): Parameter "outdata_reg_a" = "CLOCK0"
    Info (12134): Parameter "outdata_reg_b" = "CLOCK0"
    Info (12134): Parameter "power_up_uninitialized" = "FALSE"
    Info (12134): Parameter "ram_block_type" = "AUTO"
    Info (12134): Parameter "rdcontrol_aclr_b" = "NONE"
    Info (12134): Parameter "rdcontrol_reg_b" = "CLOCK1"
    Info (12134): Parameter "read_during_write_mode_mixed_ports" = "DONT_CARE"
    Info (12134): Parameter "read_during_write_mode_port_a" = "NEW_DATA_NO_NBE_READ"
    Info (12134): Parameter "read_during_write_mode_port_b" = "NEW_DATA_NO_NBE_READ"
    Info (12134): Parameter "stratixiv_m144k_allow_dual_clocks" = "ON"
    Info (12134): Parameter "width_a" = "16"
    Info (12134): Parameter "width_b" = "16"
    Info (12134): Parameter "width_byteena_a" = "1"
    Info (12134): Parameter "width_byteena_b" = "1"
    Info (12134): Parameter "width_eccstatus" = "3"
    Info (12134): Parameter "widthad_a" = "12"
    Info (12134): Parameter "widthad_b" = "12"
    Info (12134): Parameter "wrcontrol_aclr_a" = "UNUSED"
    Info (12134): Parameter "wrcontrol_aclr_b" = "NONE"
    Info (12134): Parameter "wrcontrol_wraddress_reg_b" = "CLOCK0"
    Info (12134): Parameter "lpm_hint" = "UNUSED"
    Info (12134): Parameter "lpm_type" = "altsyncram"
Info (12021): Found 1 design units, including 1 entities, in source file db/altsyncram_6v14.tdf
    Info (12023): Found entity 1: altsyncram_6v14 File: /home/griznu1_/Nextcloud/ERR/UNI/5semestre/digitales/2proyecto/codigo/db/altsyncram_6v14.tdf Line: 28
Info (12128): Elaborating entity "altsyncram_6v14" for hierarchy "VGA:IMAGE_CONTROL|pixel_generate:COLOR_BLOCK|pokemon_sel:PK_SEL|ODDISH_ROM:ODDISH_SP|altsyncram:altsyncram_component|altsyncram_6v14:auto_generated" File: /opt/intelFPGA/25.1/quartus/libraries/megafunctions/altsyncram.tdf Line: 792
Info (12128): Elaborating entity "LAPRAS_ROM" for hierarchy "VGA:IMAGE_CONTROL|pixel_generate:COLOR_BLOCK|pokemon_sel:PK_SEL|LAPRAS_ROM:LAPRAS_SP" File: /home/griznu1_/Nextcloud/ERR/UNI/5semestre/digitales/2proyecto/codigo/pokemon_sel.vhd Line: 475
Info (12128): Elaborating entity "altsyncram" for hierarchy "VGA:IMAGE_CONTROL|pixel_generate:COLOR_BLOCK|pokemon_sel:PK_SEL|LAPRAS_ROM:LAPRAS_SP|altsyncram:altsyncram_component" File: /home/griznu1_/Nextcloud/ERR/UNI/5semestre/digitales/2proyecto/codigo/LAPRAS_ROM.vhd Line: 70
Info (12130): Elaborated megafunction instantiation "VGA:IMAGE_CONTROL|pixel_generate:COLOR_BLOCK|pokemon_sel:PK_SEL|LAPRAS_ROM:LAPRAS_SP|altsyncram:altsyncram_component" File: /home/griznu1_/Nextcloud/ERR/UNI/5semestre/digitales/2proyecto/codigo/LAPRAS_ROM.vhd Line: 70
Info (12133): Instantiated megafunction "VGA:IMAGE_CONTROL|pixel_generate:COLOR_BLOCK|pokemon_sel:PK_SEL|LAPRAS_ROM:LAPRAS_SP|altsyncram:altsyncram_component" with the following parameter: File: /home/griznu1_/Nextcloud/ERR/UNI/5semestre/digitales/2proyecto/codigo/LAPRAS_ROM.vhd Line: 70
    Info (12134): Parameter "address_aclr_a" = "UNUSED"
    Info (12134): Parameter "address_aclr_b" = "NONE"
    Info (12134): Parameter "address_reg_b" = "CLOCK0"
    Info (12134): Parameter "byte_size" = "8"
    Info (12134): Parameter "byteena_aclr_a" = "UNUSED"
    Info (12134): Parameter "byteena_aclr_b" = "NONE"
    Info (12134): Parameter "byteena_reg_b" = "CLOCK1"
    Info (12134): Parameter "clock_enable_core_a" = "USE_INPUT_CLKEN"
    Info (12134): Parameter "clock_enable_core_b" = "USE_INPUT_CLKEN"
    Info (12134): Parameter "clock_enable_input_a" = "BYPASS"
    Info (12134): Parameter "clock_enable_input_b" = "BYPASS"
    Info (12134): Parameter "clock_enable_output_a" = "BYPASS"
    Info (12134): Parameter "clock_enable_output_b" = "BYPASS"
    Info (12134): Parameter "intended_device_family" = "Cyclone V"
    Info (12134): Parameter "ecc_pipeline_stage_enabled" = "FALSE"
    Info (12134): Parameter "enable_ecc" = "FALSE"
    Info (12134): Parameter "implement_in_les" = "OFF"
    Info (12134): Parameter "indata_aclr_a" = "UNUSED"
    Info (12134): Parameter "indata_aclr_b" = "NONE"
    Info (12134): Parameter "indata_reg_b" = "CLOCK0"
    Info (12134): Parameter "init_file" = "../sprite_mifs/lapras.mif"
    Info (12134): Parameter "init_file_layout" = "PORT_A"
    Info (12134): Parameter "maximum_depth" = "0"
    Info (12134): Parameter "numwords_a" = "4096"
    Info (12134): Parameter "numwords_b" = "4096"
    Info (12134): Parameter "operation_mode" = "BIDIR_DUAL_PORT"
    Info (12134): Parameter "outdata_aclr_a" = "NONE"
    Info (12134): Parameter "outdata_aclr_b" = "NONE"
    Info (12134): Parameter "outdata_reg_a" = "CLOCK0"
    Info (12134): Parameter "outdata_reg_b" = "CLOCK0"
    Info (12134): Parameter "power_up_uninitialized" = "FALSE"
    Info (12134): Parameter "ram_block_type" = "AUTO"
    Info (12134): Parameter "rdcontrol_aclr_b" = "NONE"
    Info (12134): Parameter "rdcontrol_reg_b" = "CLOCK1"
    Info (12134): Parameter "read_during_write_mode_mixed_ports" = "DONT_CARE"
    Info (12134): Parameter "read_during_write_mode_port_a" = "NEW_DATA_NO_NBE_READ"
    Info (12134): Parameter "read_during_write_mode_port_b" = "NEW_DATA_NO_NBE_READ"
    Info (12134): Parameter "stratixiv_m144k_allow_dual_clocks" = "ON"
    Info (12134): Parameter "width_a" = "16"
    Info (12134): Parameter "width_b" = "16"
    Info (12134): Parameter "width_byteena_a" = "1"
    Info (12134): Parameter "width_byteena_b" = "1"
    Info (12134): Parameter "width_eccstatus" = "3"
    Info (12134): Parameter "widthad_a" = "12"
    Info (12134): Parameter "widthad_b" = "12"
    Info (12134): Parameter "wrcontrol_aclr_a" = "UNUSED"
    Info (12134): Parameter "wrcontrol_aclr_b" = "NONE"
    Info (12134): Parameter "wrcontrol_wraddress_reg_b" = "CLOCK0"
    Info (12134): Parameter "lpm_hint" = "UNUSED"
    Info (12134): Parameter "lpm_type" = "altsyncram"
Info (12021): Found 1 design units, including 1 entities, in source file db/altsyncram_ev14.tdf
    Info (12023): Found entity 1: altsyncram_ev14 File: /home/griznu1_/Nextcloud/ERR/UNI/5semestre/digitales/2proyecto/codigo/db/altsyncram_ev14.tdf Line: 28
Info (12128): Elaborating entity "altsyncram_ev14" for hierarchy "VGA:IMAGE_CONTROL|pixel_generate:COLOR_BLOCK|pokemon_sel:PK_SEL|LAPRAS_ROM:LAPRAS_SP|altsyncram:altsyncram_component|altsyncram_ev14:auto_generated" File: /opt/intelFPGA/25.1/quartus/libraries/megafunctions/altsyncram.tdf Line: 792
Info (12128): Elaborating entity "JOLTEON_ROM" for hierarchy "VGA:IMAGE_CONTROL|pixel_generate:COLOR_BLOCK|pokemon_sel:PK_SEL|JOLTEON_ROM:JOLTEON_SP" File: /home/griznu1_/Nextcloud/ERR/UNI/5semestre/digitales/2proyecto/codigo/pokemon_sel.vhd Line: 484
Info (12128): Elaborating entity "altsyncram" for hierarchy "VGA:IMAGE_CONTROL|pixel_generate:COLOR_BLOCK|pokemon_sel:PK_SEL|JOLTEON_ROM:JOLTEON_SP|altsyncram:altsyncram_component" File: /home/griznu1_/Nextcloud/ERR/UNI/5semestre/digitales/2proyecto/codigo/JOLTEON_ROM.vhd Line: 70
Info (12130): Elaborated megafunction instantiation "VGA:IMAGE_CONTROL|pixel_generate:COLOR_BLOCK|pokemon_sel:PK_SEL|JOLTEON_ROM:JOLTEON_SP|altsyncram:altsyncram_component" File: /home/griznu1_/Nextcloud/ERR/UNI/5semestre/digitales/2proyecto/codigo/JOLTEON_ROM.vhd Line: 70
Info (12133): Instantiated megafunction "VGA:IMAGE_CONTROL|pixel_generate:COLOR_BLOCK|pokemon_sel:PK_SEL|JOLTEON_ROM:JOLTEON_SP|altsyncram:altsyncram_component" with the following parameter: File: /home/griznu1_/Nextcloud/ERR/UNI/5semestre/digitales/2proyecto/codigo/JOLTEON_ROM.vhd Line: 70
    Info (12134): Parameter "address_aclr_a" = "UNUSED"
    Info (12134): Parameter "address_aclr_b" = "NONE"
    Info (12134): Parameter "address_reg_b" = "CLOCK0"
    Info (12134): Parameter "byte_size" = "8"
    Info (12134): Parameter "byteena_aclr_a" = "UNUSED"
    Info (12134): Parameter "byteena_aclr_b" = "NONE"
    Info (12134): Parameter "byteena_reg_b" = "CLOCK1"
    Info (12134): Parameter "clock_enable_core_a" = "USE_INPUT_CLKEN"
    Info (12134): Parameter "clock_enable_core_b" = "USE_INPUT_CLKEN"
    Info (12134): Parameter "clock_enable_input_a" = "BYPASS"
    Info (12134): Parameter "clock_enable_input_b" = "BYPASS"
    Info (12134): Parameter "clock_enable_output_a" = "BYPASS"
    Info (12134): Parameter "clock_enable_output_b" = "BYPASS"
    Info (12134): Parameter "intended_device_family" = "Cyclone V"
    Info (12134): Parameter "ecc_pipeline_stage_enabled" = "FALSE"
    Info (12134): Parameter "enable_ecc" = "FALSE"
    Info (12134): Parameter "implement_in_les" = "OFF"
    Info (12134): Parameter "indata_aclr_a" = "UNUSED"
    Info (12134): Parameter "indata_aclr_b" = "NONE"
    Info (12134): Parameter "indata_reg_b" = "CLOCK0"
    Info (12134): Parameter "init_file" = "../sprite_mifs/jolteon.mif"
    Info (12134): Parameter "init_file_layout" = "PORT_A"
    Info (12134): Parameter "maximum_depth" = "0"
    Info (12134): Parameter "numwords_a" = "4096"
    Info (12134): Parameter "numwords_b" = "4096"
    Info (12134): Parameter "operation_mode" = "BIDIR_DUAL_PORT"
    Info (12134): Parameter "outdata_aclr_a" = "NONE"
    Info (12134): Parameter "outdata_aclr_b" = "NONE"
    Info (12134): Parameter "outdata_reg_a" = "CLOCK0"
    Info (12134): Parameter "outdata_reg_b" = "CLOCK0"
    Info (12134): Parameter "power_up_uninitialized" = "FALSE"
    Info (12134): Parameter "ram_block_type" = "AUTO"
    Info (12134): Parameter "rdcontrol_aclr_b" = "NONE"
    Info (12134): Parameter "rdcontrol_reg_b" = "CLOCK1"
    Info (12134): Parameter "read_during_write_mode_mixed_ports" = "DONT_CARE"
    Info (12134): Parameter "read_during_write_mode_port_a" = "NEW_DATA_NO_NBE_READ"
    Info (12134): Parameter "read_during_write_mode_port_b" = "NEW_DATA_NO_NBE_READ"
    Info (12134): Parameter "stratixiv_m144k_allow_dual_clocks" = "ON"
    Info (12134): Parameter "width_a" = "16"
    Info (12134): Parameter "width_b" = "16"
    Info (12134): Parameter "width_byteena_a" = "1"
    Info (12134): Parameter "width_byteena_b" = "1"
    Info (12134): Parameter "width_eccstatus" = "3"
    Info (12134): Parameter "widthad_a" = "12"
    Info (12134): Parameter "widthad_b" = "12"
    Info (12134): Parameter "wrcontrol_aclr_a" = "UNUSED"
    Info (12134): Parameter "wrcontrol_aclr_b" = "NONE"
    Info (12134): Parameter "wrcontrol_wraddress_reg_b" = "CLOCK0"
    Info (12134): Parameter "lpm_hint" = "UNUSED"
    Info (12134): Parameter "lpm_type" = "altsyncram"
Info (12021): Found 1 design units, including 1 entities, in source file db/altsyncram_6324.tdf
    Info (12023): Found entity 1: altsyncram_6324 File: /home/griznu1_/Nextcloud/ERR/UNI/5semestre/digitales/2proyecto/codigo/db/altsyncram_6324.tdf Line: 28
Info (12128): Elaborating entity "altsyncram_6324" for hierarchy "VGA:IMAGE_CONTROL|pixel_generate:COLOR_BLOCK|pokemon_sel:PK_SEL|JOLTEON_ROM:JOLTEON_SP|altsyncram:altsyncram_component|altsyncram_6324:auto_generated" File: /opt/intelFPGA/25.1/quartus/libraries/megafunctions/altsyncram.tdf Line: 792
Info (12128): Elaborating entity "GARCHOMP_ROM" for hierarchy "VGA:IMAGE_CONTROL|pixel_generate:COLOR_BLOCK|pokemon_sel:PK_SEL|GARCHOMP_ROM:GARCHOMP_SP" File: /home/griznu1_/Nextcloud/ERR/UNI/5semestre/digitales/2proyecto/codigo/pokemon_sel.vhd Line: 493
Info (12128): Elaborating entity "altsyncram" for hierarchy "VGA:IMAGE_CONTROL|pixel_generate:COLOR_BLOCK|pokemon_sel:PK_SEL|GARCHOMP_ROM:GARCHOMP_SP|altsyncram:altsyncram_component" File: /home/griznu1_/Nextcloud/ERR/UNI/5semestre/digitales/2proyecto/codigo/GARCHOMP_ROM.vhd Line: 70
Info (12130): Elaborated megafunction instantiation "VGA:IMAGE_CONTROL|pixel_generate:COLOR_BLOCK|pokemon_sel:PK_SEL|GARCHOMP_ROM:GARCHOMP_SP|altsyncram:altsyncram_component" File: /home/griznu1_/Nextcloud/ERR/UNI/5semestre/digitales/2proyecto/codigo/GARCHOMP_ROM.vhd Line: 70
Info (12133): Instantiated megafunction "VGA:IMAGE_CONTROL|pixel_generate:COLOR_BLOCK|pokemon_sel:PK_SEL|GARCHOMP_ROM:GARCHOMP_SP|altsyncram:altsyncram_component" with the following parameter: File: /home/griznu1_/Nextcloud/ERR/UNI/5semestre/digitales/2proyecto/codigo/GARCHOMP_ROM.vhd Line: 70
    Info (12134): Parameter "address_aclr_a" = "UNUSED"
    Info (12134): Parameter "address_aclr_b" = "NONE"
    Info (12134): Parameter "address_reg_b" = "CLOCK0"
    Info (12134): Parameter "byte_size" = "8"
    Info (12134): Parameter "byteena_aclr_a" = "UNUSED"
    Info (12134): Parameter "byteena_aclr_b" = "NONE"
    Info (12134): Parameter "byteena_reg_b" = "CLOCK1"
    Info (12134): Parameter "clock_enable_core_a" = "USE_INPUT_CLKEN"
    Info (12134): Parameter "clock_enable_core_b" = "USE_INPUT_CLKEN"
    Info (12134): Parameter "clock_enable_input_a" = "BYPASS"
    Info (12134): Parameter "clock_enable_input_b" = "BYPASS"
    Info (12134): Parameter "clock_enable_output_a" = "BYPASS"
    Info (12134): Parameter "clock_enable_output_b" = "BYPASS"
    Info (12134): Parameter "intended_device_family" = "Cyclone V"
    Info (12134): Parameter "ecc_pipeline_stage_enabled" = "FALSE"
    Info (12134): Parameter "enable_ecc" = "FALSE"
    Info (12134): Parameter "implement_in_les" = "OFF"
    Info (12134): Parameter "indata_aclr_a" = "UNUSED"
    Info (12134): Parameter "indata_aclr_b" = "NONE"
    Info (12134): Parameter "indata_reg_b" = "CLOCK0"
    Info (12134): Parameter "init_file" = "../sprite_mifs/garchomp.mif"
    Info (12134): Parameter "init_file_layout" = "PORT_A"
    Info (12134): Parameter "maximum_depth" = "0"
    Info (12134): Parameter "numwords_a" = "4096"
    Info (12134): Parameter "numwords_b" = "4096"
    Info (12134): Parameter "operation_mode" = "BIDIR_DUAL_PORT"
    Info (12134): Parameter "outdata_aclr_a" = "NONE"
    Info (12134): Parameter "outdata_aclr_b" = "NONE"
    Info (12134): Parameter "outdata_reg_a" = "CLOCK0"
    Info (12134): Parameter "outdata_reg_b" = "CLOCK0"
    Info (12134): Parameter "power_up_uninitialized" = "FALSE"
    Info (12134): Parameter "ram_block_type" = "AUTO"
    Info (12134): Parameter "rdcontrol_aclr_b" = "NONE"
    Info (12134): Parameter "rdcontrol_reg_b" = "CLOCK1"
    Info (12134): Parameter "read_during_write_mode_mixed_ports" = "DONT_CARE"
    Info (12134): Parameter "read_during_write_mode_port_a" = "NEW_DATA_NO_NBE_READ"
    Info (12134): Parameter "read_during_write_mode_port_b" = "NEW_DATA_NO_NBE_READ"
    Info (12134): Parameter "stratixiv_m144k_allow_dual_clocks" = "ON"
    Info (12134): Parameter "width_a" = "16"
    Info (12134): Parameter "width_b" = "16"
    Info (12134): Parameter "width_byteena_a" = "1"
    Info (12134): Parameter "width_byteena_b" = "1"
    Info (12134): Parameter "width_eccstatus" = "3"
    Info (12134): Parameter "widthad_a" = "12"
    Info (12134): Parameter "widthad_b" = "12"
    Info (12134): Parameter "wrcontrol_aclr_a" = "UNUSED"
    Info (12134): Parameter "wrcontrol_aclr_b" = "NONE"
    Info (12134): Parameter "wrcontrol_wraddress_reg_b" = "CLOCK0"
    Info (12134): Parameter "lpm_hint" = "UNUSED"
    Info (12134): Parameter "lpm_type" = "altsyncram"
Info (12021): Found 1 design units, including 1 entities, in source file db/altsyncram_s524.tdf
    Info (12023): Found entity 1: altsyncram_s524 File: /home/griznu1_/Nextcloud/ERR/UNI/5semestre/digitales/2proyecto/codigo/db/altsyncram_s524.tdf Line: 28
Info (12128): Elaborating entity "altsyncram_s524" for hierarchy "VGA:IMAGE_CONTROL|pixel_generate:COLOR_BLOCK|pokemon_sel:PK_SEL|GARCHOMP_ROM:GARCHOMP_SP|altsyncram:altsyncram_component|altsyncram_s524:auto_generated" File: /opt/intelFPGA/25.1/quartus/libraries/megafunctions/altsyncram.tdf Line: 792
Info (12128): Elaborating entity "FLAREON_ROM" for hierarchy "VGA:IMAGE_CONTROL|pixel_generate:COLOR_BLOCK|pokemon_sel:PK_SEL|FLAREON_ROM:FLAREON_SP" File: /home/griznu1_/Nextcloud/ERR/UNI/5semestre/digitales/2proyecto/codigo/pokemon_sel.vhd Line: 502
Info (12128): Elaborating entity "altsyncram" for hierarchy "VGA:IMAGE_CONTROL|pixel_generate:COLOR_BLOCK|pokemon_sel:PK_SEL|FLAREON_ROM:FLAREON_SP|altsyncram:altsyncram_component" File: /home/griznu1_/Nextcloud/ERR/UNI/5semestre/digitales/2proyecto/codigo/FLAREON_ROM.vhd Line: 70
Info (12130): Elaborated megafunction instantiation "VGA:IMAGE_CONTROL|pixel_generate:COLOR_BLOCK|pokemon_sel:PK_SEL|FLAREON_ROM:FLAREON_SP|altsyncram:altsyncram_component" File: /home/griznu1_/Nextcloud/ERR/UNI/5semestre/digitales/2proyecto/codigo/FLAREON_ROM.vhd Line: 70
Info (12133): Instantiated megafunction "VGA:IMAGE_CONTROL|pixel_generate:COLOR_BLOCK|pokemon_sel:PK_SEL|FLAREON_ROM:FLAREON_SP|altsyncram:altsyncram_component" with the following parameter: File: /home/griznu1_/Nextcloud/ERR/UNI/5semestre/digitales/2proyecto/codigo/FLAREON_ROM.vhd Line: 70
    Info (12134): Parameter "address_aclr_a" = "UNUSED"
    Info (12134): Parameter "address_aclr_b" = "NONE"
    Info (12134): Parameter "address_reg_b" = "CLOCK0"
    Info (12134): Parameter "byte_size" = "8"
    Info (12134): Parameter "byteena_aclr_a" = "UNUSED"
    Info (12134): Parameter "byteena_aclr_b" = "NONE"
    Info (12134): Parameter "byteena_reg_b" = "CLOCK1"
    Info (12134): Parameter "clock_enable_core_a" = "USE_INPUT_CLKEN"
    Info (12134): Parameter "clock_enable_core_b" = "USE_INPUT_CLKEN"
    Info (12134): Parameter "clock_enable_input_a" = "BYPASS"
    Info (12134): Parameter "clock_enable_input_b" = "BYPASS"
    Info (12134): Parameter "clock_enable_output_a" = "BYPASS"
    Info (12134): Parameter "clock_enable_output_b" = "BYPASS"
    Info (12134): Parameter "intended_device_family" = "Cyclone V"
    Info (12134): Parameter "ecc_pipeline_stage_enabled" = "FALSE"
    Info (12134): Parameter "enable_ecc" = "FALSE"
    Info (12134): Parameter "implement_in_les" = "OFF"
    Info (12134): Parameter "indata_aclr_a" = "UNUSED"
    Info (12134): Parameter "indata_aclr_b" = "NONE"
    Info (12134): Parameter "indata_reg_b" = "CLOCK0"
    Info (12134): Parameter "init_file" = "../sprite_mifs/flareon.mif"
    Info (12134): Parameter "init_file_layout" = "PORT_A"
    Info (12134): Parameter "maximum_depth" = "0"
    Info (12134): Parameter "numwords_a" = "4096"
    Info (12134): Parameter "numwords_b" = "4096"
    Info (12134): Parameter "operation_mode" = "BIDIR_DUAL_PORT"
    Info (12134): Parameter "outdata_aclr_a" = "NONE"
    Info (12134): Parameter "outdata_aclr_b" = "NONE"
    Info (12134): Parameter "outdata_reg_a" = "CLOCK0"
    Info (12134): Parameter "outdata_reg_b" = "CLOCK0"
    Info (12134): Parameter "power_up_uninitialized" = "FALSE"
    Info (12134): Parameter "ram_block_type" = "AUTO"
    Info (12134): Parameter "rdcontrol_aclr_b" = "NONE"
    Info (12134): Parameter "rdcontrol_reg_b" = "CLOCK1"
    Info (12134): Parameter "read_during_write_mode_mixed_ports" = "DONT_CARE"
    Info (12134): Parameter "read_during_write_mode_port_a" = "NEW_DATA_NO_NBE_READ"
    Info (12134): Parameter "read_during_write_mode_port_b" = "NEW_DATA_NO_NBE_READ"
    Info (12134): Parameter "stratixiv_m144k_allow_dual_clocks" = "ON"
    Info (12134): Parameter "width_a" = "16"
    Info (12134): Parameter "width_b" = "16"
    Info (12134): Parameter "width_byteena_a" = "1"
    Info (12134): Parameter "width_byteena_b" = "1"
    Info (12134): Parameter "width_eccstatus" = "3"
    Info (12134): Parameter "widthad_a" = "12"
    Info (12134): Parameter "widthad_b" = "12"
    Info (12134): Parameter "wrcontrol_aclr_a" = "UNUSED"
    Info (12134): Parameter "wrcontrol_aclr_b" = "NONE"
    Info (12134): Parameter "wrcontrol_wraddress_reg_b" = "CLOCK0"
    Info (12134): Parameter "lpm_hint" = "UNUSED"
    Info (12134): Parameter "lpm_type" = "altsyncram"
Info (12021): Found 1 design units, including 1 entities, in source file db/altsyncram_i224.tdf
    Info (12023): Found entity 1: altsyncram_i224 File: /home/griznu1_/Nextcloud/ERR/UNI/5semestre/digitales/2proyecto/codigo/db/altsyncram_i224.tdf Line: 28
Info (12128): Elaborating entity "altsyncram_i224" for hierarchy "VGA:IMAGE_CONTROL|pixel_generate:COLOR_BLOCK|pokemon_sel:PK_SEL|FLAREON_ROM:FLAREON_SP|altsyncram:altsyncram_component|altsyncram_i224:auto_generated" File: /opt/intelFPGA/25.1/quartus/libraries/megafunctions/altsyncram.tdf Line: 792
Info (12128): Elaborating entity "CHARIZARD_ROM" for hierarchy "VGA:IMAGE_CONTROL|pixel_generate:COLOR_BLOCK|pokemon_sel:PK_SEL|CHARIZARD_ROM:CHARIZARD_SP" File: /home/griznu1_/Nextcloud/ERR/UNI/5semestre/digitales/2proyecto/codigo/pokemon_sel.vhd Line: 511
Info (12128): Elaborating entity "altsyncram" for hierarchy "VGA:IMAGE_CONTROL|pixel_generate:COLOR_BLOCK|pokemon_sel:PK_SEL|CHARIZARD_ROM:CHARIZARD_SP|altsyncram:altsyncram_component" File: /home/griznu1_/Nextcloud/ERR/UNI/5semestre/digitales/2proyecto/codigo/CHARIZARD_ROM.vhd Line: 70
Info (12130): Elaborated megafunction instantiation "VGA:IMAGE_CONTROL|pixel_generate:COLOR_BLOCK|pokemon_sel:PK_SEL|CHARIZARD_ROM:CHARIZARD_SP|altsyncram:altsyncram_component" File: /home/griznu1_/Nextcloud/ERR/UNI/5semestre/digitales/2proyecto/codigo/CHARIZARD_ROM.vhd Line: 70
Info (12133): Instantiated megafunction "VGA:IMAGE_CONTROL|pixel_generate:COLOR_BLOCK|pokemon_sel:PK_SEL|CHARIZARD_ROM:CHARIZARD_SP|altsyncram:altsyncram_component" with the following parameter: File: /home/griznu1_/Nextcloud/ERR/UNI/5semestre/digitales/2proyecto/codigo/CHARIZARD_ROM.vhd Line: 70
    Info (12134): Parameter "address_aclr_a" = "UNUSED"
    Info (12134): Parameter "address_aclr_b" = "NONE"
    Info (12134): Parameter "address_reg_b" = "CLOCK0"
    Info (12134): Parameter "byte_size" = "8"
    Info (12134): Parameter "byteena_aclr_a" = "UNUSED"
    Info (12134): Parameter "byteena_aclr_b" = "NONE"
    Info (12134): Parameter "byteena_reg_b" = "CLOCK1"
    Info (12134): Parameter "clock_enable_core_a" = "USE_INPUT_CLKEN"
    Info (12134): Parameter "clock_enable_core_b" = "USE_INPUT_CLKEN"
    Info (12134): Parameter "clock_enable_input_a" = "BYPASS"
    Info (12134): Parameter "clock_enable_input_b" = "BYPASS"
    Info (12134): Parameter "clock_enable_output_a" = "BYPASS"
    Info (12134): Parameter "clock_enable_output_b" = "BYPASS"
    Info (12134): Parameter "intended_device_family" = "Cyclone V"
    Info (12134): Parameter "ecc_pipeline_stage_enabled" = "FALSE"
    Info (12134): Parameter "enable_ecc" = "FALSE"
    Info (12134): Parameter "implement_in_les" = "OFF"
    Info (12134): Parameter "indata_aclr_a" = "UNUSED"
    Info (12134): Parameter "indata_aclr_b" = "NONE"
    Info (12134): Parameter "indata_reg_b" = "CLOCK0"
    Info (12134): Parameter "init_file" = "../sprite_mifs/charizard.mif"
    Info (12134): Parameter "init_file_layout" = "PORT_A"
    Info (12134): Parameter "maximum_depth" = "0"
    Info (12134): Parameter "numwords_a" = "4096"
    Info (12134): Parameter "numwords_b" = "4096"
    Info (12134): Parameter "operation_mode" = "BIDIR_DUAL_PORT"
    Info (12134): Parameter "outdata_aclr_a" = "NONE"
    Info (12134): Parameter "outdata_aclr_b" = "NONE"
    Info (12134): Parameter "outdata_reg_a" = "CLOCK0"
    Info (12134): Parameter "outdata_reg_b" = "CLOCK0"
    Info (12134): Parameter "power_up_uninitialized" = "FALSE"
    Info (12134): Parameter "ram_block_type" = "AUTO"
    Info (12134): Parameter "rdcontrol_aclr_b" = "NONE"
    Info (12134): Parameter "rdcontrol_reg_b" = "CLOCK1"
    Info (12134): Parameter "read_during_write_mode_mixed_ports" = "DONT_CARE"
    Info (12134): Parameter "read_during_write_mode_port_a" = "NEW_DATA_NO_NBE_READ"
    Info (12134): Parameter "read_during_write_mode_port_b" = "NEW_DATA_NO_NBE_READ"
    Info (12134): Parameter "stratixiv_m144k_allow_dual_clocks" = "ON"
    Info (12134): Parameter "width_a" = "16"
    Info (12134): Parameter "width_b" = "16"
    Info (12134): Parameter "width_byteena_a" = "1"
    Info (12134): Parameter "width_byteena_b" = "1"
    Info (12134): Parameter "width_eccstatus" = "3"
    Info (12134): Parameter "widthad_a" = "12"
    Info (12134): Parameter "widthad_b" = "12"
    Info (12134): Parameter "wrcontrol_aclr_a" = "UNUSED"
    Info (12134): Parameter "wrcontrol_aclr_b" = "NONE"
    Info (12134): Parameter "wrcontrol_wraddress_reg_b" = "CLOCK0"
    Info (12134): Parameter "lpm_hint" = "UNUSED"
    Info (12134): Parameter "lpm_type" = "altsyncram"
Info (12021): Found 1 design units, including 1 entities, in source file db/altsyncram_3924.tdf
    Info (12023): Found entity 1: altsyncram_3924 File: /home/griznu1_/Nextcloud/ERR/UNI/5semestre/digitales/2proyecto/codigo/db/altsyncram_3924.tdf Line: 28
Info (12128): Elaborating entity "altsyncram_3924" for hierarchy "VGA:IMAGE_CONTROL|pixel_generate:COLOR_BLOCK|pokemon_sel:PK_SEL|CHARIZARD_ROM:CHARIZARD_SP|altsyncram:altsyncram_component|altsyncram_3924:auto_generated" File: /opt/intelFPGA/25.1/quartus/libraries/megafunctions/altsyncram.tdf Line: 792
Info (12128): Elaborating entity "RANDOM_ROM" for hierarchy "VGA:IMAGE_CONTROL|pixel_generate:COLOR_BLOCK|pokemon_sel:PK_SEL|RANDOM_ROM:RANDOM_SP" File: /home/griznu1_/Nextcloud/ERR/UNI/5semestre/digitales/2proyecto/codigo/pokemon_sel.vhd Line: 520
Info (12128): Elaborating entity "altsyncram" for hierarchy "VGA:IMAGE_CONTROL|pixel_generate:COLOR_BLOCK|pokemon_sel:PK_SEL|RANDOM_ROM:RANDOM_SP|altsyncram:altsyncram_component" File: /home/griznu1_/Nextcloud/ERR/UNI/5semestre/digitales/2proyecto/codigo/RANDOM_ROM.vhd Line: 70
Info (12130): Elaborated megafunction instantiation "VGA:IMAGE_CONTROL|pixel_generate:COLOR_BLOCK|pokemon_sel:PK_SEL|RANDOM_ROM:RANDOM_SP|altsyncram:altsyncram_component" File: /home/griznu1_/Nextcloud/ERR/UNI/5semestre/digitales/2proyecto/codigo/RANDOM_ROM.vhd Line: 70
Info (12133): Instantiated megafunction "VGA:IMAGE_CONTROL|pixel_generate:COLOR_BLOCK|pokemon_sel:PK_SEL|RANDOM_ROM:RANDOM_SP|altsyncram:altsyncram_component" with the following parameter: File: /home/griznu1_/Nextcloud/ERR/UNI/5semestre/digitales/2proyecto/codigo/RANDOM_ROM.vhd Line: 70
    Info (12134): Parameter "address_aclr_a" = "UNUSED"
    Info (12134): Parameter "address_aclr_b" = "NONE"
    Info (12134): Parameter "address_reg_b" = "CLOCK0"
    Info (12134): Parameter "byte_size" = "8"
    Info (12134): Parameter "byteena_aclr_a" = "UNUSED"
    Info (12134): Parameter "byteena_aclr_b" = "NONE"
    Info (12134): Parameter "byteena_reg_b" = "CLOCK1"
    Info (12134): Parameter "clock_enable_core_a" = "USE_INPUT_CLKEN"
    Info (12134): Parameter "clock_enable_core_b" = "USE_INPUT_CLKEN"
    Info (12134): Parameter "clock_enable_input_a" = "BYPASS"
    Info (12134): Parameter "clock_enable_input_b" = "BYPASS"
    Info (12134): Parameter "clock_enable_output_a" = "BYPASS"
    Info (12134): Parameter "clock_enable_output_b" = "BYPASS"
    Info (12134): Parameter "intended_device_family" = "Cyclone V"
    Info (12134): Parameter "ecc_pipeline_stage_enabled" = "FALSE"
    Info (12134): Parameter "enable_ecc" = "FALSE"
    Info (12134): Parameter "implement_in_les" = "OFF"
    Info (12134): Parameter "indata_aclr_a" = "UNUSED"
    Info (12134): Parameter "indata_aclr_b" = "NONE"
    Info (12134): Parameter "indata_reg_b" = "CLOCK0"
    Info (12134): Parameter "init_file" = "../sprite_mifs/random.mif"
    Info (12134): Parameter "init_file_layout" = "PORT_A"
    Info (12134): Parameter "maximum_depth" = "0"
    Info (12134): Parameter "numwords_a" = "4096"
    Info (12134): Parameter "numwords_b" = "4096"
    Info (12134): Parameter "operation_mode" = "BIDIR_DUAL_PORT"
    Info (12134): Parameter "outdata_aclr_a" = "NONE"
    Info (12134): Parameter "outdata_aclr_b" = "NONE"
    Info (12134): Parameter "outdata_reg_a" = "CLOCK0"
    Info (12134): Parameter "outdata_reg_b" = "CLOCK0"
    Info (12134): Parameter "power_up_uninitialized" = "FALSE"
    Info (12134): Parameter "ram_block_type" = "AUTO"
    Info (12134): Parameter "rdcontrol_aclr_b" = "NONE"
    Info (12134): Parameter "rdcontrol_reg_b" = "CLOCK1"
    Info (12134): Parameter "read_during_write_mode_mixed_ports" = "DONT_CARE"
    Info (12134): Parameter "read_during_write_mode_port_a" = "NEW_DATA_NO_NBE_READ"
    Info (12134): Parameter "read_during_write_mode_port_b" = "NEW_DATA_NO_NBE_READ"
    Info (12134): Parameter "stratixiv_m144k_allow_dual_clocks" = "ON"
    Info (12134): Parameter "width_a" = "16"
    Info (12134): Parameter "width_b" = "16"
    Info (12134): Parameter "width_byteena_a" = "1"
    Info (12134): Parameter "width_byteena_b" = "1"
    Info (12134): Parameter "width_eccstatus" = "3"
    Info (12134): Parameter "widthad_a" = "12"
    Info (12134): Parameter "widthad_b" = "12"
    Info (12134): Parameter "wrcontrol_aclr_a" = "UNUSED"
    Info (12134): Parameter "wrcontrol_aclr_b" = "NONE"
    Info (12134): Parameter "wrcontrol_wraddress_reg_b" = "CLOCK0"
    Info (12134): Parameter "lpm_hint" = "UNUSED"
    Info (12134): Parameter "lpm_type" = "altsyncram"
Info (12021): Found 1 design units, including 1 entities, in source file db/altsyncram_cv14.tdf
    Info (12023): Found entity 1: altsyncram_cv14 File: /home/griznu1_/Nextcloud/ERR/UNI/5semestre/digitales/2proyecto/codigo/db/altsyncram_cv14.tdf Line: 28
Info (12128): Elaborating entity "altsyncram_cv14" for hierarchy "VGA:IMAGE_CONTROL|pixel_generate:COLOR_BLOCK|pokemon_sel:PK_SEL|RANDOM_ROM:RANDOM_SP|altsyncram:altsyncram_component|altsyncram_cv14:auto_generated" File: /opt/intelFPGA/25.1/quartus/libraries/megafunctions/altsyncram.tdf Line: 792
Info (12128): Elaborating entity "BACKGROUND_ROM" for hierarchy "VGA:IMAGE_CONTROL|pixel_generate:COLOR_BLOCK|BACKGROUND_ROM:BACKGROUND_SP" File: /home/griznu1_/Nextcloud/ERR/UNI/5semestre/digitales/2proyecto/codigo/pixel_generate.vhd Line: 87
Info (12128): Elaborating entity "altsyncram" for hierarchy "VGA:IMAGE_CONTROL|pixel_generate:COLOR_BLOCK|BACKGROUND_ROM:BACKGROUND_SP|altsyncram:altsyncram_component" File: /home/griznu1_/Nextcloud/ERR/UNI/5semestre/digitales/2proyecto/codigo/BACKGROUND_ROM.vhd Line: 60
Info (12130): Elaborated megafunction instantiation "VGA:IMAGE_CONTROL|pixel_generate:COLOR_BLOCK|BACKGROUND_ROM:BACKGROUND_SP|altsyncram:altsyncram_component" File: /home/griznu1_/Nextcloud/ERR/UNI/5semestre/digitales/2proyecto/codigo/BACKGROUND_ROM.vhd Line: 60
Info (12133): Instantiated megafunction "VGA:IMAGE_CONTROL|pixel_generate:COLOR_BLOCK|BACKGROUND_ROM:BACKGROUND_SP|altsyncram:altsyncram_component" with the following parameter: File: /home/griznu1_/Nextcloud/ERR/UNI/5semestre/digitales/2proyecto/codigo/BACKGROUND_ROM.vhd Line: 60
    Info (12134): Parameter "address_aclr_a" = "NONE"
    Info (12134): Parameter "address_aclr_b" = "NONE"
    Info (12134): Parameter "address_reg_b" = "CLOCK1"
    Info (12134): Parameter "byte_size" = "8"
    Info (12134): Parameter "byteena_aclr_a" = "UNUSED"
    Info (12134): Parameter "byteena_aclr_b" = "NONE"
    Info (12134): Parameter "byteena_reg_b" = "CLOCK1"
    Info (12134): Parameter "clock_enable_core_a" = "USE_INPUT_CLKEN"
    Info (12134): Parameter "clock_enable_core_b" = "USE_INPUT_CLKEN"
    Info (12134): Parameter "clock_enable_input_a" = "BYPASS"
    Info (12134): Parameter "clock_enable_input_b" = "NORMAL"
    Info (12134): Parameter "clock_enable_output_a" = "BYPASS"
    Info (12134): Parameter "clock_enable_output_b" = "NORMAL"
    Info (12134): Parameter "intended_device_family" = "Cyclone V"
    Info (12134): Parameter "ecc_pipeline_stage_enabled" = "FALSE"
    Info (12134): Parameter "enable_ecc" = "FALSE"
    Info (12134): Parameter "implement_in_les" = "OFF"
    Info (12134): Parameter "indata_aclr_a" = "UNUSED"
    Info (12134): Parameter "indata_aclr_b" = "NONE"
    Info (12134): Parameter "indata_reg_b" = "CLOCK1"
    Info (12134): Parameter "init_file" = "../sprite_mifs/background.mif"
    Info (12134): Parameter "init_file_layout" = "PORT_A"
    Info (12134): Parameter "maximum_depth" = "0"
    Info (12134): Parameter "numwords_a" = "32768"
    Info (12134): Parameter "numwords_b" = "0"
    Info (12134): Parameter "operation_mode" = "ROM"
    Info (12134): Parameter "outdata_aclr_a" = "NONE"
    Info (12134): Parameter "outdata_aclr_b" = "NONE"
    Info (12134): Parameter "outdata_reg_a" = "CLOCK0"
    Info (12134): Parameter "outdata_reg_b" = "UNREGISTERED"
    Info (12134): Parameter "power_up_uninitialized" = "FALSE"
    Info (12134): Parameter "ram_block_type" = "AUTO"
    Info (12134): Parameter "rdcontrol_aclr_b" = "NONE"
    Info (12134): Parameter "rdcontrol_reg_b" = "CLOCK1"
    Info (12134): Parameter "read_during_write_mode_mixed_ports" = "DONT_CARE"
    Info (12134): Parameter "read_during_write_mode_port_a" = "NEW_DATA_NO_NBE_READ"
    Info (12134): Parameter "read_during_write_mode_port_b" = "NEW_DATA_NO_NBE_READ"
    Info (12134): Parameter "stratixiv_m144k_allow_dual_clocks" = "ON"
    Info (12134): Parameter "width_a" = "16"
    Info (12134): Parameter "width_b" = "1"
    Info (12134): Parameter "width_byteena_a" = "1"
    Info (12134): Parameter "width_byteena_b" = "1"
    Info (12134): Parameter "width_eccstatus" = "3"
    Info (12134): Parameter "widthad_a" = "15"
    Info (12134): Parameter "widthad_b" = "1"
    Info (12134): Parameter "wrcontrol_aclr_a" = "UNUSED"
    Info (12134): Parameter "wrcontrol_aclr_b" = "NONE"
    Info (12134): Parameter "wrcontrol_wraddress_reg_b" = "CLOCK1"
    Info (12134): Parameter "lpm_hint" = "ENABLE_RUNTIME_MOD=NO"
    Info (12134): Parameter "lpm_type" = "altsyncram"
Info (12021): Found 1 design units, including 1 entities, in source file db/altsyncram_cb34.tdf
    Info (12023): Found entity 1: altsyncram_cb34 File: /home/griznu1_/Nextcloud/ERR/UNI/5semestre/digitales/2proyecto/codigo/db/altsyncram_cb34.tdf Line: 32
Info (12128): Elaborating entity "altsyncram_cb34" for hierarchy "VGA:IMAGE_CONTROL|pixel_generate:COLOR_BLOCK|BACKGROUND_ROM:BACKGROUND_SP|altsyncram:altsyncram_component|altsyncram_cb34:auto_generated" File: /opt/intelFPGA/25.1/quartus/libraries/megafunctions/altsyncram.tdf Line: 792
Info (12021): Found 1 design units, including 1 entities, in source file db/decode_11a.tdf
    Info (12023): Found entity 1: decode_11a File: /home/griznu1_/Nextcloud/ERR/UNI/5semestre/digitales/2proyecto/codigo/db/decode_11a.tdf Line: 23
Info (12128): Elaborating entity "decode_11a" for hierarchy "VGA:IMAGE_CONTROL|pixel_generate:COLOR_BLOCK|BACKGROUND_ROM:BACKGROUND_SP|altsyncram:altsyncram_component|altsyncram_cb34:auto_generated|decode_11a:rden_decode" File: /home/griznu1_/Nextcloud/ERR/UNI/5semestre/digitales/2proyecto/codigo/db/altsyncram_cb34.tdf Line: 41
Info (12021): Found 1 design units, including 1 entities, in source file db/mux_7hb.tdf
    Info (12023): Found entity 1: mux_7hb File: /home/griznu1_/Nextcloud/ERR/UNI/5semestre/digitales/2proyecto/codigo/db/mux_7hb.tdf Line: 23
Info (12128): Elaborating entity "mux_7hb" for hierarchy "VGA:IMAGE_CONTROL|pixel_generate:COLOR_BLOCK|BACKGROUND_ROM:BACKGROUND_SP|altsyncram:altsyncram_component|altsyncram_cb34:auto_generated|mux_7hb:mux2" File: /home/griznu1_/Nextcloud/ERR/UNI/5semestre/digitales/2proyecto/codigo/db/altsyncram_cb34.tdf Line: 42
Info (12128): Elaborating entity "battle_engine" for hierarchy "battle_engine:GAME_CONTROL" File: /home/griznu1_/Nextcloud/ERR/UNI/5semestre/digitales/2proyecto/codigo/POKEMON.vhd Line: 66
Info (12128): Elaborating entity "bitn_fullAdder" for hierarchy "battle_engine:GAME_CONTROL|bitn_fullAdder:PK0_CURSOR_SUM" File: /home/griznu1_/Nextcloud/ERR/UNI/5semestre/digitales/2proyecto/codigo/battle_engine.vhd Line: 92
Info (278001): Inferred 2 megafunctions from design logic
    Info (278004): Inferred divider/modulo megafunction ("lpm_divide") from the following logic: "VGA:IMAGE_CONTROL|pixel_generate:COLOR_BLOCK|Div0" File: /home/griznu1_/Nextcloud/ERR/UNI/5semestre/digitales/2proyecto/codigo/pixel_generate.vhd Line: 107
    Info (278004): Inferred divider/modulo megafunction ("lpm_divide") from the following logic: "VGA:IMAGE_CONTROL|pixel_generate:COLOR_BLOCK|Div1" File: /home/griznu1_/Nextcloud/ERR/UNI/5semestre/digitales/2proyecto/codigo/pixel_generate.vhd Line: 108
Info (12130): Elaborated megafunction instantiation "VGA:IMAGE_CONTROL|pixel_generate:COLOR_BLOCK|lpm_divide:Div0" File: /home/griznu1_/Nextcloud/ERR/UNI/5semestre/digitales/2proyecto/codigo/pixel_generate.vhd Line: 107
Info (12133): Instantiated megafunction "VGA:IMAGE_CONTROL|pixel_generate:COLOR_BLOCK|lpm_divide:Div0" with the following parameter: File: /home/griznu1_/Nextcloud/ERR/UNI/5semestre/digitales/2proyecto/codigo/pixel_generate.vhd Line: 107
    Info (12134): Parameter "LPM_WIDTHN" = "32"
    Info (12134): Parameter "LPM_WIDTHD" = "4"
    Info (12134): Parameter "LPM_NREPRESENTATION" = "SIGNED"
    Info (12134): Parameter "LPM_DREPRESENTATION" = "SIGNED"
    Info (12134): Parameter "LPM_HINT" = "LPM_REMAINDERPOSITIVE=FALSE"
Info (12021): Found 1 design units, including 1 entities, in source file db/lpm_divide_apo.tdf
    Info (12023): Found entity 1: lpm_divide_apo File: /home/griznu1_/Nextcloud/ERR/UNI/5semestre/digitales/2proyecto/codigo/db/lpm_divide_apo.tdf Line: 25
Info (12021): Found 1 design units, including 1 entities, in source file db/abs_divider_jbg.tdf
    Info (12023): Found entity 1: abs_divider_jbg File: /home/griznu1_/Nextcloud/ERR/UNI/5semestre/digitales/2proyecto/codigo/db/abs_divider_jbg.tdf Line: 29
Info (12021): Found 1 design units, including 1 entities, in source file db/alt_u_div_mve.tdf
    Info (12023): Found entity 1: alt_u_div_mve File: /home/griznu1_/Nextcloud/ERR/UNI/5semestre/digitales/2proyecto/codigo/db/alt_u_div_mve.tdf Line: 23
Info (12021): Found 1 design units, including 1 entities, in source file db/lpm_abs_jn9.tdf
    Info (12023): Found entity 1: lpm_abs_jn9 File: /home/griznu1_/Nextcloud/ERR/UNI/5semestre/digitales/2proyecto/codigo/db/lpm_abs_jn9.tdf Line: 23
Info (12021): Found 1 design units, including 1 entities, in source file db/lpm_abs_4p9.tdf
    Info (12023): Found entity 1: lpm_abs_4p9 File: /home/griznu1_/Nextcloud/ERR/UNI/5semestre/digitales/2proyecto/codigo/db/lpm_abs_4p9.tdf Line: 23
Info (12130): Elaborated megafunction instantiation "VGA:IMAGE_CONTROL|pixel_generate:COLOR_BLOCK|lpm_divide:Div1" File: /home/griznu1_/Nextcloud/ERR/UNI/5semestre/digitales/2proyecto/codigo/pixel_generate.vhd Line: 108
Info (12133): Instantiated megafunction "VGA:IMAGE_CONTROL|pixel_generate:COLOR_BLOCK|lpm_divide:Div1" with the following parameter: File: /home/griznu1_/Nextcloud/ERR/UNI/5semestre/digitales/2proyecto/codigo/pixel_generate.vhd Line: 108
    Info (12134): Parameter "LPM_WIDTHN" = "32"
    Info (12134): Parameter "LPM_WIDTHD" = "4"
    Info (12134): Parameter "LPM_NREPRESENTATION" = "SIGNED"
    Info (12134): Parameter "LPM_DREPRESENTATION" = "SIGNED"
    Info (12134): Parameter "LPM_HINT" = "LPM_REMAINDERPOSITIVE=FALSE"
Warning (13024): Output pins are stuck at VCC or GND
    Warning (13410): Pin "R_VGA[0]" is stuck at GND File: /home/griznu1_/Nextcloud/ERR/UNI/5semestre/digitales/2proyecto/codigo/POKEMON.vhd Line: 21
    Warning (13410): Pin "R_VGA[1]" is stuck at GND File: /home/griznu1_/Nextcloud/ERR/UNI/5semestre/digitales/2proyecto/codigo/POKEMON.vhd Line: 21
    Warning (13410): Pin "R_VGA[2]" is stuck at GND File: /home/griznu1_/Nextcloud/ERR/UNI/5semestre/digitales/2proyecto/codigo/POKEMON.vhd Line: 21
    Warning (13410): Pin "G_VGA[0]" is stuck at GND File: /home/griznu1_/Nextcloud/ERR/UNI/5semestre/digitales/2proyecto/codigo/POKEMON.vhd Line: 22
    Warning (13410): Pin "G_VGA[1]" is stuck at GND File: /home/griznu1_/Nextcloud/ERR/UNI/5semestre/digitales/2proyecto/codigo/POKEMON.vhd Line: 22
    Warning (13410): Pin "B_VGA[0]" is stuck at GND File: /home/griznu1_/Nextcloud/ERR/UNI/5semestre/digitales/2proyecto/codigo/POKEMON.vhd Line: 23
    Warning (13410): Pin "B_VGA[1]" is stuck at GND File: /home/griznu1_/Nextcloud/ERR/UNI/5semestre/digitales/2proyecto/codigo/POKEMON.vhd Line: 23
    Warning (13410): Pin "B_VGA[2]" is stuck at GND File: /home/griznu1_/Nextcloud/ERR/UNI/5semestre/digitales/2proyecto/codigo/POKEMON.vhd Line: 23
Info (286030): Timing-Driven Synthesis is running
Info (17049): 28 registers lost all their fanouts during netlist optimizations.
Info (16010): Generating hard_block partition "hard_block:auto_generated_inst"
    Info (16011): Adding 7 node(s), including 0 DDIO, 1 PLL, 0 transceiver and 0 LCELL
Info (21057): Implemented 2106 device resources after synthesis - the final resource count might be different
    Info (21058): Implemented 5 input pins
    Info (21059): Implemented 29 output pins
    Info (21061): Implemented 1831 logic cells
    Info (21064): Implemented 240 RAM segments
    Info (21065): Implemented 1 PLLs
Info: Quartus Prime Analysis & Synthesis was successful. 0 errors, 10 warnings
    Info: Peak virtual memory: 582 megabytes
    Info: Processing ended: Tue Jun  2 18:17:09 2026
    Info: Elapsed time: 00:00:13
    Info: Total CPU time (on all processors): 00:00:28


